USE kelompok2;

-- =====================================
-- DUMMY DATA GENERATE FOR FLOOD WARNING
-- =====================================
-- 1. Data Zona
INSERT INTO river_zones (id, nama_kota) VALUES (1, 'Jakarta Timur');
INSERT INTO river_zones (id, nama_kota) VALUES (2, 'Jakarta Selatan');
INSERT INTO river_zones (id, nama_kota) VALUES (3, 'Bogor');
INSERT INTO river_zones (id, nama_kota) VALUES (4, 'Depok');
INSERT INTO river_zones (id, nama_kota) VALUES (5, 'Tangerang');

-- 2. Data Sungai
INSERT INTO river_sungai (id, zoneId, lokasiSungai) VALUES (1, 1, 'Sungai Ciliwung');
INSERT INTO river_sungai (id, zoneId, lokasiSungai) VALUES (2, 2, 'Sungai Pesanggrahan');
INSERT INTO river_sungai (id, zoneId, lokasiSungai) VALUES (3, 3, 'Sungai Cisadane');
INSERT INTO river_sungai (id, zoneId, lokasiSungai) VALUES (4, 4, 'Sungai Cikeas');
INSERT INTO river_sungai (id, zoneId, lokasiSungai) VALUES (5, 5, 'Sungai Sunter');

-- 3. Data Sensor Node
INSERT INTO river_sensorNode (id, idSungai, idStation, namaNode, posisi, elevasi) VALUES (1, 1, 101, 'Node Hulu Ciliwung', 'hulu', 7.2);
INSERT INTO river_sensorNode (id, idSungai, idStation, namaNode, posisi, elevasi) VALUES (2, 1, 102, 'Node Hilir Ciliwung', 'hilir', 14.6);
INSERT INTO river_sensorNode (id, idSungai, idStation, namaNode, posisi, elevasi) VALUES (3, 2, 103, 'Node Hulu Pesanggrahan', 'hulu', 4.3);
INSERT INTO river_sensorNode (id, idSungai, idStation, namaNode, posisi, elevasi) VALUES (4, 2, 104, 'Node Hilir Pesanggrahan', 'hilir', 11.6);
INSERT INTO river_sensorNode (id, idSungai, idStation, namaNode, posisi, elevasi) VALUES (5, 3, 105, 'Node Hulu Cisadane', 'hulu', 9.7);
INSERT INTO river_sensorNode (id, idSungai, idStation, namaNode, posisi, elevasi) VALUES (6, 3, 106, 'Node Hilir Cisadane', 'hilir', 12.3);
INSERT INTO river_sensorNode (id, idSungai, idStation, namaNode, posisi, elevasi) VALUES (7, 4, 107, 'Node Hulu Cikeas', 'hulu', 9.7);
INSERT INTO river_sensorNode (id, idSungai, idStation, namaNode, posisi, elevasi) VALUES (8, 4, 108, 'Node Hilir Cikeas', 'hilir', 13.3);
INSERT INTO river_sensorNode (id, idSungai, idStation, namaNode, posisi, elevasi) VALUES (9, 5, 109, 'Node Hulu Sunter', 'hulu', 12.9);
INSERT INTO river_sensorNode (id, idSungai, idStation, namaNode, posisi, elevasi) VALUES (10, 5, 110, 'Node Hilir Sunter', 'hilir', 6.7);

-- 4. Data Pengguna
INSERT INTO user_user (id, username, email, password, role, provider, waktuDibuat) VALUES (1, 'dinaputra', 'dinaputra@kelompok2.com', '$2y$10$dummyhashpassword12345678', 'admin', 'local', '2026-06-01 08:33:50.880903);
INSERT INTO user_user (id, username, email, password, role, provider, waktuDibuat) VALUES (2, 'ayukusuma', 'ayukusuma@kelompok2.com', '$2y$10$dummyhashpassword12345678', 'pengguna', 'google', '2026-06-14 22:33:50.880929);
INSERT INTO user_user (id, username, email, password, role, provider, waktuDibuat) VALUES (3, 'sitiputra', 'sitiputra@kelompok2.com', '$2y$10$dummyhashpassword12345678', 'pengguna', 'google', '2026-05-30 14:33:50.880936);
INSERT INTO user_user (id, username, email, password, role, provider, waktuDibuat) VALUES (4, 'rudiputra', 'rudiputra@kelompok2.com', '$2y$10$dummyhashpassword12345678', 'pengguna', 'google', '2026-06-24 11:33:50.880940);
INSERT INTO user_user (id, username, email, password, role, provider, waktuDibuat) VALUES (5, 'mayalestari', 'mayalestari@kelompok2.com', '$2y$10$dummyhashpassword12345678', 'pengguna', 'google', '2026-06-18 20:33:50.880943);
INSERT INTO user_user (id, username, email, password, role, provider, waktuDibuat) VALUES (6, 'hadikusuma', 'hadikusuma@kelompok2.com', '$2y$10$dummyhashpassword12345678', 'pengguna', 'google', '2026-06-22 15:33:50.880947);
INSERT INTO user_user (id, username, email, password, role, provider, waktuDibuat) VALUES (7, 'rudisantoso', 'rudisantoso@kelompok2.com', '$2y$10$dummyhashpassword12345678', 'pengguna', 'google', '2026-05-30 06:33:50.880950);
INSERT INTO user_user (id, username, email, password, role, provider, waktuDibuat) VALUES (8, 'ekosari', 'ekosari@kelompok2.com', '$2y$10$dummyhashpassword12345678', 'pengguna', 'google', '2026-05-30 07:33:50.880953);
INSERT INTO user_user (id, username, email, password, role, provider, waktuDibuat) VALUES (9, 'mayalestari', 'mayalestari@kelompok2.com', '$2y$10$dummyhashpassword12345678', 'pengguna', 'google', '2026-06-22 04:33:50.880957);
INSERT INTO user_user (id, username, email, password, role, provider, waktuDibuat) VALUES (10, 'aguspratama', 'aguspratama@kelompok2.com', '$2y$10$dummyhashpassword12345678', 'pengguna', 'google', '2026-05-28 17:33:50.880960);
INSERT INTO user_user (id, username, email, password, role, provider, waktuDibuat) VALUES (11, 'mayaputra', 'mayaputra@kelompok2.com', '$2y$10$dummyhashpassword12345678', 'pengguna', 'google', '2026-06-18 12:33:50.880963);
INSERT INTO user_user (id, username, email, password, role, provider, waktuDibuat) VALUES (12, 'mayahidayat', 'mayahidayat@kelompok2.com', '$2y$10$dummyhashpassword12345678', 'pengguna', 'google', '2026-06-16 01:33:50.880966);
INSERT INTO user_user (id, username, email, password, role, provider, waktuDibuat) VALUES (13, 'ekosantoso', 'ekosantoso@kelompok2.com', '$2y$10$dummyhashpassword12345678', 'pengguna', 'google', '2026-06-20 00:33:50.880969);
INSERT INTO user_user (id, username, email, password, role, provider, waktuDibuat) VALUES (14, 'mayakusuma', 'mayakusuma@kelompok2.com', '$2y$10$dummyhashpassword12345678', 'pengguna', 'google', '2026-06-07 22:33:50.880972);
INSERT INTO user_user (id, username, email, password, role, provider, waktuDibuat) VALUES (15, 'ayukusuma', 'ayukusuma@kelompok2.com', '$2y$10$dummyhashpassword12345678', 'pengguna', 'google', '2026-06-04 15:33:50.880975);
INSERT INTO user_user (id, username, email, password, role, provider, waktuDibuat) VALUES (16, 'aguskusuma', 'aguskusuma@kelompok2.com', '$2y$10$dummyhashpassword12345678', 'pengguna', 'google', '2026-06-21 23:33:50.880978);
INSERT INTO user_user (id, username, email, password, role, provider, waktuDibuat) VALUES (17, 'rudikusuma', 'rudikusuma@kelompok2.com', '$2y$10$dummyhashpassword12345678', 'pengguna', 'google', '2026-06-05 21:33:50.880981);
INSERT INTO user_user (id, username, email, password, role, provider, waktuDibuat) VALUES (18, 'rinasari', 'rinasari@kelompok2.com', '$2y$10$dummyhashpassword12345678', 'pengguna', 'google', '2026-06-05 05:33:50.880986);
INSERT INTO user_user (id, username, email, password, role, provider, waktuDibuat) VALUES (19, 'dinakusuma', 'dinakusuma@kelompok2.com', '$2y$10$dummyhashpassword12345678', 'pengguna', 'google', '2026-06-01 07:33:50.880989);
INSERT INTO user_user (id, username, email, password, role, provider, waktuDibuat) VALUES (20, 'budiputra', 'budiputra@kelompok2.com', '$2y$10$dummyhashpassword12345678', 'pengguna', 'google', '2026-06-05 22:33:50.880992);
INSERT INTO user_user (id, username, email, password, role, provider, waktuDibuat) VALUES (21, 'rudilestari', 'rudilestari@kelompok2.com', '$2y$10$dummyhashpassword12345678', 'pengguna', 'google', '2026-06-08 19:33:50.880995);
INSERT INTO user_user (id, username, email, password, role, provider, waktuDibuat) VALUES (22, 'aguskusuma', 'aguskusuma@kelompok2.com', '$2y$10$dummyhashpassword12345678', 'pengguna', 'google', '2026-06-15 03:33:50.880998);
INSERT INTO user_user (id, username, email, password, role, provider, waktuDibuat) VALUES (23, 'ayuwijaya', 'ayuwijaya@kelompok2.com', '$2y$10$dummyhashpassword12345678', 'pengguna', 'google', '2026-05-27 10:33:50.881001);
INSERT INTO user_user (id, username, email, password, role, provider, waktuDibuat) VALUES (24, 'agushidayat', 'agushidayat@kelompok2.com', '$2y$10$dummyhashpassword12345678', 'pengguna', 'google', '2026-05-26 09:33:50.881004);
INSERT INTO user_user (id, username, email, password, role, provider, waktuDibuat) VALUES (25, 'sitilestari', 'sitilestari@kelompok2.com', '$2y$10$dummyhashpassword12345678', 'pengguna', 'google', '2026-06-22 14:33:50.881008);
INSERT INTO user_user (id, username, email, password, role, provider, waktuDibuat) VALUES (26, 'dinapratama', 'dinapratama@kelompok2.com', '$2y$10$dummyhashpassword12345678', 'pengguna', 'google', '2026-06-03 22:33:50.881011);
INSERT INTO user_user (id, username, email, password, role, provider, waktuDibuat) VALUES (27, 'ayuputra', 'ayuputra@kelompok2.com', '$2y$10$dummyhashpassword12345678', 'pengguna', 'google', '2026-06-04 07:33:50.881021);
INSERT INTO user_user (id, username, email, password, role, provider, waktuDibuat) VALUES (28, 'dinakusuma', 'dinakusuma@kelompok2.com', '$2y$10$dummyhashpassword12345678', 'pengguna', 'google', '2026-06-18 09:33:50.881025);
INSERT INTO user_user (id, username, email, password, role, provider, waktuDibuat) VALUES (29, 'mayawijaya', 'mayawijaya@kelompok2.com', '$2y$10$dummyhashpassword12345678', 'pengguna', 'google', '2026-06-14 12:33:50.881028);
INSERT INTO user_user (id, username, email, password, role, provider, waktuDibuat) VALUES (30, 'mayalestari', 'mayalestari@kelompok2.com', '$2y$10$dummyhashpassword12345678', 'pengguna', 'google', '2026-06-22 22:33:50.881031);
INSERT INTO user_user (id, username, email, password, role, provider, waktuDibuat) VALUES (31, 'mayahidayat', 'mayahidayat@kelompok2.com', '$2y$10$dummyhashpassword12345678', 'pengguna', 'google', '2026-05-30 16:33:50.881034);
INSERT INTO user_user (id, username, email, password, role, provider, waktuDibuat) VALUES (32, 'agussantoso', 'agussantoso@kelompok2.com', '$2y$10$dummyhashpassword12345678', 'pengguna', 'google', '2026-06-23 03:33:50.881037);
INSERT INTO user_user (id, username, email, password, role, provider, waktuDibuat) VALUES (33, 'hadiwijaya', 'hadiwijaya@kelompok2.com', '$2y$10$dummyhashpassword12345678', 'pengguna', 'google', '2026-06-06 15:33:50.881040);
INSERT INTO user_user (id, username, email, password, role, provider, waktuDibuat) VALUES (34, 'ayuhidayat', 'ayuhidayat@kelompok2.com', '$2y$10$dummyhashpassword12345678', 'pengguna', 'google', '2026-06-13 02:33:50.881043);
INSERT INTO user_user (id, username, email, password, role, provider, waktuDibuat) VALUES (35, 'mayasantoso', 'mayasantoso@kelompok2.com', '$2y$10$dummyhashpassword12345678', 'pengguna', 'google', '2026-06-01 21:33:50.881046);
INSERT INTO user_user (id, username, email, password, role, provider, waktuDibuat) VALUES (36, 'sitilestari', 'sitilestari@kelompok2.com', '$2y$10$dummyhashpassword12345678', 'pengguna', 'google', '2026-06-17 08:33:50.881049);
INSERT INTO user_user (id, username, email, password, role, provider, waktuDibuat) VALUES (37, 'rinaputra', 'rinaputra@kelompok2.com', '$2y$10$dummyhashpassword12345678', 'pengguna', 'google', '2026-06-22 07:33:50.881052);
INSERT INTO user_user (id, username, email, password, role, provider, waktuDibuat) VALUES (38, 'hadikusuma', 'hadikusuma@kelompok2.com', '$2y$10$dummyhashpassword12345678', 'pengguna', 'google', '2026-06-12 22:33:50.881055);
INSERT INTO user_user (id, username, email, password, role, provider, waktuDibuat) VALUES (39, 'rinapratama', 'rinapratama@kelompok2.com', '$2y$10$dummyhashpassword12345678', 'pengguna', 'google', '2026-06-07 01:33:50.881058);
INSERT INTO user_user (id, username, email, password, role, provider, waktuDibuat) VALUES (40, 'rudisari', 'rudisari@kelompok2.com', '$2y$10$dummyhashpassword12345678', 'pengguna', 'google', '2026-05-28 01:33:50.881061);
INSERT INTO user_user (id, username, email, password, role, provider, waktuDibuat) VALUES (41, 'budikusuma', 'budikusuma@kelompok2.com', '$2y$10$dummyhashpassword12345678', 'pengguna', 'google', '2026-06-08 05:33:50.881064);
INSERT INTO user_user (id, username, email, password, role, provider, waktuDibuat) VALUES (42, 'rudisari', 'rudisari@kelompok2.com', '$2y$10$dummyhashpassword12345678', 'pengguna', 'google', '2026-06-19 11:33:50.881068);
INSERT INTO user_user (id, username, email, password, role, provider, waktuDibuat) VALUES (43, 'mayalestari', 'mayalestari@kelompok2.com', '$2y$10$dummyhashpassword12345678', 'pengguna', 'google', '2026-06-20 23:33:50.881071);
INSERT INTO user_user (id, username, email, password, role, provider, waktuDibuat) VALUES (44, 'ekoputra', 'ekoputra@kelompok2.com', '$2y$10$dummyhashpassword12345678', 'pengguna', 'google', '2026-06-04 06:33:50.881081);
INSERT INTO user_user (id, username, email, password, role, provider, waktuDibuat) VALUES (45, 'ekosari', 'ekosari@kelompok2.com', '$2y$10$dummyhashpassword12345678', 'pengguna', 'google', '2026-05-26 19:33:50.881083);
INSERT INTO user_user (id, username, email, password, role, provider, waktuDibuat) VALUES (46, 'hadisantoso', 'hadisantoso@kelompok2.com', '$2y$10$dummyhashpassword12345678', 'pengguna', 'google', '2026-06-01 22:33:50.881086);
INSERT INTO user_user (id, username, email, password, role, provider, waktuDibuat) VALUES (47, 'aguslestari', 'aguslestari@kelompok2.com', '$2y$10$dummyhashpassword12345678', 'pengguna', 'google', '2026-06-06 16:33:50.881089);
INSERT INTO user_user (id, username, email, password, role, provider, waktuDibuat) VALUES (48, 'hadiwijaya', 'hadiwijaya@kelompok2.com', '$2y$10$dummyhashpassword12345678', 'pengguna', 'google', '2026-06-02 14:33:50.881092);
INSERT INTO user_user (id, username, email, password, role, provider, waktuDibuat) VALUES (49, 'sitilestari', 'sitilestari@kelompok2.com', '$2y$10$dummyhashpassword12345678', 'pengguna', 'google', '2026-06-10 16:33:50.881094);
INSERT INTO user_user (id, username, email, password, role, provider, waktuDibuat) VALUES (50, 'sitisari', 'sitisari@kelompok2.com', '$2y$10$dummyhashpassword12345678', 'pengguna', 'google', '2026-06-14 22:33:50.881097);

-- 5. Data Laporan
INSERT INTO user_laporan (id, idPengguna, deskripsiLaporan, waktuDibuat) VALUES (1, 14, 'Sensor cuaca di jembatan sepertinya rusak, hujan deras tapi di aplikasi terbaca curah hujan 0 mm.', '2026-06-23 14:33:50');
INSERT INTO user_laporan (id, idPengguna, deskripsiLaporan, waktuDibuat) VALUES (2, 48, 'Sensor cuaca di jembatan sepertinya rusak, hujan deras tapi di aplikasi terbaca curah hujan 0 mm.', '2026-06-05 15:33:50');
INSERT INTO user_laporan (id, idPengguna, deskripsiLaporan, waktuDibuat) VALUES (3, 3, 'Akurasi kelembapan tanah dan udara sudah sangat pas dengan kondisi cuaca hari ini.', '2026-06-11 01:33:50');
INSERT INTO user_laporan (id, idPengguna, deskripsiLaporan, waktuDibuat) VALUES (4, 30, 'Sistem AI memprediksi status Normal, namun air selokan sudah mulai meluap ke jalan.', '2026-06-17 04:33:50');
INSERT INTO user_laporan (id, idPengguna, deskripsiLaporan, waktuDibuat) VALUES (5, 10, 'Notifikasi status Waspada muncul di aplikasi, tapi sungai masih surut. Mohon kalibrasi sensor.', '2026-06-12 17:33:50');
INSERT INTO user_laporan (id, idPengguna, deskripsiLaporan, waktuDibuat) VALUES (6, 32, 'Sensor cuaca di jembatan sepertinya rusak, hujan deras tapi di aplikasi terbaca curah hujan 0 mm.', '2026-06-17 14:33:50');
INSERT INTO user_laporan (id, idPengguna, deskripsiLaporan, waktuDibuat) VALUES (7, 26, 'Notifikasi di aplikasi sangat cepat masuk sesaat setelah hujan deras turun. Terima kasih!', '2026-06-06 03:33:50');
INSERT INTO user_laporan (id, idPengguna, deskripsiLaporan, waktuDibuat) VALUES (8, 6, 'Notifikasi status Waspada muncul di aplikasi, tapi sungai masih surut. Mohon kalibrasi sensor.', '2026-06-14 22:33:50');
INSERT INTO user_laporan (id, idPengguna, deskripsiLaporan, waktuDibuat) VALUES (9, 23, 'Notifikasi status Waspada muncul di aplikasi, tapi sungai masih surut. Mohon kalibrasi sensor.', '2026-06-05 02:33:50');
INSERT INTO user_laporan (id, idPengguna, deskripsiLaporan, waktuDibuat) VALUES (10, 5, 'Dashboard sangat membantu, tapi sensor suhu sepertinya terlalu tinggi (tidak realistis).', '2026-06-19 01:33:50');
INSERT INTO user_laporan (id, idPengguna, deskripsiLaporan, waktuDibuat) VALUES (11, 47, 'Sensor cuaca di jembatan sepertinya rusak, hujan deras tapi di aplikasi terbaca curah hujan 0 mm.', '2026-06-02 12:33:50');
INSERT INTO user_laporan (id, idPengguna, deskripsiLaporan, waktuDibuat) VALUES (12, 6, 'Notifikasi status Waspada muncul di aplikasi, tapi sungai masih surut. Mohon kalibrasi sensor.', '2026-06-05 15:33:50');
INSERT INTO user_laporan (id, idPengguna, deskripsiLaporan, waktuDibuat) VALUES (13, 7, 'Sistem AI memprediksi status Normal, namun air selokan sudah mulai meluap ke jalan.', '2026-06-20 19:33:50');
INSERT INTO user_laporan (id, idPengguna, deskripsiLaporan, waktuDibuat) VALUES (14, 27, 'Data ketinggian air di aplikasi terlambat update dibandingkan kondisi sungai aslinya.', '2026-06-05 07:33:50');
INSERT INTO user_laporan (id, idPengguna, deskripsiLaporan, waktuDibuat) VALUES (15, 32, 'Akurasi kelembapan tanah dan udara sudah sangat pas dengan kondisi cuaca hari ini.', '2026-05-30 08:33:50');
INSERT INTO user_laporan (id, idPengguna, deskripsiLaporan, waktuDibuat) VALUES (16, 17, 'Sistem AI memprediksi status Normal, namun air selokan sudah mulai meluap ke jalan.', '2026-06-06 13:33:50');
INSERT INTO user_laporan (id, idPengguna, deskripsiLaporan, waktuDibuat) VALUES (17, 39, 'Dashboard sangat membantu, tapi sensor suhu sepertinya terlalu tinggi (tidak realistis).', '2026-05-26 05:33:50');
INSERT INTO user_laporan (id, idPengguna, deskripsiLaporan, waktuDibuat) VALUES (18, 48, 'Akurasi kelembapan tanah dan udara sudah sangat pas dengan kondisi cuaca hari ini.', '2026-06-06 14:33:50');
INSERT INTO user_laporan (id, idPengguna, deskripsiLaporan, waktuDibuat) VALUES (19, 50, 'Sensor cuaca di jembatan sepertinya rusak, hujan deras tapi di aplikasi terbaca curah hujan 0 mm.', '2026-06-12 01:33:50');
INSERT INTO user_laporan (id, idPengguna, deskripsiLaporan, waktuDibuat) VALUES (20, 13, 'Notifikasi di aplikasi sangat cepat masuk sesaat setelah hujan deras turun. Terima kasih!', '2026-06-13 22:33:50');

-- 6. Data Sensor Readings
INSERT INTO river_sensorReading (id, idNode, tinggiAir, kelembapanTanah, curahHujan, suhuRataRata, kelembapanUdara, kecepatanAngin, arahAngin, recorded_at) VALUES (1, 10, 3.88, 24.8, 16.0, 27.9, 73.6, 15.3, 348.9, '2026-06-12 10:57:26');
INSERT INTO river_sensorReading (id, idNode, tinggiAir, kelembapanTanah, curahHujan, suhuRataRata, kelembapanUdara, kecepatanAngin, arahAngin, recorded_at) VALUES (2, 5, 5.53, 32.7, 48.2, 36.4, 67.8, 19.5, 48.2, '2026-06-12 11:57:26');
INSERT INTO river_sensorReading (id, idNode, tinggiAir, kelembapanTanah, curahHujan, suhuRataRata, kelembapanUdara, kecepatanAngin, arahAngin, recorded_at) VALUES (3, 8, 0.68, 34.7, 51.5, 23.5, 91.2, 15.5, 150.8, '2026-06-12 12:57:26');
INSERT INTO river_sensorReading (id, idNode, tinggiAir, kelembapanTanah, curahHujan, suhuRataRata, kelembapanUdara, kecepatanAngin, arahAngin, recorded_at) VALUES (4, 9, 2.78, 34.2, 23.7, 30.5, 82.6, 18.8, 340.8, '2026-06-12 13:57:26');
INSERT INTO river_sensorReading (id, idNode, tinggiAir, kelembapanTanah, curahHujan, suhuRataRata, kelembapanUdara, kecepatanAngin, arahAngin, recorded_at) VALUES (5, 5, 4.59, 14.7, 21.3, 32.8, 64.0, 17.1, 165.8, '2026-06-12 14:57:26');
INSERT INTO river_sensorReading (id, idNode, tinggiAir, kelembapanTanah, curahHujan, suhuRataRata, kelembapanUdara, kecepatanAngin, arahAngin, recorded_at) VALUES (6, 10, 2.74, 12.9, 25.7, 25.9, 87.3, 9.4, 44.0, '2026-06-12 15:57:26');
INSERT INTO river_sensorReading (id, idNode, tinggiAir, kelembapanTanah, curahHujan, suhuRataRata, kelembapanUdara, kecepatanAngin, arahAngin, recorded_at) VALUES (7, 9, 4.62, 8.1, 18.5, 27.8, 97.8, 1.7, 21.1, '2026-06-12 16:57:26');
INSERT INTO river_sensorReading (id, idNode, tinggiAir, kelembapanTanah, curahHujan, suhuRataRata, kelembapanUdara, kecepatanAngin, arahAngin, recorded_at) VALUES (8, 6, 4.17, 39.0, 51.7, 35.4, 84.5, 13.4, 39.3, '2026-06-12 17:57:26');
INSERT INTO river_sensorReading (id, idNode, tinggiAir, kelembapanTanah, curahHujan, suhuRataRata, kelembapanUdara, kecepatanAngin, arahAngin, recorded_at) VALUES (9, 7, 0.95, 21.0, 40.0, 23.3, 59.5, 8.7, 14.9, '2026-06-12 18:57:26');
INSERT INTO river_sensorReading (id, idNode, tinggiAir, kelembapanTanah, curahHujan, suhuRataRata, kelembapanUdara, kecepatanAngin, arahAngin, recorded_at) VALUES (10, 9, 4.73, 36.4, 12.6, 32.7, 98.4, 0.8, 297.1, '2026-06-12 19:57:26');
INSERT INTO river_sensorReading (id, idNode, tinggiAir, kelembapanTanah, curahHujan, suhuRataRata, kelembapanUdara, kecepatanAngin, arahAngin, recorded_at) VALUES (11, 7, 1.42, 35.6, 23.8, 35.6, 62.7, 10.7, 85.0, '2026-06-12 20:57:26');
INSERT INTO river_sensorReading (id, idNode, tinggiAir, kelembapanTanah, curahHujan, suhuRataRata, kelembapanUdara, kecepatanAngin, arahAngin, recorded_at) VALUES (12, 4, 4.26, 26.3, 1.1, 29.8, 75.9, 10.9, 63.8, '2026-06-12 21:57:26');
INSERT INTO river_sensorReading (id, idNode, tinggiAir, kelembapanTanah, curahHujan, suhuRataRata, kelembapanUdara, kecepatanAngin, arahAngin, recorded_at) VALUES (13, 5, 1.0, 26.1, 12.7, 26.5, 67.0, 15.9, 74.4, '2026-06-12 22:57:26');
INSERT INTO river_sensorReading (id, idNode, tinggiAir, kelembapanTanah, curahHujan, suhuRataRata, kelembapanUdara, kecepatanAngin, arahAngin, recorded_at) VALUES (14, 5, 5.37, 12.3, 34.4, 33.9, 52.5, 0.2, 291.3, '2026-06-12 23:57:26');
INSERT INTO river_sensorReading (id, idNode, tinggiAir, kelembapanTanah, curahHujan, suhuRataRata, kelembapanUdara, kecepatanAngin, arahAngin, recorded_at) VALUES (15, 10, 3.17, 23.2, 50.4, 23.8, 88.5, 16.0, 321.6, '2026-06-13 00:57:26');
INSERT INTO river_sensorReading (id, idNode, tinggiAir, kelembapanTanah, curahHujan, suhuRataRata, kelembapanUdara, kecepatanAngin, arahAngin, recorded_at) VALUES (16, 5, 1.46, 29.8, 7.0, 33.7, 93.5, 14.6, 26.4, '2026-06-13 01:57:26');
INSERT INTO river_sensorReading (id, idNode, tinggiAir, kelembapanTanah, curahHujan, suhuRataRata, kelembapanUdara, kecepatanAngin, arahAngin, recorded_at) VALUES (17, 6, 5.28, 39.7, 45.1, 35.3, 68.2, 5.9, 18.9, '2026-06-13 02:57:26');
INSERT INTO river_sensorReading (id, idNode, tinggiAir, kelembapanTanah, curahHujan, suhuRataRata, kelembapanUdara, kecepatanAngin, arahAngin, recorded_at) VALUES (18, 7, 3.05, 27.8, 43.1, 30.0, 54.6, 16.5, 150.4, '2026-06-13 03:57:26');
INSERT INTO river_sensorReading (id, idNode, tinggiAir, kelembapanTanah, curahHujan, suhuRataRata, kelembapanUdara, kecepatanAngin, arahAngin, recorded_at) VALUES (19, 7, 2.43, 23.3, 19.6, 27.7, 85.2, 8.2, 240.0, '2026-06-13 04:57:26');
INSERT INTO river_sensorReading (id, idNode, tinggiAir, kelembapanTanah, curahHujan, suhuRataRata, kelembapanUdara, kecepatanAngin, arahAngin, recorded_at) VALUES (20, 6, 0.72, 10.0, 13.5, 36.4, 62.8, 6.1, 182.8, '2026-06-13 05:57:26');
INSERT INTO river_sensorReading (id, idNode, tinggiAir, kelembapanTanah, curahHujan, suhuRataRata, kelembapanUdara, kecepatanAngin, arahAngin, recorded_at) VALUES (21, 6, 1.58, 22.6, 26.2, 32.4, 76.8, 6.5, 237.8, '2026-06-13 06:57:26');
INSERT INTO river_sensorReading (id, idNode, tinggiAir, kelembapanTanah, curahHujan, suhuRataRata, kelembapanUdara, kecepatanAngin, arahAngin, recorded_at) VALUES (22, 3, 1.98, 7.7, 49.1, 30.5, 80.5, 4.9, 174.8, '2026-06-13 07:57:26');
INSERT INTO river_sensorReading (id, idNode, tinggiAir, kelembapanTanah, curahHujan, suhuRataRata, kelembapanUdara, kecepatanAngin, arahAngin, recorded_at) VALUES (23, 6, 3.82, 11.3, 5.4, 23.5, 93.8, 17.9, 198.2, '2026-06-13 08:57:26');
INSERT INTO river_sensorReading (id, idNode, tinggiAir, kelembapanTanah, curahHujan, suhuRataRata, kelembapanUdara, kecepatanAngin, arahAngin, recorded_at) VALUES (24, 9, 1.31, 13.7, 1.5, 23.1, 90.3, 16.8, 214.1, '2026-06-13 09:57:26');
INSERT INTO river_sensorReading (id, idNode, tinggiAir, kelembapanTanah, curahHujan, suhuRataRata, kelembapanUdara, kecepatanAngin, arahAngin, recorded_at) VALUES (25, 8, 1.58, 17.8, 19.1, 36.0, 61.3, 18.7, 104.4, '2026-06-13 10:57:26');
INSERT INTO river_sensorReading (id, idNode, tinggiAir, kelembapanTanah, curahHujan, suhuRataRata, kelembapanUdara, kecepatanAngin, arahAngin, recorded_at) VALUES (26, 5, 3.19, 14.5, 35.7, 30.0, 89.8, 17.6, 131.0, '2026-06-13 11:57:26');
INSERT INTO river_sensorReading (id, idNode, tinggiAir, kelembapanTanah, curahHujan, suhuRataRata, kelembapanUdara, kecepatanAngin, arahAngin, recorded_at) VALUES (27, 10, 5.38, 32.8, 4.7, 28.7, 83.8, 5.1, 1.6, '2026-06-13 12:57:26');
INSERT INTO river_sensorReading (id, idNode, tinggiAir, kelembapanTanah, curahHujan, suhuRataRata, kelembapanUdara, kecepatanAngin, arahAngin, recorded_at) VALUES (28, 2, 3.06, 39.5, 15.4, 23.9, 68.6, 11.6, 193.3, '2026-06-13 13:57:26');
INSERT INTO river_sensorReading (id, idNode, tinggiAir, kelembapanTanah, curahHujan, suhuRataRata, kelembapanUdara, kecepatanAngin, arahAngin, recorded_at) VALUES (29, 1, 1.75, 19.4, 30.5, 28.3, 84.0, 16.0, 92.0, '2026-06-13 14:57:26');
INSERT INTO river_sensorReading (id, idNode, tinggiAir, kelembapanTanah, curahHujan, suhuRataRata, kelembapanUdara, kecepatanAngin, arahAngin, recorded_at) VALUES (30, 10, 5.17, 23.6, 15.0, 25.3, 54.3, 11.5, 75.4, '2026-06-13 15:57:26');
INSERT INTO river_sensorReading (id, idNode, tinggiAir, kelembapanTanah, curahHujan, suhuRataRata, kelembapanUdara, kecepatanAngin, arahAngin, recorded_at) VALUES (31, 2, 1.07, 15.3, 52.0, 26.8, 85.5, 0.3, 45.7, '2026-06-13 16:57:26');
INSERT INTO river_sensorReading (id, idNode, tinggiAir, kelembapanTanah, curahHujan, suhuRataRata, kelembapanUdara, kecepatanAngin, arahAngin, recorded_at) VALUES (32, 5, 0.56, 27.1, 33.9, 33.7, 86.8, 6.3, 42.2, '2026-06-13 17:57:26');
INSERT INTO river_sensorReading (id, idNode, tinggiAir, kelembapanTanah, curahHujan, suhuRataRata, kelembapanUdara, kecepatanAngin, arahAngin, recorded_at) VALUES (33, 5, 4.75, 32.1, 13.1, 33.6, 67.1, 9.4, 68.5, '2026-06-13 18:57:26');
INSERT INTO river_sensorReading (id, idNode, tinggiAir, kelembapanTanah, curahHujan, suhuRataRata, kelembapanUdara, kecepatanAngin, arahAngin, recorded_at) VALUES (34, 9, 5.35, 28.1, 34.4, 34.5, 69.7, 16.0, 229.4, '2026-06-13 19:57:26');
INSERT INTO river_sensorReading (id, idNode, tinggiAir, kelembapanTanah, curahHujan, suhuRataRata, kelembapanUdara, kecepatanAngin, arahAngin, recorded_at) VALUES (35, 3, 0.6, 17.3, 38.0, 28.4, 63.6, 5.0, 115.0, '2026-06-13 20:57:26');
INSERT INTO river_sensorReading (id, idNode, tinggiAir, kelembapanTanah, curahHujan, suhuRataRata, kelembapanUdara, kecepatanAngin, arahAngin, recorded_at) VALUES (36, 8, 4.38, 11.7, 8.0, 29.3, 57.3, 19.0, 323.5, '2026-06-13 21:57:26');
INSERT INTO river_sensorReading (id, idNode, tinggiAir, kelembapanTanah, curahHujan, suhuRataRata, kelembapanUdara, kecepatanAngin, arahAngin, recorded_at) VALUES (37, 1, 3.27, 20.6, 13.4, 30.3, 63.2, 15.3, 79.4, '2026-06-13 22:57:26');
INSERT INTO river_sensorReading (id, idNode, tinggiAir, kelembapanTanah, curahHujan, suhuRataRata, kelembapanUdara, kecepatanAngin, arahAngin, recorded_at) VALUES (38, 3, 3.13, 8.4, 5.5, 27.8, 87.5, 13.5, 115.6, '2026-06-13 23:57:26');
INSERT INTO river_sensorReading (id, idNode, tinggiAir, kelembapanTanah, curahHujan, suhuRataRata, kelembapanUdara, kecepatanAngin, arahAngin, recorded_at) VALUES (39, 6, 4.18, 35.6, 0.6, 32.1, 82.7, 9.2, 127.5, '2026-06-14 00:57:26');
INSERT INTO river_sensorReading (id, idNode, tinggiAir, kelembapanTanah, curahHujan, suhuRataRata, kelembapanUdara, kecepatanAngin, arahAngin, recorded_at) VALUES (40, 5, 0.58, 25.5, 2.9, 29.6, 50.4, 17.6, 46.8, '2026-06-14 01:57:26');
INSERT INTO river_sensorReading (id, idNode, tinggiAir, kelembapanTanah, curahHujan, suhuRataRata, kelembapanUdara, kecepatanAngin, arahAngin, recorded_at) VALUES (41, 10, 0.86, 12.9, 0.9, 23.7, 84.6, 11.3, 199.3, '2026-06-14 02:57:26');
INSERT INTO river_sensorReading (id, idNode, tinggiAir, kelembapanTanah, curahHujan, suhuRataRata, kelembapanUdara, kecepatanAngin, arahAngin, recorded_at) VALUES (42, 6, 2.41, 35.0, 19.5, 34.4, 57.6, 19.3, 30.4, '2026-06-14 03:57:26');
INSERT INTO river_sensorReading (id, idNode, tinggiAir, kelembapanTanah, curahHujan, suhuRataRata, kelembapanUdara, kecepatanAngin, arahAngin, recorded_at) VALUES (43, 10, 2.78, 18.0, 43.4, 24.5, 79.4, 9.2, 137.7, '2026-06-14 04:57:26');
INSERT INTO river_sensorReading (id, idNode, tinggiAir, kelembapanTanah, curahHujan, suhuRataRata, kelembapanUdara, kecepatanAngin, arahAngin, recorded_at) VALUES (44, 6, 2.57, 7.2, 15.3, 31.6, 54.0, 13.1, 69.4, '2026-06-14 05:57:26');
INSERT INTO river_sensorReading (id, idNode, tinggiAir, kelembapanTanah, curahHujan, suhuRataRata, kelembapanUdara, kecepatanAngin, arahAngin, recorded_at) VALUES (45, 1, 4.31, 15.1, 38.3, 32.0, 86.8, 10.1, 236.4, '2026-06-14 06:57:26');
INSERT INTO river_sensorReading (id, idNode, tinggiAir, kelembapanTanah, curahHujan, suhuRataRata, kelembapanUdara, kecepatanAngin, arahAngin, recorded_at) VALUES (46, 10, 1.41, 29.3, 0.8, 32.9, 51.4, 12.8, 118.6, '2026-06-14 07:57:26');
INSERT INTO river_sensorReading (id, idNode, tinggiAir, kelembapanTanah, curahHujan, suhuRataRata, kelembapanUdara, kecepatanAngin, arahAngin, recorded_at) VALUES (47, 2, 2.46, 14.4, 11.7, 33.2, 91.9, 4.5, 40.9, '2026-06-14 08:57:26');
INSERT INTO river_sensorReading (id, idNode, tinggiAir, kelembapanTanah, curahHujan, suhuRataRata, kelembapanUdara, kecepatanAngin, arahAngin, recorded_at) VALUES (48, 1, 0.93, 8.2, 27.4, 24.8, 91.8, 7.5, 356.0, '2026-06-14 09:57:26');
INSERT INTO river_sensorReading (id, idNode, tinggiAir, kelembapanTanah, curahHujan, suhuRataRata, kelembapanUdara, kecepatanAngin, arahAngin, recorded_at) VALUES (49, 3, 4.07, 8.6, 30.3, 25.0, 51.7, 18.8, 270.5, '2026-06-14 10:57:26');
INSERT INTO river_sensorReading (id, idNode, tinggiAir, kelembapanTanah, curahHujan, suhuRataRata, kelembapanUdara, kecepatanAngin, arahAngin, recorded_at) VALUES (50, 4, 3.42, 28.0, 35.6, 36.5, 74.0, 0.3, 192.4, '2026-06-14 11:57:26');
INSERT INTO river_sensorReading (id, idNode, tinggiAir, kelembapanTanah, curahHujan, suhuRataRata, kelembapanUdara, kecepatanAngin, arahAngin, recorded_at) VALUES (51, 8, 5.14, 24.0, 49.7, 29.9, 97.4, 0.1, 1.0, '2026-06-14 12:57:26');
INSERT INTO river_sensorReading (id, idNode, tinggiAir, kelembapanTanah, curahHujan, suhuRataRata, kelembapanUdara, kecepatanAngin, arahAngin, recorded_at) VALUES (52, 7, 3.26, 19.2, 50.3, 28.0, 92.8, 2.2, 204.1, '2026-06-14 13:57:26');
INSERT INTO river_sensorReading (id, idNode, tinggiAir, kelembapanTanah, curahHujan, suhuRataRata, kelembapanUdara, kecepatanAngin, arahAngin, recorded_at) VALUES (53, 3, 1.21, 33.3, 39.5, 35.1, 93.1, 13.5, 64.0, '2026-06-14 14:57:26');
INSERT INTO river_sensorReading (id, idNode, tinggiAir, kelembapanTanah, curahHujan, suhuRataRata, kelembapanUdara, kecepatanAngin, arahAngin, recorded_at) VALUES (54, 4, 4.05, 11.5, 37.8, 31.1, 66.3, 5.8, 230.5, '2026-06-14 15:57:26');
INSERT INTO river_sensorReading (id, idNode, tinggiAir, kelembapanTanah, curahHujan, suhuRataRata, kelembapanUdara, kecepatanAngin, arahAngin, recorded_at) VALUES (55, 7, 6.0, 30.2, 8.8, 30.6, 86.6, 8.3, 206.8, '2026-06-14 16:57:26');
INSERT INTO river_sensorReading (id, idNode, tinggiAir, kelembapanTanah, curahHujan, suhuRataRata, kelembapanUdara, kecepatanAngin, arahAngin, recorded_at) VALUES (56, 3, 1.91, 29.8, 29.5, 34.6, 61.9, 19.6, 29.0, '2026-06-14 17:57:26');
INSERT INTO river_sensorReading (id, idNode, tinggiAir, kelembapanTanah, curahHujan, suhuRataRata, kelembapanUdara, kecepatanAngin, arahAngin, recorded_at) VALUES (57, 9, 4.58, 19.4, 4.7, 27.7, 52.5, 14.4, 339.5, '2026-06-14 18:57:26');
INSERT INTO river_sensorReading (id, idNode, tinggiAir, kelembapanTanah, curahHujan, suhuRataRata, kelembapanUdara, kecepatanAngin, arahAngin, recorded_at) VALUES (58, 6, 3.42, 18.9, 19.7, 32.7, 96.7, 16.2, 103.3, '2026-06-14 19:57:26');
INSERT INTO river_sensorReading (id, idNode, tinggiAir, kelembapanTanah, curahHujan, suhuRataRata, kelembapanUdara, kecepatanAngin, arahAngin, recorded_at) VALUES (59, 10, 0.98, 7.5, 48.3, 31.9, 54.0, 4.8, 71.6, '2026-06-14 20:57:26');
INSERT INTO river_sensorReading (id, idNode, tinggiAir, kelembapanTanah, curahHujan, suhuRataRata, kelembapanUdara, kecepatanAngin, arahAngin, recorded_at) VALUES (60, 9, 1.37, 35.7, 44.3, 23.1, 93.1, 17.7, 22.8, '2026-06-14 21:57:26');
INSERT INTO river_sensorReading (id, idNode, tinggiAir, kelembapanTanah, curahHujan, suhuRataRata, kelembapanUdara, kecepatanAngin, arahAngin, recorded_at) VALUES (61, 3, 4.17, 23.6, 20.5, 27.2, 99.9, 19.1, 309.4, '2026-06-14 22:57:26');
INSERT INTO river_sensorReading (id, idNode, tinggiAir, kelembapanTanah, curahHujan, suhuRataRata, kelembapanUdara, kecepatanAngin, arahAngin, recorded_at) VALUES (62, 10, 3.65, 19.6, 15.5, 31.3, 79.2, 10.1, 334.7, '2026-06-14 23:57:26');
INSERT INTO river_sensorReading (id, idNode, tinggiAir, kelembapanTanah, curahHujan, suhuRataRata, kelembapanUdara, kecepatanAngin, arahAngin, recorded_at) VALUES (63, 2, 3.4, 28.0, 30.7, 33.8, 58.4, 10.7, 329.8, '2026-06-15 00:57:26');
INSERT INTO river_sensorReading (id, idNode, tinggiAir, kelembapanTanah, curahHujan, suhuRataRata, kelembapanUdara, kecepatanAngin, arahAngin, recorded_at) VALUES (64, 9, 5.0, 21.4, 8.3, 31.6, 80.6, 7.0, 144.1, '2026-06-15 01:57:26');
INSERT INTO river_sensorReading (id, idNode, tinggiAir, kelembapanTanah, curahHujan, suhuRataRata, kelembapanUdara, kecepatanAngin, arahAngin, recorded_at) VALUES (65, 9, 1.17, 18.3, 3.5, 32.3, 72.0, 18.3, 18.8, '2026-06-15 02:57:26');
INSERT INTO river_sensorReading (id, idNode, tinggiAir, kelembapanTanah, curahHujan, suhuRataRata, kelembapanUdara, kecepatanAngin, arahAngin, recorded_at) VALUES (66, 7, 0.98, 31.5, 19.9, 35.4, 70.1, 8.7, 230.6, '2026-06-15 03:57:26');
INSERT INTO river_sensorReading (id, idNode, tinggiAir, kelembapanTanah, curahHujan, suhuRataRata, kelembapanUdara, kecepatanAngin, arahAngin, recorded_at) VALUES (67, 8, 4.57, 37.9, 26.8, 35.6, 95.2, 10.4, 280.2, '2026-06-15 04:57:26');
INSERT INTO river_sensorReading (id, idNode, tinggiAir, kelembapanTanah, curahHujan, suhuRataRata, kelembapanUdara, kecepatanAngin, arahAngin, recorded_at) VALUES (68, 6, 2.33, 21.0, 19.7, 30.4, 69.9, 6.6, 128.7, '2026-06-15 05:57:26');
INSERT INTO river_sensorReading (id, idNode, tinggiAir, kelembapanTanah, curahHujan, suhuRataRata, kelembapanUdara, kecepatanAngin, arahAngin, recorded_at) VALUES (69, 3, 2.86, 21.4, 32.4, 33.1, 74.7, 13.6, 59.1, '2026-06-15 06:57:26');
INSERT INTO river_sensorReading (id, idNode, tinggiAir, kelembapanTanah, curahHujan, suhuRataRata, kelembapanUdara, kecepatanAngin, arahAngin, recorded_at) VALUES (70, 2, 1.92, 15.3, 6.1, 36.2, 73.3, 15.0, 108.8, '2026-06-15 07:57:26');
INSERT INTO river_sensorReading (id, idNode, tinggiAir, kelembapanTanah, curahHujan, suhuRataRata, kelembapanUdara, kecepatanAngin, arahAngin, recorded_at) VALUES (71, 6, 1.64, 38.0, 15.4, 33.2, 79.6, 7.9, 85.5, '2026-06-15 08:57:26');
INSERT INTO river_sensorReading (id, idNode, tinggiAir, kelembapanTanah, curahHujan, suhuRataRata, kelembapanUdara, kecepatanAngin, arahAngin, recorded_at) VALUES (72, 5, 5.79, 38.7, 11.6, 33.5, 91.5, 16.7, 290.3, '2026-06-15 09:57:26');
INSERT INTO river_sensorReading (id, idNode, tinggiAir, kelembapanTanah, curahHujan, suhuRataRata, kelembapanUdara, kecepatanAngin, arahAngin, recorded_at) VALUES (73, 7, 5.48, 34.6, 30.7, 24.5, 56.5, 18.9, 344.4, '2026-06-15 10:57:26');
INSERT INTO river_sensorReading (id, idNode, tinggiAir, kelembapanTanah, curahHujan, suhuRataRata, kelembapanUdara, kecepatanAngin, arahAngin, recorded_at) VALUES (74, 6, 2.38, 13.5, 11.3, 27.1, 53.1, 10.2, 286.1, '2026-06-15 11:57:26');
INSERT INTO river_sensorReading (id, idNode, tinggiAir, kelembapanTanah, curahHujan, suhuRataRata, kelembapanUdara, kecepatanAngin, arahAngin, recorded_at) VALUES (75, 9, 4.33, 38.7, 28.2, 28.8, 50.5, 2.1, 15.3, '2026-06-15 12:57:26');
INSERT INTO river_sensorReading (id, idNode, tinggiAir, kelembapanTanah, curahHujan, suhuRataRata, kelembapanUdara, kecepatanAngin, arahAngin, recorded_at) VALUES (76, 6, 3.69, 19.0, 25.9, 27.1, 94.1, 0.7, 199.5, '2026-06-15 13:57:26');
INSERT INTO river_sensorReading (id, idNode, tinggiAir, kelembapanTanah, curahHujan, suhuRataRata, kelembapanUdara, kecepatanAngin, arahAngin, recorded_at) VALUES (77, 1, 4.82, 12.1, 24.5, 31.0, 81.4, 2.2, 255.7, '2026-06-15 14:57:26');
INSERT INTO river_sensorReading (id, idNode, tinggiAir, kelembapanTanah, curahHujan, suhuRataRata, kelembapanUdara, kecepatanAngin, arahAngin, recorded_at) VALUES (78, 10, 2.71, 20.5, 41.4, 32.1, 74.0, 10.6, 139.1, '2026-06-15 15:57:26');
INSERT INTO river_sensorReading (id, idNode, tinggiAir, kelembapanTanah, curahHujan, suhuRataRata, kelembapanUdara, kecepatanAngin, arahAngin, recorded_at) VALUES (79, 5, 4.21, 33.4, 50.8, 27.3, 65.6, 8.3, 219.5, '2026-06-15 16:57:26');
INSERT INTO river_sensorReading (id, idNode, tinggiAir, kelembapanTanah, curahHujan, suhuRataRata, kelembapanUdara, kecepatanAngin, arahAngin, recorded_at) VALUES (80, 7, 3.72, 24.4, 4.9, 23.9, 74.8, 17.8, 351.2, '2026-06-15 17:57:26');
INSERT INTO river_sensorReading (id, idNode, tinggiAir, kelembapanTanah, curahHujan, suhuRataRata, kelembapanUdara, kecepatanAngin, arahAngin, recorded_at) VALUES (81, 3, 2.1, 10.6, 36.8, 23.4, 70.3, 9.6, 125.9, '2026-06-15 18:57:26');
INSERT INTO river_sensorReading (id, idNode, tinggiAir, kelembapanTanah, curahHujan, suhuRataRata, kelembapanUdara, kecepatanAngin, arahAngin, recorded_at) VALUES (82, 3, 4.66, 32.8, 48.4, 23.6, 59.5, 5.0, 171.1, '2026-06-15 19:57:26');
INSERT INTO river_sensorReading (id, idNode, tinggiAir, kelembapanTanah, curahHujan, suhuRataRata, kelembapanUdara, kecepatanAngin, arahAngin, recorded_at) VALUES (83, 8, 5.41, 12.9, 20.4, 32.4, 85.8, 4.9, 64.8, '2026-06-15 20:57:26');
INSERT INTO river_sensorReading (id, idNode, tinggiAir, kelembapanTanah, curahHujan, suhuRataRata, kelembapanUdara, kecepatanAngin, arahAngin, recorded_at) VALUES (84, 1, 0.92, 23.7, 26.8, 35.1, 63.4, 15.6, 13.8, '2026-06-15 21:57:26');
INSERT INTO river_sensorReading (id, idNode, tinggiAir, kelembapanTanah, curahHujan, suhuRataRata, kelembapanUdara, kecepatanAngin, arahAngin, recorded_at) VALUES (85, 4, 1.77, 5.7, 32.5, 31.7, 52.1, 14.2, 66.0, '2026-06-15 22:57:26');
INSERT INTO river_sensorReading (id, idNode, tinggiAir, kelembapanTanah, curahHujan, suhuRataRata, kelembapanUdara, kecepatanAngin, arahAngin, recorded_at) VALUES (86, 6, 6.2, 24.0, 29.9, 24.5, 64.3, 3.5, 95.5, '2026-06-15 23:57:26');
INSERT INTO river_sensorReading (id, idNode, tinggiAir, kelembapanTanah, curahHujan, suhuRataRata, kelembapanUdara, kecepatanAngin, arahAngin, recorded_at) VALUES (87, 3, 0.9, 31.7, 27.4, 30.5, 92.5, 14.6, 345.2, '2026-06-16 00:57:26');
INSERT INTO river_sensorReading (id, idNode, tinggiAir, kelembapanTanah, curahHujan, suhuRataRata, kelembapanUdara, kecepatanAngin, arahAngin, recorded_at) VALUES (88, 4, 2.67, 11.0, 24.1, 23.9, 93.7, 16.5, 118.0, '2026-06-16 01:57:26');
INSERT INTO river_sensorReading (id, idNode, tinggiAir, kelembapanTanah, curahHujan, suhuRataRata, kelembapanUdara, kecepatanAngin, arahAngin, recorded_at) VALUES (89, 3, 0.73, 23.1, 18.8, 36.0, 78.4, 1.3, 115.2, '2026-06-16 02:57:26');
INSERT INTO river_sensorReading (id, idNode, tinggiAir, kelembapanTanah, curahHujan, suhuRataRata, kelembapanUdara, kecepatanAngin, arahAngin, recorded_at) VALUES (90, 1, 3.32, 22.4, 7.2, 24.0, 91.3, 2.8, 21.3, '2026-06-16 03:57:26');
INSERT INTO river_sensorReading (id, idNode, tinggiAir, kelembapanTanah, curahHujan, suhuRataRata, kelembapanUdara, kecepatanAngin, arahAngin, recorded_at) VALUES (91, 3, 4.88, 9.5, 13.7, 27.2, 76.4, 9.3, 117.8, '2026-06-16 04:57:26');
INSERT INTO river_sensorReading (id, idNode, tinggiAir, kelembapanTanah, curahHujan, suhuRataRata, kelembapanUdara, kecepatanAngin, arahAngin, recorded_at) VALUES (92, 9, 5.92, 17.1, 8.7, 36.5, 71.2, 11.6, 261.6, '2026-06-16 05:57:26');
INSERT INTO river_sensorReading (id, idNode, tinggiAir, kelembapanTanah, curahHujan, suhuRataRata, kelembapanUdara, kecepatanAngin, arahAngin, recorded_at) VALUES (93, 5, 2.59, 8.4, 41.6, 26.6, 90.8, 6.6, 2.8, '2026-06-16 06:57:26');
INSERT INTO river_sensorReading (id, idNode, tinggiAir, kelembapanTanah, curahHujan, suhuRataRata, kelembapanUdara, kecepatanAngin, arahAngin, recorded_at) VALUES (94, 10, 1.4, 20.3, 31.0, 23.4, 56.7, 18.1, 42.0, '2026-06-16 07:57:26');
INSERT INTO river_sensorReading (id, idNode, tinggiAir, kelembapanTanah, curahHujan, suhuRataRata, kelembapanUdara, kecepatanAngin, arahAngin, recorded_at) VALUES (95, 3, 4.38, 16.7, 2.0, 35.5, 74.3, 6.3, 106.1, '2026-06-16 08:57:26');
INSERT INTO river_sensorReading (id, idNode, tinggiAir, kelembapanTanah, curahHujan, suhuRataRata, kelembapanUdara, kecepatanAngin, arahAngin, recorded_at) VALUES (96, 10, 1.74, 36.0, 14.3, 31.1, 82.1, 14.8, 277.0, '2026-06-16 09:57:26');
INSERT INTO river_sensorReading (id, idNode, tinggiAir, kelembapanTanah, curahHujan, suhuRataRata, kelembapanUdara, kecepatanAngin, arahAngin, recorded_at) VALUES (97, 7, 4.14, 30.2, 44.4, 28.7, 62.4, 14.2, 258.9, '2026-06-16 10:57:26');
INSERT INTO river_sensorReading (id, idNode, tinggiAir, kelembapanTanah, curahHujan, suhuRataRata, kelembapanUdara, kecepatanAngin, arahAngin, recorded_at) VALUES (98, 5, 2.48, 33.8, 0.8, 34.3, 56.7, 3.6, 214.7, '2026-06-16 11:57:26');
INSERT INTO river_sensorReading (id, idNode, tinggiAir, kelembapanTanah, curahHujan, suhuRataRata, kelembapanUdara, kecepatanAngin, arahAngin, recorded_at) VALUES (99, 4, 3.22, 21.8, 31.4, 29.9, 62.6, 5.6, 164.2, '2026-06-16 12:57:26');
INSERT INTO river_sensorReading (id, idNode, tinggiAir, kelembapanTanah, curahHujan, suhuRataRata, kelembapanUdara, kecepatanAngin, arahAngin, recorded_at) VALUES (100, 1, 5.79, 22.7, 10.2, 24.0, 57.7, 16.7, 91.3, '2026-06-16 13:57:26');
INSERT INTO river_sensorReading (id, idNode, tinggiAir, kelembapanTanah, curahHujan, suhuRataRata, kelembapanUdara, kecepatanAngin, arahAngin, recorded_at) VALUES (101, 7, 5.68, 28.7, 24.3, 27.0, 55.3, 16.0, 284.9, '2026-06-16 14:57:26');
INSERT INTO river_sensorReading (id, idNode, tinggiAir, kelembapanTanah, curahHujan, suhuRataRata, kelembapanUdara, kecepatanAngin, arahAngin, recorded_at) VALUES (102, 5, 4.16, 29.0, 11.3, 23.4, 91.7, 11.6, 134.2, '2026-06-16 15:57:26');
INSERT INTO river_sensorReading (id, idNode, tinggiAir, kelembapanTanah, curahHujan, suhuRataRata, kelembapanUdara, kecepatanAngin, arahAngin, recorded_at) VALUES (103, 3, 4.29, 9.6, 38.6, 33.6, 56.1, 6.9, 240.9, '2026-06-16 16:57:26');
INSERT INTO river_sensorReading (id, idNode, tinggiAir, kelembapanTanah, curahHujan, suhuRataRata, kelembapanUdara, kecepatanAngin, arahAngin, recorded_at) VALUES (104, 7, 4.21, 25.8, 32.5, 35.5, 54.3, 7.7, 170.5, '2026-06-16 17:57:26');
INSERT INTO river_sensorReading (id, idNode, tinggiAir, kelembapanTanah, curahHujan, suhuRataRata, kelembapanUdara, kecepatanAngin, arahAngin, recorded_at) VALUES (105, 7, 5.82, 23.6, 0.5, 26.1, 69.0, 11.6, 290.1, '2026-06-16 18:57:26');
INSERT INTO river_sensorReading (id, idNode, tinggiAir, kelembapanTanah, curahHujan, suhuRataRata, kelembapanUdara, kecepatanAngin, arahAngin, recorded_at) VALUES (106, 8, 2.73, 7.6, 32.2, 29.5, 94.5, 4.2, 253.0, '2026-06-16 19:57:26');
INSERT INTO river_sensorReading (id, idNode, tinggiAir, kelembapanTanah, curahHujan, suhuRataRata, kelembapanUdara, kecepatanAngin, arahAngin, recorded_at) VALUES (107, 2, 3.46, 8.6, 41.2, 27.0, 88.3, 9.0, 102.4, '2026-06-16 20:57:26');
INSERT INTO river_sensorReading (id, idNode, tinggiAir, kelembapanTanah, curahHujan, suhuRataRata, kelembapanUdara, kecepatanAngin, arahAngin, recorded_at) VALUES (108, 9, 1.15, 35.9, 2.6, 35.6, 70.6, 11.2, 138.0, '2026-06-16 21:57:26');
INSERT INTO river_sensorReading (id, idNode, tinggiAir, kelembapanTanah, curahHujan, suhuRataRata, kelembapanUdara, kecepatanAngin, arahAngin, recorded_at) VALUES (109, 3, 5.84, 35.6, 22.5, 33.0, 86.8, 6.4, 148.0, '2026-06-16 22:57:26');
INSERT INTO river_sensorReading (id, idNode, tinggiAir, kelembapanTanah, curahHujan, suhuRataRata, kelembapanUdara, kecepatanAngin, arahAngin, recorded_at) VALUES (110, 6, 5.23, 19.6, 26.5, 23.7, 96.7, 13.6, 244.0, '2026-06-16 23:57:26');
INSERT INTO river_sensorReading (id, idNode, tinggiAir, kelembapanTanah, curahHujan, suhuRataRata, kelembapanUdara, kecepatanAngin, arahAngin, recorded_at) VALUES (111, 1, 5.33, 34.2, 36.2, 32.3, 55.5, 4.2, 302.7, '2026-06-17 00:57:26');
INSERT INTO river_sensorReading (id, idNode, tinggiAir, kelembapanTanah, curahHujan, suhuRataRata, kelembapanUdara, kecepatanAngin, arahAngin, recorded_at) VALUES (112, 9, 1.93, 22.2, 11.8, 25.6, 55.7, 7.1, 286.3, '2026-06-17 01:57:26');
INSERT INTO river_sensorReading (id, idNode, tinggiAir, kelembapanTanah, curahHujan, suhuRataRata, kelembapanUdara, kecepatanAngin, arahAngin, recorded_at) VALUES (113, 9, 2.26, 35.8, 37.3, 25.2, 66.2, 4.3, 287.2, '2026-06-17 02:57:26');
INSERT INTO river_sensorReading (id, idNode, tinggiAir, kelembapanTanah, curahHujan, suhuRataRata, kelembapanUdara, kecepatanAngin, arahAngin, recorded_at) VALUES (114, 1, 3.16, 36.4, 51.5, 28.9, 87.5, 9.4, 86.5, '2026-06-17 03:57:26');
INSERT INTO river_sensorReading (id, idNode, tinggiAir, kelembapanTanah, curahHujan, suhuRataRata, kelembapanUdara, kecepatanAngin, arahAngin, recorded_at) VALUES (115, 7, 1.67, 18.5, 1.4, 27.7, 99.2, 16.6, 283.4, '2026-06-17 04:57:26');
INSERT INTO river_sensorReading (id, idNode, tinggiAir, kelembapanTanah, curahHujan, suhuRataRata, kelembapanUdara, kecepatanAngin, arahAngin, recorded_at) VALUES (116, 9, 6.36, 14.9, 11.5, 28.6, 65.9, 3.1, 169.9, '2026-06-17 05:57:26');
INSERT INTO river_sensorReading (id, idNode, tinggiAir, kelembapanTanah, curahHujan, suhuRataRata, kelembapanUdara, kecepatanAngin, arahAngin, recorded_at) VALUES (117, 1, 1.42, 9.7, 9.3, 27.2, 51.9, 13.4, 61.0, '2026-06-17 06:57:26');
INSERT INTO river_sensorReading (id, idNode, tinggiAir, kelembapanTanah, curahHujan, suhuRataRata, kelembapanUdara, kecepatanAngin, arahAngin, recorded_at) VALUES (118, 1, 2.41, 22.5, 41.7, 32.9, 85.4, 8.8, 55.5, '2026-06-17 07:57:26');
INSERT INTO river_sensorReading (id, idNode, tinggiAir, kelembapanTanah, curahHujan, suhuRataRata, kelembapanUdara, kecepatanAngin, arahAngin, recorded_at) VALUES (119, 1, 2.43, 27.1, 44.3, 23.3, 66.1, 18.5, 20.5, '2026-06-17 08:57:26');
INSERT INTO river_sensorReading (id, idNode, tinggiAir, kelembapanTanah, curahHujan, suhuRataRata, kelembapanUdara, kecepatanAngin, arahAngin, recorded_at) VALUES (120, 1, 6.3, 36.9, 0.2, 29.1, 57.1, 3.0, 79.4, '2026-06-17 09:57:26');
INSERT INTO river_sensorReading (id, idNode, tinggiAir, kelembapanTanah, curahHujan, suhuRataRata, kelembapanUdara, kecepatanAngin, arahAngin, recorded_at) VALUES (121, 1, 3.56, 28.4, 52.7, 35.3, 54.9, 3.7, 46.8, '2026-06-17 10:57:26');
INSERT INTO river_sensorReading (id, idNode, tinggiAir, kelembapanTanah, curahHujan, suhuRataRata, kelembapanUdara, kecepatanAngin, arahAngin, recorded_at) VALUES (122, 3, 5.39, 25.8, 3.5, 23.8, 72.7, 14.5, 176.3, '2026-06-17 11:57:26');
INSERT INTO river_sensorReading (id, idNode, tinggiAir, kelembapanTanah, curahHujan, suhuRataRata, kelembapanUdara, kecepatanAngin, arahAngin, recorded_at) VALUES (123, 6, 4.22, 38.0, 25.7, 26.1, 99.9, 9.3, 283.2, '2026-06-17 12:57:26');
INSERT INTO river_sensorReading (id, idNode, tinggiAir, kelembapanTanah, curahHujan, suhuRataRata, kelembapanUdara, kecepatanAngin, arahAngin, recorded_at) VALUES (124, 5, 1.93, 35.4, 18.3, 32.1, 88.1, 6.3, 184.1, '2026-06-17 13:57:26');
INSERT INTO river_sensorReading (id, idNode, tinggiAir, kelembapanTanah, curahHujan, suhuRataRata, kelembapanUdara, kecepatanAngin, arahAngin, recorded_at) VALUES (125, 4, 2.86, 15.6, 7.7, 26.5, 70.9, 0.1, 253.5, '2026-06-17 14:57:26');
INSERT INTO river_sensorReading (id, idNode, tinggiAir, kelembapanTanah, curahHujan, suhuRataRata, kelembapanUdara, kecepatanAngin, arahAngin, recorded_at) VALUES (126, 2, 5.27, 18.2, 21.2, 31.6, 81.0, 17.9, 5.1, '2026-06-17 15:57:26');
INSERT INTO river_sensorReading (id, idNode, tinggiAir, kelembapanTanah, curahHujan, suhuRataRata, kelembapanUdara, kecepatanAngin, arahAngin, recorded_at) VALUES (127, 10, 4.7, 34.9, 5.5, 29.2, 76.6, 7.7, 2.9, '2026-06-17 16:57:26');
INSERT INTO river_sensorReading (id, idNode, tinggiAir, kelembapanTanah, curahHujan, suhuRataRata, kelembapanUdara, kecepatanAngin, arahAngin, recorded_at) VALUES (128, 1, 5.63, 17.1, 31.5, 23.4, 92.4, 12.3, 264.5, '2026-06-17 17:57:26');
INSERT INTO river_sensorReading (id, idNode, tinggiAir, kelembapanTanah, curahHujan, suhuRataRata, kelembapanUdara, kecepatanAngin, arahAngin, recorded_at) VALUES (129, 8, 3.77, 38.9, 21.6, 30.6, 83.2, 11.3, 14.4, '2026-06-17 18:57:26');
INSERT INTO river_sensorReading (id, idNode, tinggiAir, kelembapanTanah, curahHujan, suhuRataRata, kelembapanUdara, kecepatanAngin, arahAngin, recorded_at) VALUES (130, 10, 3.55, 26.3, 17.4, 35.6, 77.4, 6.4, 227.6, '2026-06-17 19:57:26');
INSERT INTO river_sensorReading (id, idNode, tinggiAir, kelembapanTanah, curahHujan, suhuRataRata, kelembapanUdara, kecepatanAngin, arahAngin, recorded_at) VALUES (131, 5, 2.09, 20.0, 27.9, 23.7, 60.1, 4.9, 55.6, '2026-06-17 20:57:26');
INSERT INTO river_sensorReading (id, idNode, tinggiAir, kelembapanTanah, curahHujan, suhuRataRata, kelembapanUdara, kecepatanAngin, arahAngin, recorded_at) VALUES (132, 3, 1.49, 39.2, 3.0, 35.9, 77.3, 18.5, 192.6, '2026-06-17 21:57:26');
INSERT INTO river_sensorReading (id, idNode, tinggiAir, kelembapanTanah, curahHujan, suhuRataRata, kelembapanUdara, kecepatanAngin, arahAngin, recorded_at) VALUES (133, 3, 2.89, 17.2, 4.9, 34.2, 52.1, 8.5, 102.3, '2026-06-17 22:57:26');
INSERT INTO river_sensorReading (id, idNode, tinggiAir, kelembapanTanah, curahHujan, suhuRataRata, kelembapanUdara, kecepatanAngin, arahAngin, recorded_at) VALUES (134, 1, 1.78, 7.0, 23.1, 25.8, 62.3, 13.3, 339.1, '2026-06-17 23:57:26');
INSERT INTO river_sensorReading (id, idNode, tinggiAir, kelembapanTanah, curahHujan, suhuRataRata, kelembapanUdara, kecepatanAngin, arahAngin, recorded_at) VALUES (135, 3, 4.58, 17.2, 31.5, 29.5, 57.5, 11.3, 295.8, '2026-06-18 00:57:26');
INSERT INTO river_sensorReading (id, idNode, tinggiAir, kelembapanTanah, curahHujan, suhuRataRata, kelembapanUdara, kecepatanAngin, arahAngin, recorded_at) VALUES (136, 3, 4.79, 27.4, 13.3, 32.6, 67.4, 15.9, 9.1, '2026-06-18 01:57:26');
INSERT INTO river_sensorReading (id, idNode, tinggiAir, kelembapanTanah, curahHujan, suhuRataRata, kelembapanUdara, kecepatanAngin, arahAngin, recorded_at) VALUES (137, 3, 1.26, 5.1, 27.4, 25.7, 75.2, 17.8, 201.3, '2026-06-18 02:57:26');
INSERT INTO river_sensorReading (id, idNode, tinggiAir, kelembapanTanah, curahHujan, suhuRataRata, kelembapanUdara, kecepatanAngin, arahAngin, recorded_at) VALUES (138, 10, 4.62, 36.5, 0.3, 26.1, 93.3, 14.8, 338.4, '2026-06-18 03:57:26');
INSERT INTO river_sensorReading (id, idNode, tinggiAir, kelembapanTanah, curahHujan, suhuRataRata, kelembapanUdara, kecepatanAngin, arahAngin, recorded_at) VALUES (139, 3, 3.6, 23.0, 8.6, 28.1, 56.0, 7.7, 20.2, '2026-06-18 04:57:26');
INSERT INTO river_sensorReading (id, idNode, tinggiAir, kelembapanTanah, curahHujan, suhuRataRata, kelembapanUdara, kecepatanAngin, arahAngin, recorded_at) VALUES (140, 9, 6.3, 32.8, 4.0, 26.8, 89.8, 16.6, 300.2, '2026-06-18 05:57:26');
INSERT INTO river_sensorReading (id, idNode, tinggiAir, kelembapanTanah, curahHujan, suhuRataRata, kelembapanUdara, kecepatanAngin, arahAngin, recorded_at) VALUES (141, 10, 3.4, 19.3, 6.2, 25.5, 93.7, 19.9, 16.5, '2026-06-18 06:57:26');
INSERT INTO river_sensorReading (id, idNode, tinggiAir, kelembapanTanah, curahHujan, suhuRataRata, kelembapanUdara, kecepatanAngin, arahAngin, recorded_at) VALUES (142, 2, 1.9, 31.1, 8.9, 24.6, 60.3, 15.8, 164.2, '2026-06-18 07:57:26');
INSERT INTO river_sensorReading (id, idNode, tinggiAir, kelembapanTanah, curahHujan, suhuRataRata, kelembapanUdara, kecepatanAngin, arahAngin, recorded_at) VALUES (143, 3, 3.13, 35.2, 30.4, 23.3, 70.5, 18.7, 115.2, '2026-06-18 08:57:26');
INSERT INTO river_sensorReading (id, idNode, tinggiAir, kelembapanTanah, curahHujan, suhuRataRata, kelembapanUdara, kecepatanAngin, arahAngin, recorded_at) VALUES (144, 10, 4.71, 37.9, 18.2, 23.1, 69.8, 3.8, 72.5, '2026-06-18 09:57:26');
INSERT INTO river_sensorReading (id, idNode, tinggiAir, kelembapanTanah, curahHujan, suhuRataRata, kelembapanUdara, kecepatanAngin, arahAngin, recorded_at) VALUES (145, 8, 6.2, 10.0, 2.2, 26.1, 68.8, 15.7, 183.0, '2026-06-18 10:57:26');
INSERT INTO river_sensorReading (id, idNode, tinggiAir, kelembapanTanah, curahHujan, suhuRataRata, kelembapanUdara, kecepatanAngin, arahAngin, recorded_at) VALUES (146, 9, 0.52, 35.7, 21.8, 34.1, 54.8, 8.7, 219.8, '2026-06-18 11:57:26');
INSERT INTO river_sensorReading (id, idNode, tinggiAir, kelembapanTanah, curahHujan, suhuRataRata, kelembapanUdara, kecepatanAngin, arahAngin, recorded_at) VALUES (147, 5, 3.51, 15.7, 32.4, 29.1, 82.1, 6.1, 139.5, '2026-06-18 12:57:26');
INSERT INTO river_sensorReading (id, idNode, tinggiAir, kelembapanTanah, curahHujan, suhuRataRata, kelembapanUdara, kecepatanAngin, arahAngin, recorded_at) VALUES (148, 9, 5.8, 6.0, 49.8, 25.1, 57.4, 10.4, 234.9, '2026-06-18 13:57:26');
INSERT INTO river_sensorReading (id, idNode, tinggiAir, kelembapanTanah, curahHujan, suhuRataRata, kelembapanUdara, kecepatanAngin, arahAngin, recorded_at) VALUES (149, 9, 1.42, 17.0, 41.2, 34.3, 98.7, 7.3, 140.7, '2026-06-18 14:57:26');
INSERT INTO river_sensorReading (id, idNode, tinggiAir, kelembapanTanah, curahHujan, suhuRataRata, kelembapanUdara, kecepatanAngin, arahAngin, recorded_at) VALUES (150, 4, 2.04, 5.0, 38.8, 34.9, 61.6, 14.1, 151.5, '2026-06-18 15:57:26');
INSERT INTO river_sensorReading (id, idNode, tinggiAir, kelembapanTanah, curahHujan, suhuRataRata, kelembapanUdara, kecepatanAngin, arahAngin, recorded_at) VALUES (151, 7, 5.16, 23.9, 14.9, 31.0, 78.5, 16.2, 142.5, '2026-06-18 16:57:26');
INSERT INTO river_sensorReading (id, idNode, tinggiAir, kelembapanTanah, curahHujan, suhuRataRata, kelembapanUdara, kecepatanAngin, arahAngin, recorded_at) VALUES (152, 1, 5.49, 24.8, 41.4, 23.1, 97.1, 18.0, 3.0, '2026-06-18 17:57:26');
INSERT INTO river_sensorReading (id, idNode, tinggiAir, kelembapanTanah, curahHujan, suhuRataRata, kelembapanUdara, kecepatanAngin, arahAngin, recorded_at) VALUES (153, 8, 3.56, 18.6, 46.1, 25.1, 94.1, 2.6, 109.6, '2026-06-18 18:57:26');
INSERT INTO river_sensorReading (id, idNode, tinggiAir, kelembapanTanah, curahHujan, suhuRataRata, kelembapanUdara, kecepatanAngin, arahAngin, recorded_at) VALUES (154, 6, 3.26, 8.1, 46.9, 30.1, 86.4, 8.4, 128.5, '2026-06-18 19:57:26');
INSERT INTO river_sensorReading (id, idNode, tinggiAir, kelembapanTanah, curahHujan, suhuRataRata, kelembapanUdara, kecepatanAngin, arahAngin, recorded_at) VALUES (155, 3, 1.38, 15.1, 24.1, 29.1, 91.1, 9.6, 214.8, '2026-06-18 20:57:26');
INSERT INTO river_sensorReading (id, idNode, tinggiAir, kelembapanTanah, curahHujan, suhuRataRata, kelembapanUdara, kecepatanAngin, arahAngin, recorded_at) VALUES (156, 3, 3.22, 29.9, 33.7, 24.3, 94.1, 5.4, 192.9, '2026-06-18 21:57:26');
INSERT INTO river_sensorReading (id, idNode, tinggiAir, kelembapanTanah, curahHujan, suhuRataRata, kelembapanUdara, kecepatanAngin, arahAngin, recorded_at) VALUES (157, 5, 1.9, 19.1, 5.3, 29.2, 57.2, 10.7, 175.4, '2026-06-18 22:57:26');
INSERT INTO river_sensorReading (id, idNode, tinggiAir, kelembapanTanah, curahHujan, suhuRataRata, kelembapanUdara, kecepatanAngin, arahAngin, recorded_at) VALUES (158, 7, 1.43, 23.1, 8.7, 32.9, 58.8, 11.4, 103.8, '2026-06-18 23:57:26');
INSERT INTO river_sensorReading (id, idNode, tinggiAir, kelembapanTanah, curahHujan, suhuRataRata, kelembapanUdara, kecepatanAngin, arahAngin, recorded_at) VALUES (159, 7, 4.31, 35.5, 8.7, 31.8, 61.5, 8.2, 206.2, '2026-06-19 00:57:26');
INSERT INTO river_sensorReading (id, idNode, tinggiAir, kelembapanTanah, curahHujan, suhuRataRata, kelembapanUdara, kecepatanAngin, arahAngin, recorded_at) VALUES (160, 9, 4.71, 14.5, 39.3, 27.6, 73.4, 5.6, 88.3, '2026-06-19 01:57:26');
INSERT INTO river_sensorReading (id, idNode, tinggiAir, kelembapanTanah, curahHujan, suhuRataRata, kelembapanUdara, kecepatanAngin, arahAngin, recorded_at) VALUES (161, 5, 4.52, 16.0, 20.5, 25.7, 89.4, 0.1, 54.4, '2026-06-19 02:57:26');
INSERT INTO river_sensorReading (id, idNode, tinggiAir, kelembapanTanah, curahHujan, suhuRataRata, kelembapanUdara, kecepatanAngin, arahAngin, recorded_at) VALUES (162, 3, 2.05, 24.2, 34.9, 28.2, 97.2, 3.7, 117.4, '2026-06-19 03:57:26');
INSERT INTO river_sensorReading (id, idNode, tinggiAir, kelembapanTanah, curahHujan, suhuRataRata, kelembapanUdara, kecepatanAngin, arahAngin, recorded_at) VALUES (163, 9, 2.95, 37.8, 21.0, 32.5, 74.0, 2.2, 58.6, '2026-06-19 04:57:26');
INSERT INTO river_sensorReading (id, idNode, tinggiAir, kelembapanTanah, curahHujan, suhuRataRata, kelembapanUdara, kecepatanAngin, arahAngin, recorded_at) VALUES (164, 4, 1.41, 22.8, 12.0, 36.5, 53.7, 12.4, 46.0, '2026-06-19 05:57:26');
INSERT INTO river_sensorReading (id, idNode, tinggiAir, kelembapanTanah, curahHujan, suhuRataRata, kelembapanUdara, kecepatanAngin, arahAngin, recorded_at) VALUES (165, 8, 4.34, 20.2, 3.1, 33.1, 76.8, 18.4, 3.3, '2026-06-19 06:57:26');
INSERT INTO river_sensorReading (id, idNode, tinggiAir, kelembapanTanah, curahHujan, suhuRataRata, kelembapanUdara, kecepatanAngin, arahAngin, recorded_at) VALUES (166, 3, 4.74, 35.9, 2.5, 25.7, 77.9, 15.4, 23.2, '2026-06-19 07:57:26');
INSERT INTO river_sensorReading (id, idNode, tinggiAir, kelembapanTanah, curahHujan, suhuRataRata, kelembapanUdara, kecepatanAngin, arahAngin, recorded_at) VALUES (167, 8, 6.23, 34.4, 50.5, 25.5, 60.8, 16.3, 217.3, '2026-06-19 08:57:26');
INSERT INTO river_sensorReading (id, idNode, tinggiAir, kelembapanTanah, curahHujan, suhuRataRata, kelembapanUdara, kecepatanAngin, arahAngin, recorded_at) VALUES (168, 2, 3.64, 11.3, 0.2, 33.6, 72.3, 14.4, 20.4, '2026-06-19 09:57:26');
INSERT INTO river_sensorReading (id, idNode, tinggiAir, kelembapanTanah, curahHujan, suhuRataRata, kelembapanUdara, kecepatanAngin, arahAngin, recorded_at) VALUES (169, 10, 1.81, 23.8, 34.9, 32.6, 75.2, 2.1, 271.1, '2026-06-19 10:57:26');
INSERT INTO river_sensorReading (id, idNode, tinggiAir, kelembapanTanah, curahHujan, suhuRataRata, kelembapanUdara, kecepatanAngin, arahAngin, recorded_at) VALUES (170, 4, 3.05, 15.4, 45.6, 30.7, 94.3, 18.4, 289.1, '2026-06-19 11:57:26');
INSERT INTO river_sensorReading (id, idNode, tinggiAir, kelembapanTanah, curahHujan, suhuRataRata, kelembapanUdara, kecepatanAngin, arahAngin, recorded_at) VALUES (171, 1, 5.34, 16.9, 18.5, 30.2, 82.4, 10.9, 21.4, '2026-06-19 12:57:26');
INSERT INTO river_sensorReading (id, idNode, tinggiAir, kelembapanTanah, curahHujan, suhuRataRata, kelembapanUdara, kecepatanAngin, arahAngin, recorded_at) VALUES (172, 6, 5.46, 5.3, 8.6, 24.5, 50.6, 15.2, 327.0, '2026-06-19 13:57:26');
INSERT INTO river_sensorReading (id, idNode, tinggiAir, kelembapanTanah, curahHujan, suhuRataRata, kelembapanUdara, kecepatanAngin, arahAngin, recorded_at) VALUES (173, 8, 4.69, 32.1, 21.7, 25.3, 99.7, 6.4, 353.1, '2026-06-19 14:57:26');
INSERT INTO river_sensorReading (id, idNode, tinggiAir, kelembapanTanah, curahHujan, suhuRataRata, kelembapanUdara, kecepatanAngin, arahAngin, recorded_at) VALUES (174, 6, 5.22, 19.1, 40.4, 28.7, 57.1, 18.1, 30.9, '2026-06-19 15:57:26');
INSERT INTO river_sensorReading (id, idNode, tinggiAir, kelembapanTanah, curahHujan, suhuRataRata, kelembapanUdara, kecepatanAngin, arahAngin, recorded_at) VALUES (175, 4, 6.38, 8.5, 4.8, 24.8, 59.9, 8.3, 213.7, '2026-06-19 16:57:26');
INSERT INTO river_sensorReading (id, idNode, tinggiAir, kelembapanTanah, curahHujan, suhuRataRata, kelembapanUdara, kecepatanAngin, arahAngin, recorded_at) VALUES (176, 8, 5.13, 26.7, 42.0, 26.0, 71.0, 17.2, 90.0, '2026-06-19 17:57:26');
INSERT INTO river_sensorReading (id, idNode, tinggiAir, kelembapanTanah, curahHujan, suhuRataRata, kelembapanUdara, kecepatanAngin, arahAngin, recorded_at) VALUES (177, 4, 4.59, 19.1, 20.7, 32.8, 86.8, 11.6, 210.9, '2026-06-19 18:57:26');
INSERT INTO river_sensorReading (id, idNode, tinggiAir, kelembapanTanah, curahHujan, suhuRataRata, kelembapanUdara, kecepatanAngin, arahAngin, recorded_at) VALUES (178, 3, 1.52, 34.5, 22.3, 26.9, 94.5, 5.6, 277.2, '2026-06-19 19:57:26');
INSERT INTO river_sensorReading (id, idNode, tinggiAir, kelembapanTanah, curahHujan, suhuRataRata, kelembapanUdara, kecepatanAngin, arahAngin, recorded_at) VALUES (179, 8, 2.02, 38.4, 12.4, 26.4, 51.1, 3.2, 82.9, '2026-06-19 20:57:26');
INSERT INTO river_sensorReading (id, idNode, tinggiAir, kelembapanTanah, curahHujan, suhuRataRata, kelembapanUdara, kecepatanAngin, arahAngin, recorded_at) VALUES (180, 2, 1.27, 8.7, 3.7, 26.1, 83.7, 13.3, 145.5, '2026-06-19 21:57:26');
INSERT INTO river_sensorReading (id, idNode, tinggiAir, kelembapanTanah, curahHujan, suhuRataRata, kelembapanUdara, kecepatanAngin, arahAngin, recorded_at) VALUES (181, 4, 2.18, 21.9, 24.7, 33.4, 69.8, 2.2, 95.2, '2026-06-19 22:57:26');
INSERT INTO river_sensorReading (id, idNode, tinggiAir, kelembapanTanah, curahHujan, suhuRataRata, kelembapanUdara, kecepatanAngin, arahAngin, recorded_at) VALUES (182, 7, 0.95, 35.9, 30.7, 32.1, 65.6, 19.2, 340.6, '2026-06-19 23:57:26');
INSERT INTO river_sensorReading (id, idNode, tinggiAir, kelembapanTanah, curahHujan, suhuRataRata, kelembapanUdara, kecepatanAngin, arahAngin, recorded_at) VALUES (183, 1, 6.25, 16.9, 51.9, 35.5, 94.4, 1.5, 278.5, '2026-06-20 00:57:26');
INSERT INTO river_sensorReading (id, idNode, tinggiAir, kelembapanTanah, curahHujan, suhuRataRata, kelembapanUdara, kecepatanAngin, arahAngin, recorded_at) VALUES (184, 9, 3.93, 30.8, 12.2, 23.7, 69.4, 5.4, 168.4, '2026-06-20 01:57:26');
INSERT INTO river_sensorReading (id, idNode, tinggiAir, kelembapanTanah, curahHujan, suhuRataRata, kelembapanUdara, kecepatanAngin, arahAngin, recorded_at) VALUES (185, 3, 6.1, 16.1, 22.0, 29.9, 51.3, 6.5, 201.6, '2026-06-20 02:57:26');
INSERT INTO river_sensorReading (id, idNode, tinggiAir, kelembapanTanah, curahHujan, suhuRataRata, kelembapanUdara, kecepatanAngin, arahAngin, recorded_at) VALUES (186, 8, 3.1, 11.8, 38.5, 36.0, 94.3, 1.5, 108.4, '2026-06-20 03:57:26');
INSERT INTO river_sensorReading (id, idNode, tinggiAir, kelembapanTanah, curahHujan, suhuRataRata, kelembapanUdara, kecepatanAngin, arahAngin, recorded_at) VALUES (187, 10, 0.77, 36.7, 50.7, 36.3, 76.6, 16.4, 240.5, '2026-06-20 04:57:26');
INSERT INTO river_sensorReading (id, idNode, tinggiAir, kelembapanTanah, curahHujan, suhuRataRata, kelembapanUdara, kecepatanAngin, arahAngin, recorded_at) VALUES (188, 4, 5.43, 14.6, 17.1, 32.5, 75.3, 6.3, 157.9, '2026-06-20 05:57:26');
INSERT INTO river_sensorReading (id, idNode, tinggiAir, kelembapanTanah, curahHujan, suhuRataRata, kelembapanUdara, kecepatanAngin, arahAngin, recorded_at) VALUES (189, 10, 4.8, 10.7, 25.8, 26.4, 92.7, 15.7, 354.3, '2026-06-20 06:57:26');
INSERT INTO river_sensorReading (id, idNode, tinggiAir, kelembapanTanah, curahHujan, suhuRataRata, kelembapanUdara, kecepatanAngin, arahAngin, recorded_at) VALUES (190, 1, 4.71, 31.0, 37.0, 25.5, 72.4, 2.3, 351.8, '2026-06-20 07:57:26');
INSERT INTO river_sensorReading (id, idNode, tinggiAir, kelembapanTanah, curahHujan, suhuRataRata, kelembapanUdara, kecepatanAngin, arahAngin, recorded_at) VALUES (191, 1, 2.1, 16.0, 31.8, 25.2, 86.1, 4.5, 82.7, '2026-06-20 08:57:26');
INSERT INTO river_sensorReading (id, idNode, tinggiAir, kelembapanTanah, curahHujan, suhuRataRata, kelembapanUdara, kecepatanAngin, arahAngin, recorded_at) VALUES (192, 2, 0.63, 7.0, 47.3, 28.9, 64.1, 11.6, 258.0, '2026-06-20 09:57:26');
INSERT INTO river_sensorReading (id, idNode, tinggiAir, kelembapanTanah, curahHujan, suhuRataRata, kelembapanUdara, kecepatanAngin, arahAngin, recorded_at) VALUES (193, 4, 1.47, 20.9, 33.8, 25.4, 90.0, 18.5, 102.2, '2026-06-20 10:57:26');
INSERT INTO river_sensorReading (id, idNode, tinggiAir, kelembapanTanah, curahHujan, suhuRataRata, kelembapanUdara, kecepatanAngin, arahAngin, recorded_at) VALUES (194, 5, 3.34, 29.6, 20.1, 31.5, 76.8, 9.1, 287.4, '2026-06-20 11:57:26');
INSERT INTO river_sensorReading (id, idNode, tinggiAir, kelembapanTanah, curahHujan, suhuRataRata, kelembapanUdara, kecepatanAngin, arahAngin, recorded_at) VALUES (195, 5, 1.35, 5.6, 9.9, 30.8, 62.0, 7.4, 61.8, '2026-06-20 12:57:26');
INSERT INTO river_sensorReading (id, idNode, tinggiAir, kelembapanTanah, curahHujan, suhuRataRata, kelembapanUdara, kecepatanAngin, arahAngin, recorded_at) VALUES (196, 1, 5.08, 34.0, 36.5, 32.7, 72.3, 8.1, 106.9, '2026-06-20 13:57:26');
INSERT INTO river_sensorReading (id, idNode, tinggiAir, kelembapanTanah, curahHujan, suhuRataRata, kelembapanUdara, kecepatanAngin, arahAngin, recorded_at) VALUES (197, 9, 1.92, 20.5, 32.5, 26.0, 50.3, 8.7, 339.8, '2026-06-20 14:57:26');
INSERT INTO river_sensorReading (id, idNode, tinggiAir, kelembapanTanah, curahHujan, suhuRataRata, kelembapanUdara, kecepatanAngin, arahAngin, recorded_at) VALUES (198, 8, 3.54, 36.6, 36.0, 29.9, 66.3, 1.5, 175.9, '2026-06-20 15:57:26');
INSERT INTO river_sensorReading (id, idNode, tinggiAir, kelembapanTanah, curahHujan, suhuRataRata, kelembapanUdara, kecepatanAngin, arahAngin, recorded_at) VALUES (199, 1, 2.86, 26.5, 5.0, 30.8, 70.9, 11.5, 264.7, '2026-06-20 16:57:26');
INSERT INTO river_sensorReading (id, idNode, tinggiAir, kelembapanTanah, curahHujan, suhuRataRata, kelembapanUdara, kecepatanAngin, arahAngin, recorded_at) VALUES (200, 7, 4.42, 5.3, 44.8, 34.0, 88.7, 2.4, 114.0, '2026-06-20 17:57:26');
