USE kelompok2;

-- =====================================
-- DUMMY DATA GENERATE FOR FLOOD WARNING
-- =====================================
-- 1. Data Zona
INSERT INTO river_zones (id, nama_kota) VALUES (1, 'Jakarta Timur');
INSERT INTO river_zones (id, nama_kota) VALUES (2, 'Jakarta Selatan');
INSERT INTO river_zones (id, nama_kota) VALUES (3, 'Bogor');
INSERT INTO river_zones (id, nama_kota) VALUES (4, 'Depok');
INSERT INTO river_zones (id, nama_kota) VALUES (5, 'Tangerang');

-- 2. Data Sungai
INSERT INTO river_sungai (id, zoneId, lokasiSungai) VALUES (1, 1, 'Sungai Ciliwung');
INSERT INTO river_sungai (id, zoneId, lokasiSungai) VALUES (2, 2, 'Sungai Pesanggrahan');
INSERT INTO river_sungai (id, zoneId, lokasiSungai) VALUES (3, 3, 'Sungai Cisadane');
INSERT INTO river_sungai (id, zoneId, lokasiSungai) VALUES (4, 4, 'Sungai Cikeas');
INSERT INTO river_sungai (id, zoneId, lokasiSungai) VALUES (5, 5, 'Sungai Sunter');

-- 3. Data Sensor Node
INSERT INTO river_sensorNode (id, idSungai, idStation, namaNode, posisi, elevasi) VALUES (1, 1, 101, 'Node Hulu Ciliwung', 'hulu', 7.2);
INSERT INTO river_sensorNode (id, idSungai, idStation, namaNode, posisi, elevasi) VALUES (2, 1, 102, 'Node Hilir Ciliwung', 'hilir', 14.6);
INSERT INTO river_sensorNode (id, idSungai, idStation, namaNode, posisi, elevasi) VALUES (3, 2, 103, 'Node Hulu Pesanggrahan', 'hulu', 4.3);
INSERT INTO river_sensorNode (id, idSungai, idStation, namaNode, posisi, elevasi) VALUES (4, 2, 104, 'Node Hilir Pesanggrahan', 'hilir', 11.6);
INSERT INTO river_sensorNode (id, idSungai, idStation, namaNode, posisi, elevasi) VALUES (5, 3, 105, 'Node Hulu Cisadane', 'hulu', 9.7);
INSERT INTO river_sensorNode (id, idSungai, idStation, namaNode, posisi, elevasi) VALUES (6, 3, 106, 'Node Hilir Cisadane', 'hilir', 12.3);
INSERT INTO river_sensorNode (id, idSungai, idStation, namaNode, posisi, elevasi) VALUES (7, 4, 107, 'Node Hulu Cikeas', 'hulu', 9.7);
INSERT INTO river_sensorNode (id, idSungai, idStation, namaNode, posisi, elevasi) VALUES (8, 4, 108, 'Node Hilir Cikeas', 'hilir', 13.3);
INSERT INTO river_sensorNode (id, idSungai, idStation, namaNode, posisi, elevasi) VALUES (9, 5, 109, 'Node Hulu Sunter', 'hulu', 12.9);
INSERT INTO river_sensorNode (id, idSungai, idStation, namaNode, posisi, elevasi) VALUES (10, 5, 110, 'Node Hilir Sunter', 'hilir', 6.7);

-- 4. Data Pengguna
INSERT INTO user_user (id, username, email, password, role, provider, waktuDibuat) VALUES (1, 'dinaputra', 'dinaputra@kelompok2.com', '$2y$10$dummyhashpassword12345678', 'admin', 'local', '2026-06-01 08:33:50.880903);
INSERT INTO user_user (id, username, email, password, role, provider, waktuDibuat) VALUES (2, 'ayukusuma', 'ayukusuma@kelompok2.com', '$2y$10$dummyhashpassword12345678', 'pengguna', 'google', '2026-06-14 22:33:50.880929);
INSERT INTO user_user (id, username, email, password, role, provider, waktuDibuat) VALUES (3, 'sitiputra', 'sitiputra@kelompok2.com', '$2y$10$dummyhashpassword12345678', 'pengguna', 'google', '2026-05-30 14:33:50.880936);
INSERT INTO user_user (id, username, email, password, role, provider, waktuDibuat) VALUES (4, 'rudiputra', 'rudiputra@kelompok2.com', '$2y$10$dummyhashpassword12345678', 'pengguna', 'google', '2026-06-24 11:33:50.880940);
INSERT INTO user_user (id, username, email, password, role, provider, waktuDibuat) VALUES (5, 'mayalestari', 'mayalestari@kelompok2.com', '$2y$10$dummyhashpassword12345678', 'pengguna', 'google', '2026-06-18 20:33:50.880943);
INSERT INTO user_user (id, username, email, password, role, provider, waktuDibuat) VALUES (6, 'hadikusuma', 'hadikusuma@kelompok2.com', '$2y$10$dummyhashpassword12345678', 'pengguna', 'google', '2026-06-22 15:33:50.880947);
INSERT INTO user_user (id, username, email, password, role, provider, waktuDibuat) VALUES (7, 'rudisantoso', 'rudisantoso@kelompok2.com', '$2y$10$dummyhashpassword12345678', 'pengguna', 'google', '2026-05-30 06:33:50.880950);
INSERT INTO user_user (id, username, email, password, role, provider, waktuDibuat) VALUES (8, 'ekosari', 'ekosari@kelompok2.com', '$2y$10$dummyhashpassword12345678', 'pengguna', 'google', '2026-05-30 07:33:50.880953);
INSERT INTO user_user (id, username, email, password, role, provider, waktuDibuat) VALUES (9, 'mayalestari', 'mayalestari@kelompok2.com', '$2y$10$dummyhashpassword12345678', 'pengguna', 'google', '2026-06-22 04:33:50.880957);
INSERT INTO user_user (id, username, email, password, role, provider, waktuDibuat) VALUES (10, 'aguspratama', 'aguspratama@kelompok2.com', '$2y$10$dummyhashpassword12345678', 'pengguna', 'google', '2026-05-28 17:33:50.880960);
INSERT INTO user_user (id, username, email, password, role, provider, waktuDibuat) VALUES (11, 'mayaputra', 'mayaputra@kelompok2.com', '$2y$10$dummyhashpassword12345678', 'pengguna', 'google', '2026-06-18 12:33:50.880963);
INSERT INTO user_user (id, username, email, password, role, provider, waktuDibuat) VALUES (12, 'mayahidayat', 'mayahidayat@kelompok2.com', '$2y$10$dummyhashpassword12345678', 'pengguna', 'google', '2026-06-16 01:33:50.880966);
INSERT INTO user_user (id, username, email, password, role, provider, waktuDibuat) VALUES (13, 'ekosantoso', 'ekosantoso@kelompok2.com', '$2y$10$dummyhashpassword12345678', 'pengguna', 'google', '2026-06-20 00:33:50.880969);
INSERT INTO user_user (id, username, email, password, role, provider, waktuDibuat) VALUES (14, 'mayakusuma', 'mayakusuma@kelompok2.com', '$2y$10$dummyhashpassword12345678', 'pengguna', 'google', '2026-06-07 22:33:50.880972);
INSERT INTO user_user (id, username, email, password, role, provider, waktuDibuat) VALUES (15, 'ayukusuma', 'ayukusuma@kelompok2.com', '$2y$10$dummyhashpassword12345678', 'pengguna', 'google', '2026-06-04 15:33:50.880975);
INSERT INTO user_user (id, username, email, password, role, provider, waktuDibuat) VALUES (16, 'aguskusuma', 'aguskusuma@kelompok2.com', '$2y$10$dummyhashpassword12345678', 'pengguna', 'google', '2026-06-21 23:33:50.880978);
INSERT INTO user_user (id, username, email, password, role, provider, waktuDibuat) VALUES (17, 'rudikusuma', 'rudikusuma@kelompok2.com', '$2y$10$dummyhashpassword12345678', 'pengguna', 'google', '2026-06-05 21:33:50.880981);
INSERT INTO user_user (id, username, email, password, role, provider, waktuDibuat) VALUES (18, 'rinasari', 'rinasari@kelompok2.com', '$2y$10$dummyhashpassword12345678', 'pengguna', 'google', '2026-06-05 05:33:50.880986);
INSERT INTO user_user (id, username, email, password, role, provider, waktuDibuat) VALUES (19, 'dinakusuma', 'dinakusuma@kelompok2.com', '$2y$10$dummyhashpassword12345678', 'pengguna', 'google', '2026-06-01 07:33:50.880989);
INSERT INTO user_user (id, username, email, password, role, provider, waktuDibuat) VALUES (20, 'budiputra', 'budiputra@kelompok2.com', '$2y$10$dummyhashpassword12345678', 'pengguna', 'google', '2026-06-05 22:33:50.880992);
INSERT INTO user_user (id, username, email, password, role, provider, waktuDibuat) VALUES (21, 'rudilestari', 'rudilestari@kelompok2.com', '$2y$10$dummyhashpassword12345678', 'pengguna', 'google', '2026-06-08 19:33:50.880995);
INSERT INTO user_user (id, username, email, password, role, provider, waktuDibuat) VALUES (22, 'aguskusuma', 'aguskusuma@kelompok2.com', '$2y$10$dummyhashpassword12345678', 'pengguna', 'google', '2026-06-15 03:33:50.880998);
INSERT INTO user_user (id, username, email, password, role, provider, waktuDibuat) VALUES (23, 'ayuwijaya', 'ayuwijaya@kelompok2.com', '$2y$10$dummyhashpassword12345678', 'pengguna', 'google', '2026-05-27 10:33:50.881001);
INSERT INTO user_user (id, username, email, password, role, provider, waktuDibuat) VALUES (24, 'agushidayat', 'agushidayat@kelompok2.com', '$2y$10$dummyhashpassword12345678', 'pengguna', 'google', '2026-05-26 09:33:50.881004);
INSERT INTO user_user (id, username, email, password, role, provider, waktuDibuat) VALUES (25, 'sitilestari', 'sitilestari@kelompok2.com', '$2y$10$dummyhashpassword12345678', 'pengguna', 'google', '2026-06-22 14:33:50.881008);
INSERT INTO user_user (id, username, email, password, role, provider, waktuDibuat) VALUES (26, 'dinapratama', 'dinapratama@kelompok2.com', '$2y$10$dummyhashpassword12345678', 'pengguna', 'google', '2026-06-03 22:33:50.881011);
INSERT INTO user_user (id, username, email, password, role, provider, waktuDibuat) VALUES (27, 'ayuputra', 'ayuputra@kelompok2.com', '$2y$10$dummyhashpassword12345678', 'pengguna', 'google', '2026-06-04 07:33:50.881021);
INSERT INTO user_user (id, username, email, password, role, provider, waktuDibuat) VALUES (28, 'dinakusuma', 'dinakusuma@kelompok2.com', '$2y$10$dummyhashpassword12345678', 'pengguna', 'google', '2026-06-18 09:33:50.881025);
INSERT INTO user_user (id, username, email, password, role, provider, waktuDibuat) VALUES (29, 'mayawijaya', 'mayawijaya@kelompok2.com', '$2y$10$dummyhashpassword12345678', 'pengguna', 'google', '2026-06-14 12:33:50.881028);
INSERT INTO user_user (id, username, email, password, role, provider, waktuDibuat) VALUES (30, 'mayalestari', 'mayalestari@kelompok2.com', '$2y$10$dummyhashpassword12345678', 'pengguna', 'google', '2026-06-22 22:33:50.881031);
INSERT INTO user_user (id, username, email, password, role, provider, waktuDibuat) VALUES (31, 'mayahidayat', 'mayahidayat@kelompok2.com', '$2y$10$dummyhashpassword12345678', 'pengguna', 'google', '2026-05-30 16:33:50.881034);
INSERT INTO user_user (id, username, email, password, role, provider, waktuDibuat) VALUES (32, 'agussantoso', 'agussantoso@kelompok2.com', '$2y$10$dummyhashpassword12345678', 'pengguna', 'google', '2026-06-23 03:33:50.881037);
INSERT INTO user_user (id, username, email, password, role, provider, waktuDibuat) VALUES (33, 'hadiwijaya', 'hadiwijaya@kelompok2.com', '$2y$10$dummyhashpassword12345678', 'pengguna', 'google', '2026-06-06 15:33:50.881040);
INSERT INTO user_user (id, username, email, password, role, provider, waktuDibuat) VALUES (34, 'ayuhidayat', 'ayuhidayat@kelompok2.com', '$2y$10$dummyhashpassword12345678', 'pengguna', 'google', '2026-06-13 02:33:50.881043);
INSERT INTO user_user (id, username, email, password, role, provider, waktuDibuat) VALUES (35, 'mayasantoso', 'mayasantoso@kelompok2.com', '$2y$10$dummyhashpassword12345678', 'pengguna', 'google', '2026-06-01 21:33:50.881046);
INSERT INTO user_user (id, username, email, password, role, provider, waktuDibuat) VALUES (36, 'sitilestari', 'sitilestari@kelompok2.com', '$2y$10$dummyhashpassword12345678', 'pengguna', 'google', '2026-06-17 08:33:50.881049);
INSERT INTO user_user (id, username, email, password, role, provider, waktuDibuat) VALUES (37, 'rinaputra', 'rinaputra@kelompok2.com', '$2y$10$dummyhashpassword12345678', 'pengguna', 'google', '2026-06-22 07:33:50.881052);
INSERT INTO user_user (id, username, email, password, role, provider, waktuDibuat) VALUES (38, 'hadikusuma', 'hadikusuma@kelompok2.com', '$2y$10$dummyhashpassword12345678', 'pengguna', 'google', '2026-06-12 22:33:50.881055);
INSERT INTO user_user (id, username, email, password, role, provider, waktuDibuat) VALUES (39, 'rinapratama', 'rinapratama@kelompok2.com', '$2y$10$dummyhashpassword12345678', 'pengguna', 'google', '2026-06-07 01:33:50.881058);
INSERT INTO user_user (id, username, email, password, role, provider, waktuDibuat) VALUES (40, 'rudisari', 'rudisari@kelompok2.com', '$2y$10$dummyhashpassword12345678', 'pengguna', 'google', '2026-05-28 01:33:50.881061);
INSERT INTO user_user (id, username, email, password, role, provider, waktuDibuat) VALUES (41, 'budikusuma', 'budikusuma@kelompok2.com', '$2y$10$dummyhashpassword12345678', 'pengguna', 'google', '2026-06-08 05:33:50.881064);
INSERT INTO user_user (id, username, email, password, role, provider, waktuDibuat) VALUES (42, 'rudisari', 'rudisari@kelompok2.com', '$2y$10$dummyhashpassword12345678', 'pengguna', 'google', '2026-06-19 11:33:50.881068);
INSERT INTO user_user (id, username, email, password, role, provider, waktuDibuat) VALUES (43, 'mayalestari', 'mayalestari@kelompok2.com', '$2y$10$dummyhashpassword12345678', 'pengguna', 'google', '2026-06-20 23:33:50.881071);
INSERT INTO user_user (id, username, email, password, role, provider, waktuDibuat) VALUES (44, 'ekoputra', 'ekoputra@kelompok2.com', '$2y$10$dummyhashpassword12345678', 'pengguna', 'google', '2026-06-04 06:33:50.881081);
INSERT INTO user_user (id, username, email, password, role, provider, waktuDibuat) VALUES (45, 'ekosari', 'ekosari@kelompok2.com', '$2y$10$dummyhashpassword12345678', 'pengguna', 'google', '2026-05-26 19:33:50.881083);
INSERT INTO user_user (id, username, email, password, role, provider, waktuDibuat) VALUES (46, 'hadisantoso', 'hadisantoso@kelompok2.com', '$2y$10$dummyhashpassword12345678', 'pengguna', 'google', '2026-06-01 22:33:50.881086);
INSERT INTO user_user (id, username, email, password, role, provider, waktuDibuat) VALUES (47, 'aguslestari', 'aguslestari@kelompok2.com', '$2y$10$dummyhashpassword12345678', 'pengguna', 'google', '2026-06-06 16:33:50.881089);
INSERT INTO user_user (id, username, email, password, role, provider, waktuDibuat) VALUES (48, 'hadiwijaya', 'hadiwijaya@kelompok2.com', '$2y$10$dummyhashpassword12345678', 'pengguna', 'google', '2026-06-02 14:33:50.881092);
INSERT INTO user_user (id, username, email, password, role, provider, waktuDibuat) VALUES (49, 'sitilestari', 'sitilestari@kelompok2.com', '$2y$10$dummyhashpassword12345678', 'pengguna', 'google', '2026-06-10 16:33:50.881094);
INSERT INTO user_user (id, username, email, password, role, provider, waktuDibuat) VALUES (50, 'sitisari', 'sitisari@kelompok2.com', '$2y$10$dummyhashpassword12345678', 'pengguna', 'google', '2026-06-14 22:33:50.881097);

-- 5. Data Laporan
INSERT INTO user_laporan (id, idPengguna, deskripsiLaporan, waktuDibuat) VALUES (1, 14, 'Sensor cuaca di jembatan sepertinya rusak, hujan deras tapi di aplikasi terbaca curah hujan 0 mm.', '2026-06-23 14:33:50');
INSERT INTO user_laporan (id, idPengguna, deskripsiLaporan, waktuDibuat) VALUES (2, 48, 'Sensor cuaca di jembatan sepertinya rusak, hujan deras tapi di aplikasi terbaca curah hujan 0 mm.', '2026-06-05 15:33:50');
INSERT INTO user_laporan (id, idPengguna, deskripsiLaporan, waktuDibuat) VALUES (3, 3, 'Akurasi kelembapan tanah dan udara sudah sangat pas dengan kondisi cuaca hari ini.', '2026-06-11 01:33:50');
INSERT INTO user_laporan (id, idPengguna, deskripsiLaporan, waktuDibuat) VALUES (4, 30, 'Sistem AI memprediksi status Normal, namun air selokan sudah mulai meluap ke jalan.', '2026-06-17 04:33:50');
INSERT INTO user_laporan (id, idPengguna, deskripsiLaporan, waktuDibuat) VALUES (5, 10, 'Notifikasi status Waspada muncul di aplikasi, tapi sungai masih surut. Mohon kalibrasi sensor.', '2026-06-12 17:33:50');
INSERT INTO user_laporan (id, idPengguna, deskripsiLaporan, waktuDibuat) VALUES (6, 32, 'Sensor cuaca di jembatan sepertinya rusak, hujan deras tapi di aplikasi terbaca curah hujan 0 mm.', '2026-06-17 14:33:50');
INSERT INTO user_laporan (id, idPengguna, deskripsiLaporan, waktuDibuat) VALUES (7, 26, 'Notifikasi di aplikasi sangat cepat masuk sesaat setelah hujan deras turun. Terima kasih!', '2026-06-06 03:33:50');
INSERT INTO user_laporan (id, idPengguna, deskripsiLaporan, waktuDibuat) VALUES (8, 6, 'Notifikasi status Waspada muncul di aplikasi, tapi sungai masih surut. Mohon kalibrasi sensor.', '2026-06-14 22:33:50');
INSERT INTO user_laporan (id, idPengguna, deskripsiLaporan, waktuDibuat) VALUES (9, 23, 'Notifikasi status Waspada muncul di aplikasi, tapi sungai masih surut. Mohon kalibrasi sensor.', '2026-06-05 02:33:50');
INSERT INTO user_laporan (id, idPengguna, deskripsiLaporan, waktuDibuat) VALUES (10, 5, 'Dashboard sangat membantu, tapi sensor suhu sepertinya terlalu tinggi (tidak realistis).', '2026-06-19 01:33:50');
INSERT INTO user_laporan (id, idPengguna, deskripsiLaporan, waktuDibuat) VALUES (11, 47, 'Sensor cuaca di jembatan sepertinya rusak, hujan deras tapi di aplikasi terbaca curah hujan 0 mm.', '2026-06-02 12:33:50');
INSERT INTO user_laporan (id, idPengguna, deskripsiLaporan, waktuDibuat) VALUES (12, 6, 'Notifikasi status Waspada muncul di aplikasi, tapi sungai masih surut. Mohon kalibrasi sensor.', '2026-06-05 15:33:50');
INSERT INTO user_laporan (id, idPengguna, deskripsiLaporan, waktuDibuat) VALUES (13, 7, 'Sistem AI memprediksi status Normal, namun air selokan sudah mulai meluap ke jalan.', '2026-06-20 19:33:50');
INSERT INTO user_laporan (id, idPengguna, deskripsiLaporan, waktuDibuat) VALUES (14, 27, 'Data ketinggian air di aplikasi terlambat update dibandingkan kondisi sungai aslinya.', '2026-06-05 07:33:50');
INSERT INTO user_laporan (id, idPengguna, deskripsiLaporan, waktuDibuat) VALUES (15, 32, 'Akurasi kelembapan tanah dan udara sudah sangat pas dengan kondisi cuaca hari ini.', '2026-05-30 08:33:50');
INSERT INTO user_laporan (id, idPengguna, deskripsiLaporan, waktuDibuat) VALUES (16, 17, 'Sistem AI memprediksi status Normal, namun air selokan sudah mulai meluap ke jalan.', '2026-06-06 13:33:50');
INSERT INTO user_laporan (id, idPengguna, deskripsiLaporan, waktuDibuat) VALUES (17, 39, 'Dashboard sangat membantu, tapi sensor suhu sepertinya terlalu tinggi (tidak realistis).', '2026-05-26 05:33:50');
INSERT INTO user_laporan (id, idPengguna, deskripsiLaporan, waktuDibuat) VALUES (18, 48, 'Akurasi kelembapan tanah dan udara sudah sangat pas dengan kondisi cuaca hari ini.', '2026-06-06 14:33:50');
INSERT INTO user_laporan (id, idPengguna, deskripsiLaporan, waktuDibuat) VALUES (19, 50, 'Sensor cuaca di jembatan sepertinya rusak, hujan deras tapi di aplikasi terbaca curah hujan 0 mm.', '2026-06-12 01:33:50');
INSERT INTO user_laporan (id, idPengguna, deskripsiLaporan, waktuDibuat) VALUES (20, 13, 'Notifikasi di aplikasi sangat cepat masuk sesaat setelah hujan deras turun. Terima kasih!', '2026-06-13 22:33:50');

-- 6. Data Sensor Readings
INSERT INTO river_sensorReading (id, idNode, tinggiAir, kelembapanTanah, curahHujan, suhuRataRata, kelembapanUdara, kecepatanAngin, arahAngin, recorded_at) VALUES (1, 3, 2.45, 18.2, 19.9, 35.9, 95.9, 8.9, 328.7, '2026-06-17 08:33:50');
INSERT INTO river_sensorReading (id, idNode, tinggiAir, kelembapanTanah, curahHujan, suhuRataRata, kelembapanUdara, kecepatanAngin, arahAngin, recorded_at) VALUES (2, 8, 5.73, 20.8, 19.1, 31.8, 95.4, 12.3, 137.4, '2026-06-17 09:33:50');
INSERT INTO river_sensorReading (id, idNode, tinggiAir, kelembapanTanah, curahHujan, suhuRataRata, kelembapanUdara, kecepatanAngin, arahAngin, recorded_at) VALUES (3, 9, 2.15, 29.0, 34.8, 27.4, 69.0, 7.2, 128.3, '2026-06-17 10:33:50');
INSERT INTO river_sensorReading (id, idNode, tinggiAir, kelembapanTanah, curahHujan, suhuRataRata, kelembapanUdara, kecepatanAngin, arahAngin, recorded_at) VALUES (4, 4, 1.92, 17.6, 18.7, 23.7, 69.4, 8.4, 89.7, '2026-06-17 11:33:50');
INSERT INTO river_sensorReading (id, idNode, tinggiAir, kelembapanTanah, curahHujan, suhuRataRata, kelembapanUdara, kecepatanAngin, arahAngin, recorded_at) VALUES (5, 1, 2.9, 36.6, 36.4, 30.1, 87.4, 4.4, 157.7, '2026-06-17 12:33:50');
INSERT INTO river_sensorReading (id, idNode, tinggiAir, kelembapanTanah, curahHujan, suhuRataRata, kelembapanUdara, kecepatanAngin, arahAngin, recorded_at) VALUES (6, 5, 5.47, 22.4, 26.2, 24.5, 72.8, 13.8, 260.8, '2026-06-17 13:33:50');
INSERT INTO river_sensorReading (id, idNode, tinggiAir, kelembapanTanah, curahHujan, suhuRataRata, kelembapanUdara, kecepatanAngin, arahAngin, recorded_at) VALUES (7, 1, 2.86, 20.7, 18.6, 32.2, 92.1, 2.0, 75.2, '2026-06-17 14:33:50');
INSERT INTO river_sensorReading (id, idNode, tinggiAir, kelembapanTanah, curahHujan, suhuRataRata, kelembapanUdara, kecepatanAngin, arahAngin, recorded_at) VALUES (8, 7, 2.9, 18.7, 36.2, 24.6, 65.3, 17.6, 193.7, '2026-06-17 15:33:50');
INSERT INTO river_sensorReading (id, idNode, tinggiAir, kelembapanTanah, curahHujan, suhuRataRata, kelembapanUdara, kecepatanAngin, arahAngin, recorded_at) VALUES (9, 10, 4.63, 24.4, 41.6, 24.6, 73.2, 9.1, 178.3, '2026-06-17 16:33:50');
INSERT INTO river_sensorReading (id, idNode, tinggiAir, kelembapanTanah, curahHujan, suhuRataRata, kelembapanUdara, kecepatanAngin, arahAngin, recorded_at) VALUES (10, 2, 5.07, 9.3, 41.5, 33.4, 99.9, 13.8, 211.9, '2026-06-17 17:33:50');
INSERT INTO river_sensorReading (id, idNode, tinggiAir, kelembapanTanah, curahHujan, suhuRataRata, kelembapanUdara, kecepatanAngin, arahAngin, recorded_at) VALUES (11, 6, 5.45, 30.9, 18.9, 32.2, 63.3, 17.3, 172.4, '2026-06-17 18:33:50');
INSERT INTO river_sensorReading (id, idNode, tinggiAir, kelembapanTanah, curahHujan, suhuRataRata, kelembapanUdara, kecepatanAngin, arahAngin, recorded_at) VALUES (12, 9, 0.59, 14.7, 34.0, 35.5, 56.3, 11.0, 356.6, '2026-06-17 19:33:50');
INSERT INTO river_sensorReading (id, idNode, tinggiAir, kelembapanTanah, curahHujan, suhuRataRata, kelembapanUdara, kecepatanAngin, arahAngin, recorded_at) VALUES (13, 1, 3.94, 26.5, 2.7, 30.3, 95.5, 1.5, 80.8, '2026-06-17 20:33:50');
INSERT INTO river_sensorReading (id, idNode, tinggiAir, kelembapanTanah, curahHujan, suhuRataRata, kelembapanUdara, kecepatanAngin, arahAngin, recorded_at) VALUES (14, 9, 3.14, 5.4, 6.1, 33.8, 87.3, 10.6, 104.6, '2026-06-17 21:33:50');
INSERT INTO river_sensorReading (id, idNode, tinggiAir, kelembapanTanah, curahHujan, suhuRataRata, kelembapanUdara, kecepatanAngin, arahAngin, recorded_at) VALUES (15, 3, 1.13, 29.9, 36.6, 31.8, 83.7, 2.2, 67.3, '2026-06-17 22:33:50');
INSERT INTO river_sensorReading (id, idNode, tinggiAir, kelembapanTanah, curahHujan, suhuRataRata, kelembapanUdara, kecepatanAngin, arahAngin, recorded_at) VALUES (16, 1, 4.24, 14.6, 48.3, 28.7, 77.3, 13.4, 287.5, '2026-06-17 23:33:50');
INSERT INTO river_sensorReading (id, idNode, tinggiAir, kelembapanTanah, curahHujan, suhuRataRata, kelembapanUdara, kecepatanAngin, arahAngin, recorded_at) VALUES (17, 8, 2.82, 34.0, 27.7, 23.5, 86.2, 17.3, 110.0, '2026-06-18 00:33:50');
INSERT INTO river_sensorReading (id, idNode, tinggiAir, kelembapanTanah, curahHujan, suhuRataRata, kelembapanUdara, kecepatanAngin, arahAngin, recorded_at) VALUES (18, 9, 6.35, 29.2, 41.6, 31.6, 97.0, 15.4, 31.7, '2026-06-18 01:33:50');
INSERT INTO river_sensorReading (id, idNode, tinggiAir, kelembapanTanah, curahHujan, suhuRataRata, kelembapanUdara, kecepatanAngin, arahAngin, recorded_at) VALUES (19, 7, 1.73, 21.6, 28.4, 23.7, 59.1, 2.8, 351.0, '2026-06-18 02:33:50');
INSERT INTO river_sensorReading (id, idNode, tinggiAir, kelembapanTanah, curahHujan, suhuRataRata, kelembapanUdara, kecepatanAngin, arahAngin, recorded_at) VALUES (20, 3, 0.69, 9.5, 36.0, 33.2, 56.7, 5.8, 140.0, '2026-06-18 03:33:50');
INSERT INTO river_sensorReading (id, idNode, tinggiAir, kelembapanTanah, curahHujan, suhuRataRata, kelembapanUdara, kecepatanAngin, arahAngin, recorded_at) VALUES (21, 10, 5.61, 6.8, 34.6, 23.3, 91.9, 16.7, 253.3, '2026-06-18 04:33:50');
INSERT INTO river_sensorReading (id, idNode, tinggiAir, kelembapanTanah, curahHujan, suhuRataRata, kelembapanUdara, kecepatanAngin, arahAngin, recorded_at) VALUES (22, 8, 4.67, 28.5, 50.6, 32.1, 61.4, 11.9, 317.0, '2026-06-18 05:33:50');
INSERT INTO river_sensorReading (id, idNode, tinggiAir, kelembapanTanah, curahHujan, suhuRataRata, kelembapanUdara, kecepatanAngin, arahAngin, recorded_at) VALUES (23, 2, 5.86, 16.4, 1.0, 24.3, 98.0, 1.8, 13.1, '2026-06-18 06:33:50');
INSERT INTO river_sensorReading (id, idNode, tinggiAir, kelembapanTanah, curahHujan, suhuRataRata, kelembapanUdara, kecepatanAngin, arahAngin, recorded_at) VALUES (24, 9, 4.59, 22.4, 35.8, 34.7, 97.9, 9.1, 316.5, '2026-06-18 07:33:50');
INSERT INTO river_sensorReading (id, idNode, tinggiAir, kelembapanTanah, curahHujan, suhuRataRata, kelembapanUdara, kecepatanAngin, arahAngin, recorded_at) VALUES (25, 9, 5.38, 27.2, 31.6, 29.6, 95.6, 5.3, 292.3, '2026-06-18 08:33:50');
INSERT INTO river_sensorReading (id, idNode, tinggiAir, kelembapanTanah, curahHujan, suhuRataRata, kelembapanUdara, kecepatanAngin, arahAngin, recorded_at) VALUES (26, 10, 2.74, 37.0, 19.2, 24.7, 55.6, 19.8, 227.6, '2026-06-18 09:33:50');
INSERT INTO river_sensorReading (id, idNode, tinggiAir, kelembapanTanah, curahHujan, suhuRataRata, kelembapanUdara, kecepatanAngin, arahAngin, recorded_at) VALUES (27, 1, 3.68, 22.0, 20.1, 31.1, 63.6, 3.6, 215.4, '2026-06-18 10:33:50');
INSERT INTO river_sensorReading (id, idNode, tinggiAir, kelembapanTanah, curahHujan, suhuRataRata, kelembapanUdara, kecepatanAngin, arahAngin, recorded_at) VALUES (28, 7, 3.69, 35.7, 17.7, 30.1, 95.7, 17.8, 250.9, '2026-06-18 11:33:50');
INSERT INTO river_sensorReading (id, idNode, tinggiAir, kelembapanTanah, curahHujan, suhuRataRata, kelembapanUdara, kecepatanAngin, arahAngin, recorded_at) VALUES (29, 3, 0.5, 16.5, 45.0, 23.6, 66.4, 1.9, 94.4, '2026-06-18 12:33:50');
INSERT INTO river_sensorReading (id, idNode, tinggiAir, kelembapanTanah, curahHujan, suhuRataRata, kelembapanUdara, kecepatanAngin, arahAngin, recorded_at) VALUES (30, 3, 3.42, 19.3, 47.5, 26.7, 55.7, 17.4, 328.0, '2026-06-18 13:33:50');
INSERT INTO river_sensorReading (id, idNode, tinggiAir, kelembapanTanah, curahHujan, suhuRataRata, kelembapanUdara, kecepatanAngin, arahAngin, recorded_at) VALUES (31, 2, 4.58, 39.0, 47.9, 35.1, 64.9, 11.1, 210.8, '2026-06-18 14:33:50');
INSERT INTO river_sensorReading (id, idNode, tinggiAir, kelembapanTanah, curahHujan, suhuRataRata, kelembapanUdara, kecepatanAngin, arahAngin, recorded_at) VALUES (32, 3, 6.21, 27.4, 38.7, 33.1, 72.3, 6.8, 26.0, '2026-06-18 15:33:50');
INSERT INTO river_sensorReading (id, idNode, tinggiAir, kelembapanTanah, curahHujan, suhuRataRata, kelembapanUdara, kecepatanAngin, arahAngin, recorded_at) VALUES (33, 9, 0.58, 34.9, 13.1, 33.0, 63.6, 10.7, 284.5, '2026-06-18 16:33:50');
INSERT INTO river_sensorReading (id, idNode, tinggiAir, kelembapanTanah, curahHujan, suhuRataRata, kelembapanUdara, kecepatanAngin, arahAngin, recorded_at) VALUES (34, 6, 5.36, 25.6, 46.0, 33.0, 93.1, 1.8, 353.3, '2026-06-18 17:33:50');
INSERT INTO river_sensorReading (id, idNode, tinggiAir, kelembapanTanah, curahHujan, suhuRataRata, kelembapanUdara, kecepatanAngin, arahAngin, recorded_at) VALUES (35, 8, 3.21, 5.9, 35.4, 33.2, 79.1, 17.6, 341.1, '2026-06-18 18:33:50');
INSERT INTO river_sensorReading (id, idNode, tinggiAir, kelembapanTanah, curahHujan, suhuRataRata, kelembapanUdara, kecepatanAngin, arahAngin, recorded_at) VALUES (36, 7, 5.23, 35.6, 20.4, 32.1, 75.8, 16.8, 320.6, '2026-06-18 19:33:50');
INSERT INTO river_sensorReading (id, idNode, tinggiAir, kelembapanTanah, curahHujan, suhuRataRata, kelembapanUdara, kecepatanAngin, arahAngin, recorded_at) VALUES (37, 2, 1.34, 18.9, 11.6, 24.6, 58.6, 3.6, 80.6, '2026-06-18 20:33:50');
INSERT INTO river_sensorReading (id, idNode, tinggiAir, kelembapanTanah, curahHujan, suhuRataRata, kelembapanUdara, kecepatanAngin, arahAngin, recorded_at) VALUES (38, 3, 3.81, 38.7, 12.6, 31.1, 60.7, 10.0, 176.9, '2026-06-18 21:33:50');
INSERT INTO river_sensorReading (id, idNode, tinggiAir, kelembapanTanah, curahHujan, suhuRataRata, kelembapanUdara, kecepatanAngin, arahAngin, recorded_at) VALUES (39, 7, 3.84, 26.8, 50.4, 32.5, 82.2, 4.2, 103.4, '2026-06-18 22:33:50');
INSERT INTO river_sensorReading (id, idNode, tinggiAir, kelembapanTanah, curahHujan, suhuRataRata, kelembapanUdara, kecepatanAngin, arahAngin, recorded_at) VALUES (40, 2, 5.01, 32.2, 12.6, 30.4, 84.5, 9.2, 218.8, '2026-06-18 23:33:50');
INSERT INTO river_sensorReading (id, idNode, tinggiAir, kelembapanTanah, curahHujan, suhuRataRata, kelembapanUdara, kecepatanAngin, arahAngin, recorded_at) VALUES (41, 10, 1.48, 6.8, 19.8, 27.9, 65.3, 11.1, 332.7, '2026-06-19 00:33:50');
INSERT INTO river_sensorReading (id, idNode, tinggiAir, kelembapanTanah, curahHujan, suhuRataRata, kelembapanUdara, kecepatanAngin, arahAngin, recorded_at) VALUES (42, 2, 1.8, 37.8, 0.9, 30.0, 96.3, 6.4, 9.2, '2026-06-19 01:33:50');
INSERT INTO river_sensorReading (id, idNode, tinggiAir, kelembapanTanah, curahHujan, suhuRataRata, kelembapanUdara, kecepatanAngin, arahAngin, recorded_at) VALUES (43, 7, 4.37, 5.3, 26.0, 28.9, 95.7, 2.2, 104.0, '2026-06-19 02:33:50');
INSERT INTO river_sensorReading (id, idNode, tinggiAir, kelembapanTanah, curahHujan, suhuRataRata, kelembapanUdara, kecepatanAngin, arahAngin, recorded_at) VALUES (44, 6, 3.27, 16.3, 30.2, 29.8, 53.5, 16.7, 88.5, '2026-06-19 03:33:50');
INSERT INTO river_sensorReading (id, idNode, tinggiAir, kelembapanTanah, curahHujan, suhuRataRata, kelembapanUdara, kecepatanAngin, arahAngin, recorded_at) VALUES (45, 5, 5.22, 20.8, 48.4, 29.3, 98.4, 10.4, 338.4, '2026-06-19 04:33:50');
INSERT INTO river_sensorReading (id, idNode, tinggiAir, kelembapanTanah, curahHujan, suhuRataRata, kelembapanUdara, kecepatanAngin, arahAngin, recorded_at) VALUES (46, 7, 1.11, 23.5, 50.9, 29.7, 67.3, 0.2, 243.4, '2026-06-19 05:33:50');
INSERT INTO river_sensorReading (id, idNode, tinggiAir, kelembapanTanah, curahHujan, suhuRataRata, kelembapanUdara, kecepatanAngin, arahAngin, recorded_at) VALUES (47, 3, 5.88, 15.3, 5.5, 31.9, 96.1, 1.2, 194.6, '2026-06-19 06:33:50');
INSERT INTO river_sensorReading (id, idNode, tinggiAir, kelembapanTanah, curahHujan, suhuRataRata, kelembapanUdara, kecepatanAngin, arahAngin, recorded_at) VALUES (48, 7, 4.78, 26.7, 36.5, 30.2, 84.1, 15.8, 47.0, '2026-06-19 07:33:50');
INSERT INTO river_sensorReading (id, idNode, tinggiAir, kelembapanTanah, curahHujan, suhuRataRata, kelembapanUdara, kecepatanAngin, arahAngin, recorded_at) VALUES (49, 7, 3.74, 20.2, 6.6, 27.4, 77.8, 6.4, 119.6, '2026-06-19 08:33:50');
INSERT INTO river_sensorReading (id, idNode, tinggiAir, kelembapanTanah, curahHujan, suhuRataRata, kelembapanUdara, kecepatanAngin, arahAngin, recorded_at) VALUES (50, 7, 6.25, 37.0, 47.9, 33.4, 98.9, 1.7, 162.6, '2026-06-19 09:33:50');
INSERT INTO river_sensorReading (id, idNode, tinggiAir, kelembapanTanah, curahHujan, suhuRataRata, kelembapanUdara, kecepatanAngin, arahAngin, recorded_at) VALUES (51, 8, 5.1, 20.5, 43.9, 25.5, 93.4, 14.4, 329.9, '2026-06-19 10:33:50');
INSERT INTO river_sensorReading (id, idNode, tinggiAir, kelembapanTanah, curahHujan, suhuRataRata, kelembapanUdara, kecepatanAngin, arahAngin, recorded_at) VALUES (52, 6, 2.8, 36.3, 41.9, 31.1, 71.5, 5.8, 177.4, '2026-06-19 11:33:50');
INSERT INTO river_sensorReading (id, idNode, tinggiAir, kelembapanTanah, curahHujan, suhuRataRata, kelembapanUdara, kecepatanAngin, arahAngin, recorded_at) VALUES (53, 7, 2.65, 11.4, 49.1, 30.6, 96.2, 18.5, 75.8, '2026-06-19 12:33:50');
INSERT INTO river_sensorReading (id, idNode, tinggiAir, kelembapanTanah, curahHujan, suhuRataRata, kelembapanUdara, kecepatanAngin, arahAngin, recorded_at) VALUES (54, 7, 4.54, 24.2, 30.7, 27.2, 91.0, 6.3, 36.0, '2026-06-19 13:33:50');
INSERT INTO river_sensorReading (id, idNode, tinggiAir, kelembapanTanah, curahHujan, suhuRataRata, kelembapanUdara, kecepatanAngin, arahAngin, recorded_at) VALUES (55, 8, 5.08, 20.6, 15.0, 25.1, 82.1, 1.9, 278.8, '2026-06-19 14:33:50');
INSERT INTO river_sensorReading (id, idNode, tinggiAir, kelembapanTanah, curahHujan, suhuRataRata, kelembapanUdara, kecepatanAngin, arahAngin, recorded_at) VALUES (56, 2, 0.67, 7.0, 5.6, 23.3, 84.4, 8.9, 140.6, '2026-06-19 15:33:50');
INSERT INTO river_sensorReading (id, idNode, tinggiAir, kelembapanTanah, curahHujan, suhuRataRata, kelembapanUdara, kecepatanAngin, arahAngin, recorded_at) VALUES (57, 4, 5.46, 5.5, 20.6, 29.4, 56.0, 13.3, 9.2, '2026-06-19 16:33:50');
INSERT INTO river_sensorReading (id, idNode, tinggiAir, kelembapanTanah, curahHujan, suhuRataRata, kelembapanUdara, kecepatanAngin, arahAngin, recorded_at) VALUES (58, 9, 2.7, 13.8, 43.4, 26.2, 88.0, 10.6, 286.6, '2026-06-19 17:33:50');
INSERT INTO river_sensorReading (id, idNode, tinggiAir, kelembapanTanah, curahHujan, suhuRataRata, kelembapanUdara, kecepatanAngin, arahAngin, recorded_at) VALUES (59, 7, 4.58, 17.9, 10.3, 27.5, 73.0, 6.3, 280.1, '2026-06-19 18:33:50');
INSERT INTO river_sensorReading (id, idNode, tinggiAir, kelembapanTanah, curahHujan, suhuRataRata, kelembapanUdara, kecepatanAngin, arahAngin, recorded_at) VALUES (60, 4, 3.56, 11.7, 51.7, 29.0, 78.0, 2.5, 100.5, '2026-06-19 19:33:50');
INSERT INTO river_sensorReading (id, idNode, tinggiAir, kelembapanTanah, curahHujan, suhuRataRata, kelembapanUdara, kecepatanAngin, arahAngin, recorded_at) VALUES (61, 4, 1.12, 21.9, 41.9, 28.2, 85.5, 19.4, 355.2, '2026-06-19 20:33:50');
INSERT INTO river_sensorReading (id, idNode, tinggiAir, kelembapanTanah, curahHujan, suhuRataRata, kelembapanUdara, kecepatanAngin, arahAngin, recorded_at) VALUES (62, 8, 2.66, 18.3, 35.6, 27.1, 71.2, 1.1, 230.1, '2026-06-19 21:33:50');
INSERT INTO river_sensorReading (id, idNode, tinggiAir, kelembapanTanah, curahHujan, suhuRataRata, kelembapanUdara, kecepatanAngin, arahAngin, recorded_at) VALUES (63, 5, 4.99, 25.1, 28.3, 28.5, 86.0, 19.8, 228.0, '2026-06-19 22:33:50');
INSERT INTO river_sensorReading (id, idNode, tinggiAir, kelembapanTanah, curahHujan, suhuRataRata, kelembapanUdara, kecepatanAngin, arahAngin, recorded_at) VALUES (64, 5, 2.1, 35.7, 4.9, 34.7, 85.4, 12.1, 280.6, '2026-06-19 23:33:50');
INSERT INTO river_sensorReading (id, idNode, tinggiAir, kelembapanTanah, curahHujan, suhuRataRata, kelembapanUdara, kecepatanAngin, arahAngin, recorded_at) VALUES (65, 1, 1.24, 33.9, 40.3, 23.7, 64.7, 1.7, 80.2, '2026-06-20 00:33:50');
INSERT INTO river_sensorReading (id, idNode, tinggiAir, kelembapanTanah, curahHujan, suhuRataRata, kelembapanUdara, kecepatanAngin, arahAngin, recorded_at) VALUES (66, 5, 3.99, 23.4, 34.4, 28.1, 65.6, 10.3, 174.5, '2026-06-20 01:33:50');
INSERT INTO river_sensorReading (id, idNode, tinggiAir, kelembapanTanah, curahHujan, suhuRataRata, kelembapanUdara, kecepatanAngin, arahAngin, recorded_at) VALUES (67, 6, 4.71, 18.7, 22.0, 31.9, 90.2, 12.0, 153.5, '2026-06-20 02:33:50');
INSERT INTO river_sensorReading (id, idNode, tinggiAir, kelembapanTanah, curahHujan, suhuRataRata, kelembapanUdara, kecepatanAngin, arahAngin, recorded_at) VALUES (68, 9, 2.84, 21.0, 20.2, 24.0, 83.8, 15.1, 213.2, '2026-06-20 03:33:50');
INSERT INTO river_sensorReading (id, idNode, tinggiAir, kelembapanTanah, curahHujan, suhuRataRata, kelembapanUdara, kecepatanAngin, arahAngin, recorded_at) VALUES (69, 9, 6.36, 38.3, 28.0, 26.0, 89.5, 0.0, 127.0, '2026-06-20 04:33:50');
INSERT INTO river_sensorReading (id, idNode, tinggiAir, kelembapanTanah, curahHujan, suhuRataRata, kelembapanUdara, kecepatanAngin, arahAngin, recorded_at) VALUES (70, 3, 3.7, 28.0, 6.4, 30.9, 64.7, 13.3, 301.7, '2026-06-20 05:33:50');
INSERT INTO river_sensorReading (id, idNode, tinggiAir, kelembapanTanah, curahHujan, suhuRataRata, kelembapanUdara, kecepatanAngin, arahAngin, recorded_at) VALUES (71, 2, 1.84, 29.5, 30.4, 28.0, 74.8, 3.4, 75.2, '2026-06-20 06:33:50');
INSERT INTO river_sensorReading (id, idNode, tinggiAir, kelembapanTanah, curahHujan, suhuRataRata, kelembapanUdara, kecepatanAngin, arahAngin, recorded_at) VALUES (72, 1, 2.47, 32.4, 31.4, 28.3, 60.9, 0.0, 205.5, '2026-06-20 07:33:50');
INSERT INTO river_sensorReading (id, idNode, tinggiAir, kelembapanTanah, curahHujan, suhuRataRata, kelembapanUdara, kecepatanAngin, arahAngin, recorded_at) VALUES (73, 7, 0.52, 25.2, 7.5, 35.8, 65.9, 1.0, 105.0, '2026-06-20 08:33:50');
INSERT INTO river_sensorReading (id, idNode, tinggiAir, kelembapanTanah, curahHujan, suhuRataRata, kelembapanUdara, kecepatanAngin, arahAngin, recorded_at) VALUES (74, 4, 5.46, 38.8, 39.6, 23.8, 59.4, 3.5, 126.0, '2026-06-20 09:33:50');
INSERT INTO river_sensorReading (id, idNode, tinggiAir, kelembapanTanah, curahHujan, suhuRataRata, kelembapanUdara, kecepatanAngin, arahAngin, recorded_at) VALUES (75, 9, 5.97, 30.5, 20.9, 25.8, 70.4, 12.7, 26.0, '2026-06-20 10:33:50');
INSERT INTO river_sensorReading (id, idNode, tinggiAir, kelembapanTanah, curahHujan, suhuRataRata, kelembapanUdara, kecepatanAngin, arahAngin, recorded_at) VALUES (76, 9, 2.68, 35.1, 51.9, 36.4, 68.3, 16.5, 26.1, '2026-06-20 11:33:50');
INSERT INTO river_sensorReading (id, idNode, tinggiAir, kelembapanTanah, curahHujan, suhuRataRata, kelembapanUdara, kecepatanAngin, arahAngin, recorded_at) VALUES (77, 10, 2.02, 38.0, 35.3, 36.1, 67.5, 14.1, 211.0, '2026-06-20 12:33:50');
INSERT INTO river_sensorReading (id, idNode, tinggiAir, kelembapanTanah, curahHujan, suhuRataRata, kelembapanUdara, kecepatanAngin, arahAngin, recorded_at) VALUES (78, 6, 4.18, 6.4, 35.8, 34.8, 65.0, 11.8, 201.6, '2026-06-20 13:33:50');
INSERT INTO river_sensorReading (id, idNode, tinggiAir, kelembapanTanah, curahHujan, suhuRataRata, kelembapanUdara, kecepatanAngin, arahAngin, recorded_at) VALUES (79, 4, 1.5, 33.7, 17.3, 29.6, 98.3, 5.2, 72.6, '2026-06-20 14:33:50');
INSERT INTO river_sensorReading (id, idNode, tinggiAir, kelembapanTanah, curahHujan, suhuRataRata, kelembapanUdara, kecepatanAngin, arahAngin, recorded_at) VALUES (80, 1, 6.09, 24.9, 17.3, 26.5, 80.8, 8.7, 3.2, '2026-06-20 15:33:50');
INSERT INTO river_sensorReading (id, idNode, tinggiAir, kelembapanTanah, curahHujan, suhuRataRata, kelembapanUdara, kecepatanAngin, arahAngin, recorded_at) VALUES (81, 8, 1.55, 15.6, 13.5, 23.5, 75.3, 0.6, 43.9, '2026-06-20 16:33:50');
INSERT INTO river_sensorReading (id, idNode, tinggiAir, kelembapanTanah, curahHujan, suhuRataRata, kelembapanUdara, kecepatanAngin, arahAngin, recorded_at) VALUES (82, 3, 1.31, 36.4, 38.2, 31.9, 98.2, 14.4, 182.3, '2026-06-20 17:33:50');
INSERT INTO river_sensorReading (id, idNode, tinggiAir, kelembapanTanah, curahHujan, suhuRataRata, kelembapanUdara, kecepatanAngin, arahAngin, recorded_at) VALUES (83, 9, 2.01, 34.5, 49.8, 24.2, 71.7, 6.0, 230.3, '2026-06-20 18:33:50');
INSERT INTO river_sensorReading (id, idNode, tinggiAir, kelembapanTanah, curahHujan, suhuRataRata, kelembapanUdara, kecepatanAngin, arahAngin, recorded_at) VALUES (84, 7, 2.04, 6.0, 26.9, 33.7, 96.2, 18.8, 47.7, '2026-06-20 19:33:50');
INSERT INTO river_sensorReading (id, idNode, tinggiAir, kelembapanTanah, curahHujan, suhuRataRata, kelembapanUdara, kecepatanAngin, arahAngin, recorded_at) VALUES (85, 7, 2.48, 21.1, 4.3, 29.4, 94.4, 2.4, 218.6, '2026-06-20 20:33:50');
INSERT INTO river_sensorReading (id, idNode, tinggiAir, kelembapanTanah, curahHujan, suhuRataRata, kelembapanUdara, kecepatanAngin, arahAngin, recorded_at) VALUES (86, 8, 2.46, 18.2, 48.5, 26.7, 76.6, 17.7, 77.7, '2026-06-20 21:33:50');
INSERT INTO river_sensorReading (id, idNode, tinggiAir, kelembapanTanah, curahHujan, suhuRataRata, kelembapanUdara, kecepatanAngin, arahAngin, recorded_at) VALUES (87, 7, 1.67, 34.4, 39.2, 27.8, 92.3, 0.5, 15.7, '2026-06-20 22:33:50');
INSERT INTO river_sensorReading (id, idNode, tinggiAir, kelembapanTanah, curahHujan, suhuRataRata, kelembapanUdara, kecepatanAngin, arahAngin, recorded_at) VALUES (88, 8, 5.91, 15.8, 18.2, 24.4, 62.3, 8.4, 58.4, '2026-06-20 23:33:50');
INSERT INTO river_sensorReading (id, idNode, tinggiAir, kelembapanTanah, curahHujan, suhuRataRata, kelembapanUdara, kecepatanAngin, arahAngin, recorded_at) VALUES (89, 6, 2.95, 16.2, 10.0, 33.7, 66.4, 11.5, 249.0, '2026-06-21 00:33:50');
INSERT INTO river_sensorReading (id, idNode, tinggiAir, kelembapanTanah, curahHujan, suhuRataRata, kelembapanUdara, kecepatanAngin, arahAngin, recorded_at) VALUES (90, 2, 4.74, 19.2, 30.0, 28.9, 78.7, 10.3, 236.8, '2026-06-21 01:33:50');
INSERT INTO river_sensorReading (id, idNode, tinggiAir, kelembapanTanah, curahHujan, suhuRataRata, kelembapanUdara, kecepatanAngin, arahAngin, recorded_at) VALUES (91, 8, 2.59, 30.9, 13.6, 28.7, 73.3, 9.7, 84.6, '2026-06-21 02:33:50');
INSERT INTO river_sensorReading (id, idNode, tinggiAir, kelembapanTanah, curahHujan, suhuRataRata, kelembapanUdara, kecepatanAngin, arahAngin, recorded_at) VALUES (92, 3, 4.9, 24.1, 22.6, 29.6, 91.0, 4.6, 246.8, '2026-06-21 03:33:50');
INSERT INTO river_sensorReading (id, idNode, tinggiAir, kelembapanTanah, curahHujan, suhuRataRata, kelembapanUdara, kecepatanAngin, arahAngin, recorded_at) VALUES (93, 4, 5.95, 24.9, 26.4, 29.6, 97.6, 9.3, 271.7, '2026-06-21 04:33:50');
INSERT INTO river_sensorReading (id, idNode, tinggiAir, kelembapanTanah, curahHujan, suhuRataRata, kelembapanUdara, kecepatanAngin, arahAngin, recorded_at) VALUES (94, 10, 3.81, 5.8, 30.7, 32.4, 51.3, 16.0, 23.7, '2026-06-21 05:33:50');
INSERT INTO river_sensorReading (id, idNode, tinggiAir, kelembapanTanah, curahHujan, suhuRataRata, kelembapanUdara, kecepatanAngin, arahAngin, recorded_at) VALUES (95, 10, 0.95, 19.1, 22.1, 32.2, 79.6, 12.6, 250.8, '2026-06-21 06:33:50');
INSERT INTO river_sensorReading (id, idNode, tinggiAir, kelembapanTanah, curahHujan, suhuRataRata, kelembapanUdara, kecepatanAngin, arahAngin, recorded_at) VALUES (96, 10, 1.85, 13.0, 47.6, 25.9, 64.5, 3.0, 317.1, '2026-06-21 07:33:50');
INSERT INTO river_sensorReading (id, idNode, tinggiAir, kelembapanTanah, curahHujan, suhuRataRata, kelembapanUdara, kecepatanAngin, arahAngin, recorded_at) VALUES (97, 10, 3.52, 14.8, 37.8, 32.3, 63.2, 16.2, 13.9, '2026-06-21 08:33:50');
INSERT INTO river_sensorReading (id, idNode, tinggiAir, kelembapanTanah, curahHujan, suhuRataRata, kelembapanUdara, kecepatanAngin, arahAngin, recorded_at) VALUES (98, 5, 3.94, 23.8, 20.1, 27.6, 90.1, 10.1, 126.6, '2026-06-21 09:33:50');
INSERT INTO river_sensorReading (id, idNode, tinggiAir, kelembapanTanah, curahHujan, suhuRataRata, kelembapanUdara, kecepatanAngin, arahAngin, recorded_at) VALUES (99, 9, 3.3, 36.5, 13.3, 24.5, 98.1, 5.8, 131.5, '2026-06-21 10:33:50');
INSERT INTO river_sensorReading (id, idNode, tinggiAir, kelembapanTanah, curahHujan, suhuRataRata, kelembapanUdara, kecepatanAngin, arahAngin, recorded_at) VALUES (100, 2, 5.87, 37.2, 34.3, 32.8, 77.1, 5.3, 334.4, '2026-06-21 11:33:50');
INSERT INTO river_sensorReading (id, idNode, tinggiAir, kelembapanTanah, curahHujan, suhuRataRata, kelembapanUdara, kecepatanAngin, arahAngin, recorded_at) VALUES (101, 10, 5.75, 22.2, 34.5, 33.6, 63.8, 8.3, 99.1, '2026-06-21 12:33:50');
INSERT INTO river_sensorReading (id, idNode, tinggiAir, kelembapanTanah, curahHujan, suhuRataRata, kelembapanUdara, kecepatanAngin, arahAngin, recorded_at) VALUES (102, 7, 5.46, 27.4, 33.2, 30.5, 58.1, 9.5, 137.1, '2026-06-21 13:33:50');
INSERT INTO river_sensorReading (id, idNode, tinggiAir, kelembapanTanah, curahHujan, suhuRataRata, kelembapanUdara, kecepatanAngin, arahAngin, recorded_at) VALUES (103, 7, 6.07, 20.4, 3.2, 36.1, 59.3, 18.4, 103.5, '2026-06-21 14:33:50');
INSERT INTO river_sensorReading (id, idNode, tinggiAir, kelembapanTanah, curahHujan, suhuRataRata, kelembapanUdara, kecepatanAngin, arahAngin, recorded_at) VALUES (104, 5, 6.05, 10.4, 40.3, 23.6, 66.5, 10.6, 357.5, '2026-06-21 15:33:50');
INSERT INTO river_sensorReading (id, idNode, tinggiAir, kelembapanTanah, curahHujan, suhuRataRata, kelembapanUdara, kecepatanAngin, arahAngin, recorded_at) VALUES (105, 3, 4.96, 37.6, 15.3, 36.3, 69.7, 4.4, 138.8, '2026-06-21 16:33:50');
INSERT INTO river_sensorReading (id, idNode, tinggiAir, kelembapanTanah, curahHujan, suhuRataRata, kelembapanUdara, kecepatanAngin, arahAngin, recorded_at) VALUES (106, 3, 0.91, 32.4, 1.9, 35.8, 90.3, 18.0, 345.3, '2026-06-21 17:33:50');
INSERT INTO river_sensorReading (id, idNode, tinggiAir, kelembapanTanah, curahHujan, suhuRataRata, kelembapanUdara, kecepatanAngin, arahAngin, recorded_at) VALUES (107, 5, 4.32, 39.5, 48.8, 35.4, 95.5, 16.6, 359.6, '2026-06-21 18:33:50');
INSERT INTO river_sensorReading (id, idNode, tinggiAir, kelembapanTanah, curahHujan, suhuRataRata, kelembapanUdara, kecepatanAngin, arahAngin, recorded_at) VALUES (108, 7, 1.21, 31.5, 10.0, 34.6, 50.5, 16.1, 20.5, '2026-06-21 19:33:50');
INSERT INTO river_sensorReading (id, idNode, tinggiAir, kelembapanTanah, curahHujan, suhuRataRata, kelembapanUdara, kecepatanAngin, arahAngin, recorded_at) VALUES (109, 7, 0.95, 25.8, 8.2, 31.7, 57.4, 15.4, 95.4, '2026-06-21 20:33:50');
INSERT INTO river_sensorReading (id, idNode, tinggiAir, kelembapanTanah, curahHujan, suhuRataRata, kelembapanUdara, kecepatanAngin, arahAngin, recorded_at) VALUES (110, 5, 3.79, 5.6, 9.7, 29.6, 86.7, 15.2, 296.3, '2026-06-21 21:33:50');
INSERT INTO river_sensorReading (id, idNode, tinggiAir, kelembapanTanah, curahHujan, suhuRataRata, kelembapanUdara, kecepatanAngin, arahAngin, recorded_at) VALUES (111, 2, 1.27, 28.3, 44.6, 33.8, 52.1, 7.6, 252.0, '2026-06-21 22:33:50');
INSERT INTO river_sensorReading (id, idNode, tinggiAir, kelembapanTanah, curahHujan, suhuRataRata, kelembapanUdara, kecepatanAngin, arahAngin, recorded_at) VALUES (112, 8, 0.89, 16.9, 25.2, 33.2, 78.3, 1.7, 151.3, '2026-06-21 23:33:50');
INSERT INTO river_sensorReading (id, idNode, tinggiAir, kelembapanTanah, curahHujan, suhuRataRata, kelembapanUdara, kecepatanAngin, arahAngin, recorded_at) VALUES (113, 6, 4.0, 13.1, 2.2, 32.8, 61.9, 6.2, 247.8, '2026-06-22 00:33:50');
INSERT INTO river_sensorReading (id, idNode, tinggiAir, kelembapanTanah, curahHujan, suhuRataRata, kelembapanUdara, kecepatanAngin, arahAngin, recorded_at) VALUES (114, 1, 4.77, 33.9, 45.2, 27.8, 90.6, 4.7, 183.3, '2026-06-22 01:33:50');
INSERT INTO river_sensorReading (id, idNode, tinggiAir, kelembapanTanah, curahHujan, suhuRataRata, kelembapanUdara, kecepatanAngin, arahAngin, recorded_at) VALUES (115, 3, 4.2, 8.9, 3.7, 29.7, 62.9, 15.4, 210.1, '2026-06-22 02:33:50');
INSERT INTO river_sensorReading (id, idNode, tinggiAir, kelembapanTanah, curahHujan, suhuRataRata, kelembapanUdara, kecepatanAngin, arahAngin, recorded_at) VALUES (116, 3, 4.64, 11.8, 3.1, 25.2, 79.0, 17.0, 171.2, '2026-06-22 03:33:50');
INSERT INTO river_sensorReading (id, idNode, tinggiAir, kelembapanTanah, curahHujan, suhuRataRata, kelembapanUdara, kecepatanAngin, arahAngin, recorded_at) VALUES (117, 9, 3.13, 31.9, 48.3, 30.4, 55.4, 7.4, 80.6, '2026-06-22 04:33:50');
INSERT INTO river_sensorReading (id, idNode, tinggiAir, kelembapanTanah, curahHujan, suhuRataRata, kelembapanUdara, kecepatanAngin, arahAngin, recorded_at) VALUES (118, 8, 2.4, 12.3, 20.7, 31.1, 60.7, 16.8, 313.4, '2026-06-22 05:33:50');
INSERT INTO river_sensorReading (id, idNode, tinggiAir, kelembapanTanah, curahHujan, suhuRataRata, kelembapanUdara, kecepatanAngin, arahAngin, recorded_at) VALUES (119, 4, 4.02, 36.1, 2.2, 27.0, 93.0, 4.9, 304.9, '2026-06-22 06:33:50');
INSERT INTO river_sensorReading (id, idNode, tinggiAir, kelembapanTanah, curahHujan, suhuRataRata, kelembapanUdara, kecepatanAngin, arahAngin, recorded_at) VALUES (120, 1, 4.7, 34.2, 11.1, 35.5, 92.6, 15.2, 292.3, '2026-06-22 07:33:50');
INSERT INTO river_sensorReading (id, idNode, tinggiAir, kelembapanTanah, curahHujan, suhuRataRata, kelembapanUdara, kecepatanAngin, arahAngin, recorded_at) VALUES (121, 10, 2.47, 9.9, 52.0, 30.2, 89.8, 4.6, 90.0, '2026-06-22 08:33:50');
INSERT INTO river_sensorReading (id, idNode, tinggiAir, kelembapanTanah, curahHujan, suhuRataRata, kelembapanUdara, kecepatanAngin, arahAngin, recorded_at) VALUES (122, 4, 5.97, 37.2, 28.0, 35.9, 93.2, 6.9, 131.5, '2026-06-22 09:33:50');
INSERT INTO river_sensorReading (id, idNode, tinggiAir, kelembapanTanah, curahHujan, suhuRataRata, kelembapanUdara, kecepatanAngin, arahAngin, recorded_at) VALUES (123, 9, 4.06, 33.8, 34.5, 24.7, 70.0, 15.3, 278.5, '2026-06-22 10:33:50');
INSERT INTO river_sensorReading (id, idNode, tinggiAir, kelembapanTanah, curahHujan, suhuRataRata, kelembapanUdara, kecepatanAngin, arahAngin, recorded_at) VALUES (124, 5, 4.09, 14.1, 3.0, 36.5, 67.2, 12.2, 45.6, '2026-06-22 11:33:50');
INSERT INTO river_sensorReading (id, idNode, tinggiAir, kelembapanTanah, curahHujan, suhuRataRata, kelembapanUdara, kecepatanAngin, arahAngin, recorded_at) VALUES (125, 4, 3.32, 37.5, 23.1, 30.0, 63.3, 0.9, 339.6, '2026-06-22 12:33:50');
INSERT INTO river_sensorReading (id, idNode, tinggiAir, kelembapanTanah, curahHujan, suhuRataRata, kelembapanUdara, kecepatanAngin, arahAngin, recorded_at) VALUES (126, 3, 3.19, 26.2, 41.8, 25.4, 84.4, 5.3, 2.7, '2026-06-22 13:33:50');
INSERT INTO river_sensorReading (id, idNode, tinggiAir, kelembapanTanah, curahHujan, suhuRataRata, kelembapanUdara, kecepatanAngin, arahAngin, recorded_at) VALUES (127, 2, 2.22, 25.7, 32.8, 31.8, 61.6, 8.6, 101.7, '2026-06-22 14:33:50');
INSERT INTO river_sensorReading (id, idNode, tinggiAir, kelembapanTanah, curahHujan, suhuRataRata, kelembapanUdara, kecepatanAngin, arahAngin, recorded_at) VALUES (128, 9, 5.31, 34.0, 0.1, 33.1, 52.7, 14.5, 309.2, '2026-06-22 15:33:50');
INSERT INTO river_sensorReading (id, idNode, tinggiAir, kelembapanTanah, curahHujan, suhuRataRata, kelembapanUdara, kecepatanAngin, arahAngin, recorded_at) VALUES (129, 7, 1.01, 17.8, 25.0, 29.9, 91.7, 14.7, 3.0, '2026-06-22 16:33:50');
INSERT INTO river_sensorReading (id, idNode, tinggiAir, kelembapanTanah, curahHujan, suhuRataRata, kelembapanUdara, kecepatanAngin, arahAngin, recorded_at) VALUES (130, 6, 6.17, 38.8, 37.2, 30.1, 73.3, 15.8, 111.9, '2026-06-22 17:33:50');
INSERT INTO river_sensorReading (id, idNode, tinggiAir, kelembapanTanah, curahHujan, suhuRataRata, kelembapanUdara, kecepatanAngin, arahAngin, recorded_at) VALUES (131, 9, 4.13, 17.7, 33.9, 29.1, 97.8, 3.7, 100.8, '2026-06-22 18:33:50');
INSERT INTO river_sensorReading (id, idNode, tinggiAir, kelembapanTanah, curahHujan, suhuRataRata, kelembapanUdara, kecepatanAngin, arahAngin, recorded_at) VALUES (132, 4, 1.11, 23.3, 17.0, 25.2, 99.9, 5.9, 109.8, '2026-06-22 19:33:50');
INSERT INTO river_sensorReading (id, idNode, tinggiAir, kelembapanTanah, curahHujan, suhuRataRata, kelembapanUdara, kecepatanAngin, arahAngin, recorded_at) VALUES (133, 10, 2.12, 28.6, 21.5, 27.1, 97.0, 6.4, 88.1, '2026-06-22 20:33:50');
INSERT INTO river_sensorReading (id, idNode, tinggiAir, kelembapanTanah, curahHujan, suhuRataRata, kelembapanUdara, kecepatanAngin, arahAngin, recorded_at) VALUES (134, 5, 0.91, 12.9, 13.7, 34.2, 60.0, 6.6, 34.7, '2026-06-22 21:33:50');
INSERT INTO river_sensorReading (id, idNode, tinggiAir, kelembapanTanah, curahHujan, suhuRataRata, kelembapanUdara, kecepatanAngin, arahAngin, recorded_at) VALUES (135, 7, 1.38, 15.2, 38.5, 27.6, 88.3, 12.6, 189.8, '2026-06-22 22:33:50');
INSERT INTO river_sensorReading (id, idNode, tinggiAir, kelembapanTanah, curahHujan, suhuRataRata, kelembapanUdara, kecepatanAngin, arahAngin, recorded_at) VALUES (136, 5, 5.27, 7.1, 33.4, 25.3, 55.8, 18.0, 23.4, '2026-06-22 23:33:50');
INSERT INTO river_sensorReading (id, idNode, tinggiAir, kelembapanTanah, curahHujan, suhuRataRata, kelembapanUdara, kecepatanAngin, arahAngin, recorded_at) VALUES (137, 3, 0.92, 7.9, 32.1, 35.2, 96.3, 8.2, 76.1, '2026-06-23 00:33:50');
INSERT INTO river_sensorReading (id, idNode, tinggiAir, kelembapanTanah, curahHujan, suhuRataRata, kelembapanUdara, kecepatanAngin, arahAngin, recorded_at) VALUES (138, 10, 4.61, 17.2, 30.1, 26.9, 78.7, 16.9, 293.9, '2026-06-23 01:33:50');
INSERT INTO river_sensorReading (id, idNode, tinggiAir, kelembapanTanah, curahHujan, suhuRataRata, kelembapanUdara, kecepatanAngin, arahAngin, recorded_at) VALUES (139, 1, 4.3, 22.1, 50.3, 25.9, 96.1, 7.2, 102.1, '2026-06-23 02:33:50');
INSERT INTO river_sensorReading (id, idNode, tinggiAir, kelembapanTanah, curahHujan, suhuRataRata, kelembapanUdara, kecepatanAngin, arahAngin, recorded_at) VALUES (140, 7, 3.57, 14.3, 50.3, 35.5, 73.9, 1.2, 242.7, '2026-06-23 03:33:50');
INSERT INTO river_sensorReading (id, idNode, tinggiAir, kelembapanTanah, curahHujan, suhuRataRata, kelembapanUdara, kecepatanAngin, arahAngin, recorded_at) VALUES (141, 2, 4.26, 37.7, 46.8, 30.3, 86.3, 6.3, 31.7, '2026-06-23 04:33:50');
INSERT INTO river_sensorReading (id, idNode, tinggiAir, kelembapanTanah, curahHujan, suhuRataRata, kelembapanUdara, kecepatanAngin, arahAngin, recorded_at) VALUES (142, 8, 2.32, 39.2, 38.1, 26.6, 99.2, 0.9, 27.6, '2026-06-23 05:33:50');
INSERT INTO river_sensorReading (id, idNode, tinggiAir, kelembapanTanah, curahHujan, suhuRataRata, kelembapanUdara, kecepatanAngin, arahAngin, recorded_at) VALUES (143, 3, 1.17, 15.1, 30.3, 27.5, 93.5, 13.2, 66.6, '2026-06-23 06:33:50');
INSERT INTO river_sensorReading (id, idNode, tinggiAir, kelembapanTanah, curahHujan, suhuRataRata, kelembapanUdara, kecepatanAngin, arahAngin, recorded_at) VALUES (144, 6, 6.3, 28.0, 18.4, 24.1, 95.6, 1.4, 109.3, '2026-06-23 07:33:50');
INSERT INTO river_sensorReading (id, idNode, tinggiAir, kelembapanTanah, curahHujan, suhuRataRata, kelembapanUdara, kecepatanAngin, arahAngin, recorded_at) VALUES (145, 3, 3.16, 9.2, 13.1, 29.5, 92.4, 16.4, 306.1, '2026-06-23 08:33:50');
INSERT INTO river_sensorReading (id, idNode, tinggiAir, kelembapanTanah, curahHujan, suhuRataRata, kelembapanUdara, kecepatanAngin, arahAngin, recorded_at) VALUES (146, 7, 3.68, 6.0, 13.0, 35.9, 63.8, 15.8, 100.0, '2026-06-23 09:33:50');
INSERT INTO river_sensorReading (id, idNode, tinggiAir, kelembapanTanah, curahHujan, suhuRataRata, kelembapanUdara, kecepatanAngin, arahAngin, recorded_at) VALUES (147, 10, 2.79, 15.2, 34.2, 23.0, 96.8, 16.3, 73.0, '2026-06-23 10:33:50');
INSERT INTO river_sensorReading (id, idNode, tinggiAir, kelembapanTanah, curahHujan, suhuRataRata, kelembapanUdara, kecepatanAngin, arahAngin, recorded_at) VALUES (148, 5, 4.97, 6.0, 30.2, 31.0, 96.1, 9.7, 117.3, '2026-06-23 11:33:50');
INSERT INTO river_sensorReading (id, idNode, tinggiAir, kelembapanTanah, curahHujan, suhuRataRata, kelembapanUdara, kecepatanAngin, arahAngin, recorded_at) VALUES (149, 9, 4.42, 35.4, 16.7, 35.9, 86.0, 16.3, 248.1, '2026-06-23 12:33:50');
INSERT INTO river_sensorReading (id, idNode, tinggiAir, kelembapanTanah, curahHujan, suhuRataRata, kelembapanUdara, kecepatanAngin, arahAngin, recorded_at) VALUES (150, 9, 3.3, 7.4, 19.9, 31.8, 78.0, 15.5, 196.6, '2026-06-23 13:33:50');
INSERT INTO river_sensorReading (id, idNode, tinggiAir, kelembapanTanah, curahHujan, suhuRataRata, kelembapanUdara, kecepatanAngin, arahAngin, recorded_at) VALUES (151, 8, 4.59, 27.9, 24.8, 30.1, 79.1, 0.9, 356.0, '2026-06-23 14:33:50');
INSERT INTO river_sensorReading (id, idNode, tinggiAir, kelembapanTanah, curahHujan, suhuRataRata, kelembapanUdara, kecepatanAngin, arahAngin, recorded_at) VALUES (152, 8, 2.4, 9.0, 23.9, 30.0, 52.9, 12.1, 266.9, '2026-06-23 15:33:50');
INSERT INTO river_sensorReading (id, idNode, tinggiAir, kelembapanTanah, curahHujan, suhuRataRata, kelembapanUdara, kecepatanAngin, arahAngin, recorded_at) VALUES (153, 8, 3.92, 17.1, 28.5, 30.7, 78.3, 9.5, 30.8, '2026-06-23 16:33:50');
INSERT INTO river_sensorReading (id, idNode, tinggiAir, kelembapanTanah, curahHujan, suhuRataRata, kelembapanUdara, kecepatanAngin, arahAngin, recorded_at) VALUES (154, 8, 6.38, 20.2, 29.5, 36.3, 77.7, 7.6, 170.2, '2026-06-23 17:33:50');
INSERT INTO river_sensorReading (id, idNode, tinggiAir, kelembapanTanah, curahHujan, suhuRataRata, kelembapanUdara, kecepatanAngin, arahAngin, recorded_at) VALUES (155, 5, 4.42, 35.4, 12.9, 26.2, 93.8, 4.8, 214.7, '2026-06-23 18:33:50');
INSERT INTO river_sensorReading (id, idNode, tinggiAir, kelembapanTanah, curahHujan, suhuRataRata, kelembapanUdara, kecepatanAngin, arahAngin, recorded_at) VALUES (156, 9, 3.92, 15.3, 4.8, 28.1, 87.6, 1.3, 73.7, '2026-06-23 19:33:50');
INSERT INTO river_sensorReading (id, idNode, tinggiAir, kelembapanTanah, curahHujan, suhuRataRata, kelembapanUdara, kecepatanAngin, arahAngin, recorded_at) VALUES (157, 3, 4.65, 39.0, 40.7, 32.3, 51.7, 2.7, 71.7, '2026-06-23 20:33:50');
INSERT INTO river_sensorReading (id, idNode, tinggiAir, kelembapanTanah, curahHujan, suhuRataRata, kelembapanUdara, kecepatanAngin, arahAngin, recorded_at) VALUES (158, 2, 0.58, 24.9, 39.9, 24.2, 76.2, 14.9, 173.3, '2026-06-23 21:33:50');
INSERT INTO river_sensorReading (id, idNode, tinggiAir, kelembapanTanah, curahHujan, suhuRataRata, kelembapanUdara, kecepatanAngin, arahAngin, recorded_at) VALUES (159, 10, 1.8, 15.1, 22.4, 24.5, 71.3, 19.8, 154.7, '2026-06-23 22:33:50');
INSERT INTO river_sensorReading (id, idNode, tinggiAir, kelembapanTanah, curahHujan, suhuRataRata, kelembapanUdara, kecepatanAngin, arahAngin, recorded_at) VALUES (160, 6, 1.33, 7.3, 43.8, 33.6, 58.2, 14.3, 229.9, '2026-06-23 23:33:50');
INSERT INTO river_sensorReading (id, idNode, tinggiAir, kelembapanTanah, curahHujan, suhuRataRata, kelembapanUdara, kecepatanAngin, arahAngin, recorded_at) VALUES (161, 1, 1.17, 36.8, 40.5, 29.2, 65.8, 15.1, 114.9, '2026-06-24 00:33:50');
INSERT INTO river_sensorReading (id, idNode, tinggiAir, kelembapanTanah, curahHujan, suhuRataRata, kelembapanUdara, kecepatanAngin, arahAngin, recorded_at) VALUES (162, 2, 0.82, 14.3, 7.2, 27.7, 56.9, 19.1, 279.3, '2026-06-24 01:33:50');
INSERT INTO river_sensorReading (id, idNode, tinggiAir, kelembapanTanah, curahHujan, suhuRataRata, kelembapanUdara, kecepatanAngin, arahAngin, recorded_at) VALUES (163, 2, 0.75, 29.3, 28.5, 25.7, 85.7, 4.6, 333.5, '2026-06-24 02:33:50');
INSERT INTO river_sensorReading (id, idNode, tinggiAir, kelembapanTanah, curahHujan, suhuRataRata, kelembapanUdara, kecepatanAngin, arahAngin, recorded_at) VALUES (164, 8, 3.61, 16.0, 18.1, 33.7, 97.8, 15.5, 314.9, '2026-06-24 03:33:50');
INSERT INTO river_sensorReading (id, idNode, tinggiAir, kelembapanTanah, curahHujan, suhuRataRata, kelembapanUdara, kecepatanAngin, arahAngin, recorded_at) VALUES (165, 2, 3.91, 27.7, 51.9, 35.1, 78.4, 15.2, 230.7, '2026-06-24 04:33:50');
INSERT INTO river_sensorReading (id, idNode, tinggiAir, kelembapanTanah, curahHujan, suhuRataRata, kelembapanUdara, kecepatanAngin, arahAngin, recorded_at) VALUES (166, 4, 3.8, 12.0, 52.0, 25.6, 83.1, 17.4, 113.3, '2026-06-24 05:33:50');
INSERT INTO river_sensorReading (id, idNode, tinggiAir, kelembapanTanah, curahHujan, suhuRataRata, kelembapanUdara, kecepatanAngin, arahAngin, recorded_at) VALUES (167, 2, 1.33, 8.1, 9.0, 33.8, 62.0, 11.4, 126.2, '2026-06-24 06:33:50');
INSERT INTO river_sensorReading (id, idNode, tinggiAir, kelembapanTanah, curahHujan, suhuRataRata, kelembapanUdara, kecepatanAngin, arahAngin, recorded_at) VALUES (168, 2, 3.9, 23.7, 2.3, 33.8, 73.7, 15.0, 281.6, '2026-06-24 07:33:50');
INSERT INTO river_sensorReading (id, idNode, tinggiAir, kelembapanTanah, curahHujan, suhuRataRata, kelembapanUdara, kecepatanAngin, arahAngin, recorded_at) VALUES (169, 5, 1.99, 29.9, 48.1, 31.5, 59.8, 12.1, 180.8, '2026-06-24 08:33:50');
INSERT INTO river_sensorReading (id, idNode, tinggiAir, kelembapanTanah, curahHujan, suhuRataRata, kelembapanUdara, kecepatanAngin, arahAngin, recorded_at) VALUES (170, 10, 4.31, 28.8, 38.4, 29.4, 54.9, 8.6, 284.1, '2026-06-24 09:33:50');
INSERT INTO river_sensorReading (id, idNode, tinggiAir, kelembapanTanah, curahHujan, suhuRataRata, kelembapanUdara, kecepatanAngin, arahAngin, recorded_at) VALUES (171, 5, 2.21, 21.7, 50.8, 28.6, 80.5, 11.3, 269.3, '2026-06-24 10:33:50');
INSERT INTO river_sensorReading (id, idNode, tinggiAir, kelembapanTanah, curahHujan, suhuRataRata, kelembapanUdara, kecepatanAngin, arahAngin, recorded_at) VALUES (172, 3, 4.62, 18.3, 41.0, 25.0, 86.6, 2.4, 275.5, '2026-06-24 11:33:50');
INSERT INTO river_sensorReading (id, idNode, tinggiAir, kelembapanTanah, curahHujan, suhuRataRata, kelembapanUdara, kecepatanAngin, arahAngin, recorded_at) VALUES (173, 1, 1.09, 15.9, 30.9, 28.4, 61.2, 15.3, 116.4, '2026-06-24 12:33:50');
INSERT INTO river_sensorReading (id, idNode, tinggiAir, kelembapanTanah, curahHujan, suhuRataRata, kelembapanUdara, kecepatanAngin, arahAngin, recorded_at) VALUES (174, 6, 6.25, 29.3, 2.5, 24.8, 69.6, 6.9, 43.9, '2026-06-24 13:33:50');
INSERT INTO river_sensorReading (id, idNode, tinggiAir, kelembapanTanah, curahHujan, suhuRataRata, kelembapanUdara, kecepatanAngin, arahAngin, recorded_at) VALUES (175, 10, 0.51, 27.8, 3.8, 32.5, 66.0, 9.5, 139.9, '2026-06-24 14:33:50');
INSERT INTO river_sensorReading (id, idNode, tinggiAir, kelembapanTanah, curahHujan, suhuRataRata, kelembapanUdara, kecepatanAngin, arahAngin, recorded_at) VALUES (176, 1, 5.62, 21.9, 4.2, 24.8, 68.5, 5.1, 108.1, '2026-06-24 15:33:50');
INSERT INTO river_sensorReading (id, idNode, tinggiAir, kelembapanTanah, curahHujan, suhuRataRata, kelembapanUdara, kecepatanAngin, arahAngin, recorded_at) VALUES (177, 5, 0.56, 26.2, 9.8, 29.0, 70.0, 4.3, 254.6, '2026-06-24 16:33:50');
INSERT INTO river_sensorReading (id, idNode, tinggiAir, kelembapanTanah, curahHujan, suhuRataRata, kelembapanUdara, kecepatanAngin, arahAngin, recorded_at) VALUES (178, 4, 2.54, 10.2, 31.0, 25.5, 98.9, 11.7, 65.0, '2026-06-24 17:33:50');
INSERT INTO river_sensorReading (id, idNode, tinggiAir, kelembapanTanah, curahHujan, suhuRataRata, kelembapanUdara, kecepatanAngin, arahAngin, recorded_at) VALUES (179, 7, 2.13, 27.1, 36.1, 30.0, 62.0, 9.0, 21.8, '2026-06-24 18:33:50');
INSERT INTO river_sensorReading (id, idNode, tinggiAir, kelembapanTanah, curahHujan, suhuRataRata, kelembapanUdara, kecepatanAngin, arahAngin, recorded_at) VALUES (180, 6, 3.62, 19.7, 47.7, 28.5, 97.4, 3.4, 311.7, '2026-06-24 19:33:50');
INSERT INTO river_sensorReading (id, idNode, tinggiAir, kelembapanTanah, curahHujan, suhuRataRata, kelembapanUdara, kecepatanAngin, arahAngin, recorded_at) VALUES (181, 1, 3.06, 38.5, 20.3, 32.9, 63.4, 14.9, 171.5, '2026-06-24 20:33:50');
INSERT INTO river_sensorReading (id, idNode, tinggiAir, kelembapanTanah, curahHujan, suhuRataRata, kelembapanUdara, kecepatanAngin, arahAngin, recorded_at) VALUES (182, 3, 4.83, 28.5, 37.6, 26.1, 71.0, 17.6, 250.1, '2026-06-24 21:33:50');
INSERT INTO river_sensorReading (id, idNode, tinggiAir, kelembapanTanah, curahHujan, suhuRataRata, kelembapanUdara, kecepatanAngin, arahAngin, recorded_at) VALUES (183, 7, 5.7, 15.6, 48.6, 31.3, 99.3, 5.9, 320.5, '2026-06-24 22:33:50');
INSERT INTO river_sensorReading (id, idNode, tinggiAir, kelembapanTanah, curahHujan, suhuRataRata, kelembapanUdara, kecepatanAngin, arahAngin, recorded_at) VALUES (184, 6, 4.74, 18.7, 48.4, 28.9, 86.7, 1.4, 64.4, '2026-06-24 23:33:50');
INSERT INTO river_sensorReading (id, idNode, tinggiAir, kelembapanTanah, curahHujan, suhuRataRata, kelembapanUdara, kecepatanAngin, arahAngin, recorded_at) VALUES (185, 9, 6.1, 9.0, 37.2, 35.1, 54.0, 12.1, 227.8, '2026-06-25 00:33:50');
INSERT INTO river_sensorReading (id, idNode, tinggiAir, kelembapanTanah, curahHujan, suhuRataRata, kelembapanUdara, kecepatanAngin, arahAngin, recorded_at) VALUES (186, 1, 4.32, 15.1, 18.5, 26.1, 79.9, 15.1, 332.8, '2026-06-25 01:33:50');
INSERT INTO river_sensorReading (id, idNode, tinggiAir, kelembapanTanah, curahHujan, suhuRataRata, kelembapanUdara, kecepatanAngin, arahAngin, recorded_at) VALUES (187, 5, 4.87, 13.9, 51.1, 30.8, 50.1, 9.2, 3.2, '2026-06-25 02:33:50');
INSERT INTO river_sensorReading (id, idNode, tinggiAir, kelembapanTanah, curahHujan, suhuRataRata, kelembapanUdara, kecepatanAngin, arahAngin, recorded_at) VALUES (188, 10, 3.05, 21.2, 51.9, 26.7, 51.2, 9.2, 20.3, '2026-06-25 03:33:50');
INSERT INTO river_sensorReading (id, idNode, tinggiAir, kelembapanTanah, curahHujan, suhuRataRata, kelembapanUdara, kecepatanAngin, arahAngin, recorded_at) VALUES (189, 3, 1.6, 31.1, 4.2, 36.0, 54.8, 4.2, 323.4, '2026-06-25 04:33:50');
INSERT INTO river_sensorReading (id, idNode, tinggiAir, kelembapanTanah, curahHujan, suhuRataRata, kelembapanUdara, kecepatanAngin, arahAngin, recorded_at) VALUES (190, 7, 2.15, 38.3, 22.9, 34.0, 97.2, 9.1, 22.5, '2026-06-25 05:33:50');
INSERT INTO river_sensorReading (id, idNode, tinggiAir, kelembapanTanah, curahHujan, suhuRataRata, kelembapanUdara, kecepatanAngin, arahAngin, recorded_at) VALUES (191, 3, 2.42, 28.5, 25.6, 35.7, 72.1, 18.8, 148.6, '2026-06-25 06:33:50');
INSERT INTO river_sensorReading (id, idNode, tinggiAir, kelembapanTanah, curahHujan, suhuRataRata, kelembapanUdara, kecepatanAngin, arahAngin, recorded_at) VALUES (192, 3, 5.89, 6.4, 30.7, 32.1, 98.3, 6.6, 70.1, '2026-06-25 07:33:50');
INSERT INTO river_sensorReading (id, idNode, tinggiAir, kelembapanTanah, curahHujan, suhuRataRata, kelembapanUdara, kecepatanAngin, arahAngin, recorded_at) VALUES (193, 5, 2.03, 19.2, 19.3, 33.9, 69.3, 14.4, 328.5, '2026-06-25 08:33:50');
INSERT INTO river_sensorReading (id, idNode, tinggiAir, kelembapanTanah, curahHujan, suhuRataRata, kelembapanUdara, kecepatanAngin, arahAngin, recorded_at) VALUES (194, 7, 1.85, 6.5, 37.2, 26.7, 60.2, 3.8, 352.2, '2026-06-25 09:33:50');
INSERT INTO river_sensorReading (id, idNode, tinggiAir, kelembapanTanah, curahHujan, suhuRataRata, kelembapanUdara, kecepatanAngin, arahAngin, recorded_at) VALUES (195, 3, 1.93, 10.1, 29.4, 31.6, 74.9, 11.1, 34.5, '2026-06-25 10:33:50');
INSERT INTO river_sensorReading (id, idNode, tinggiAir, kelembapanTanah, curahHujan, suhuRataRata, kelembapanUdara, kecepatanAngin, arahAngin, recorded_at) VALUES (196, 2, 4.18, 31.3, 30.7, 31.8, 52.2, 0.7, 293.0, '2026-06-25 11:33:50');
INSERT INTO river_sensorReading (id, idNode, tinggiAir, kelembapanTanah, curahHujan, suhuRataRata, kelembapanUdara, kecepatanAngin, arahAngin, recorded_at) VALUES (197, 5, 1.18, 27.5, 37.6, 29.1, 77.0, 20.0, 151.9, '2026-06-25 12:33:50');
INSERT INTO river_sensorReading (id, idNode, tinggiAir, kelembapanTanah, curahHujan, suhuRataRata, kelembapanUdara, kecepatanAngin, arahAngin, recorded_at) VALUES (198, 3, 3.94, 20.1, 10.4, 27.6, 69.0, 17.0, 299.5, '2026-06-25 13:33:50');
INSERT INTO river_sensorReading (id, idNode, tinggiAir, kelembapanTanah, curahHujan, suhuRataRata, kelembapanUdara, kecepatanAngin, arahAngin, recorded_at) VALUES (199, 10, 4.95, 16.7, 45.9, 32.0, 59.4, 10.9, 157.7, '2026-06-25 14:33:50');
INSERT INTO river_sensorReading (id, idNode, tinggiAir, kelembapanTanah, curahHujan, suhuRataRata, kelembapanUdara, kecepatanAngin, arahAngin, recorded_at) VALUES (200, 1, 1.02, 18.0, 49.5, 31.4, 61.6, 7.4, 169.6, '2026-06-25 15:33:50');

