USE kelompok2;

-- =====================================
-- DUMMY DATA GENERATE FOR FLOOD WARNING
-- =====================================
-- 1. Data Zona
INSERT INTO river_zones (id, nama_kota) VALUES (1, 'Jakarta Timur');
INSERT INTO river_zones (id, nama_kota) VALUES (2, 'Jakarta Selatan');
INSERT INTO river_zones (id, nama_kota) VALUES (3, 'Bogor');
INSERT INTO river_zones (id, nama_kota) VALUES (4, 'Depok');
INSERT INTO river_zones (id, nama_kota) VALUES (5, 'Tangerang');

-- 2. Data Sungai
INSERT INTO river_sungai (id, zoneId, lokasiSungai) VALUES (1, 1, 'Sungai Ciliwung');
INSERT INTO river_sungai (id, zoneId, lokasiSungai) VALUES (2, 2, 'Sungai Pesanggrahan');
INSERT INTO river_sungai (id, zoneId, lokasiSungai) VALUES (3, 3, 'Sungai Cisadane');
INSERT INTO river_sungai (id, zoneId, lokasiSungai) VALUES (4, 4, 'Sungai Cikeas');
INSERT INTO river_sungai (id, zoneId, lokasiSungai) VALUES (5, 5, 'Sungai Sunter');

-- 3. Data Sensor Node
INSERT INTO river_sensorNode (id, idSungai, idStation, namaNode, posisi, elevasi) VALUES (1, 1, 101, 'Node Hulu Ciliwung', 'hulu', 13.4);
INSERT INTO river_sensorNode (id, idSungai, idStation, namaNode, posisi, elevasi) VALUES (2, 1, 102, 'Node Hilir Ciliwung', 'hilir', 13.4);
INSERT INTO river_sensorNode (id, idSungai, idStation, namaNode, posisi, elevasi) VALUES (3, 2, 103, 'Node Hulu Pesanggrahan', 'hulu', 2.2);
INSERT INTO river_sensorNode (id, idSungai, idStation, namaNode, posisi, elevasi) VALUES (4, 2, 104, 'Node Hilir Pesanggrahan', 'hilir', 9.6);
INSERT INTO river_sensorNode (id, idSungai, idStation, namaNode, posisi, elevasi) VALUES (5, 3, 105, 'Node Hulu Cisadane', 'hulu', 3.8);
INSERT INTO river_sensorNode (id, idSungai, idStation, namaNode, posisi, elevasi) VALUES (6, 3, 106, 'Node Hilir Cisadane', 'hilir', 3.1);
INSERT INTO river_sensorNode (id, idSungai, idStation, namaNode, posisi, elevasi) VALUES (7, 4, 107, 'Node Hulu Cikeas', 'hulu', 12.8);
INSERT INTO river_sensorNode (id, idSungai, idStation, namaNode, posisi, elevasi) VALUES (8, 4, 108, 'Node Hilir Cikeas', 'hilir', 4.5);
INSERT INTO river_sensorNode (id, idSungai, idStation, namaNode, posisi, elevasi) VALUES (9, 5, 109, 'Node Hulu Sunter', 'hulu', 12.0);
INSERT INTO river_sensorNode (id, idSungai, idStation, namaNode, posisi, elevasi) VALUES (10, 5, 110, 'Node Hilir Sunter', 'hilir', 10.0);

-- 4. Data Pengguna
INSERT INTO user_user (id, username, email, password, role, waktuDibuat) VALUES (1, 'dinasari1', 'dinasari1@kelompok2.com', '$2y$10$dummyhashpassword12345678', 'admin', '2026-06-14 02:31:52');
INSERT INTO user_user (id, username, email, password, role, waktuDibuat) VALUES (2, 'hadiputra2', 'hadiputra2@kelompok2.com', '$2y$10$dummyhashpassword12345678', 'user', '2026-06-14 09:31:52');
INSERT INTO user_user (id, username, email, password, role, waktuDibuat) VALUES (3, 'ayupratama3', 'ayupratama3@kelompok2.com', '$2y$10$dummyhashpassword12345678', 'user', '2026-06-04 04:31:52');
INSERT INTO user_user (id, username, email, password, role, waktuDibuat) VALUES (4, 'dinahidayat4', 'dinahidayat4@kelompok2.com', '$2y$10$dummyhashpassword12345678', 'user', '2026-06-06 05:31:52');
INSERT INTO user_user (id, username, email, password, role, waktuDibuat) VALUES (5, 'sitiputra5', 'sitiputra5@kelompok2.com', '$2y$10$dummyhashpassword12345678', 'user', '2026-05-30 15:31:52');
INSERT INTO user_user (id, username, email, password, role, waktuDibuat) VALUES (6, 'mayawijaya6', 'mayawijaya6@kelompok2.com', '$2y$10$dummyhashpassword12345678', 'user', '2026-06-09 15:31:52');
INSERT INTO user_user (id, username, email, password, role, waktuDibuat) VALUES (7, 'hadikusuma7', 'hadikusuma7@kelompok2.com', '$2y$10$dummyhashpassword12345678', 'user', '2026-05-31 01:31:52');
INSERT INTO user_user (id, username, email, password, role, waktuDibuat) VALUES (8, 'rinawijaya8', 'rinawijaya8@kelompok2.com', '$2y$10$dummyhashpassword12345678', 'user', '2026-05-30 07:31:52');
INSERT INTO user_user (id, username, email, password, role, waktuDibuat) VALUES (9, 'aguswijaya9', 'aguswijaya9@kelompok2.com', '$2y$10$dummyhashpassword12345678', 'user', '2026-06-05 20:31:52');
INSERT INTO user_user (id, username, email, password, role, waktuDibuat) VALUES (10, 'agussantoso10', 'agussantoso10@kelompok2.com', '$2y$10$dummyhashpassword12345678', 'user', '2026-06-05 21:31:52');
INSERT INTO user_user (id, username, email, password, role, waktuDibuat) VALUES (11, 'rinaputra11', 'rinaputra11@kelompok2.com', '$2y$10$dummyhashpassword12345678', 'user', '2026-06-20 00:31:52');
INSERT INTO user_user (id, username, email, password, role, waktuDibuat) VALUES (12, 'rudilestari12', 'rudilestari12@kelompok2.com', '$2y$10$dummyhashpassword12345678', 'user', '2026-05-31 22:31:52');
INSERT INTO user_user (id, username, email, password, role, waktuDibuat) VALUES (13, 'aguswijaya13', 'aguswijaya13@kelompok2.com', '$2y$10$dummyhashpassword12345678', 'user', '2026-06-21 19:31:52');
INSERT INTO user_user (id, username, email, password, role, waktuDibuat) VALUES (14, 'agussari14', 'agussari14@kelompok2.com', '$2y$10$dummyhashpassword12345678', 'user', '2026-06-17 16:31:52');
INSERT INTO user_user (id, username, email, password, role, waktuDibuat) VALUES (15, 'mayakusuma15', 'mayakusuma15@kelompok2.com', '$2y$10$dummyhashpassword12345678', 'user', '2026-06-15 18:31:52');
INSERT INTO user_user (id, username, email, password, role, waktuDibuat) VALUES (16, 'ayuhidayat16', 'ayuhidayat16@kelompok2.com', '$2y$10$dummyhashpassword12345678', 'user', '2026-06-22 12:31:52');
INSERT INTO user_user (id, username, email, password, role, waktuDibuat) VALUES (17, 'budisantoso17', 'budisantoso17@kelompok2.com', '$2y$10$dummyhashpassword12345678', 'user', '2026-06-09 05:31:52');
INSERT INTO user_user (id, username, email, password, role, waktuDibuat) VALUES (18, 'sitilestari18', 'sitilestari18@kelompok2.com', '$2y$10$dummyhashpassword12345678', 'user', '2026-06-01 08:31:52');
INSERT INTO user_user (id, username, email, password, role, waktuDibuat) VALUES (19, 'mayasari19', 'mayasari19@kelompok2.com', '$2y$10$dummyhashpassword12345678', 'user', '2026-05-29 05:31:52');
INSERT INTO user_user (id, username, email, password, role, waktuDibuat) VALUES (20, 'budilestari20', 'budilestari20@kelompok2.com', '$2y$10$dummyhashpassword12345678', 'user', '2026-06-09 16:31:52');
INSERT INTO user_user (id, username, email, password, role, waktuDibuat) VALUES (21, 'rudiwijaya21', 'rudiwijaya21@kelompok2.com', '$2y$10$dummyhashpassword12345678', 'user', '2026-06-23 09:31:52');
INSERT INTO user_user (id, username, email, password, role, waktuDibuat) VALUES (22, 'rinahidayat22', 'rinahidayat22@kelompok2.com', '$2y$10$dummyhashpassword12345678', 'user', '2026-06-25 18:31:52');
INSERT INTO user_user (id, username, email, password, role, waktuDibuat) VALUES (23, 'rinaputra23', 'rinaputra23@kelompok2.com', '$2y$10$dummyhashpassword12345678', 'user', '2026-06-03 11:31:52');
INSERT INTO user_user (id, username, email, password, role, waktuDibuat) VALUES (24, 'rinalestari24', 'rinalestari24@kelompok2.com', '$2y$10$dummyhashpassword12345678', 'user', '2026-05-27 00:31:52');
INSERT INTO user_user (id, username, email, password, role, waktuDibuat) VALUES (25, 'sitisantoso25', 'sitisantoso25@kelompok2.com', '$2y$10$dummyhashpassword12345678', 'user', '2026-05-29 03:31:52');
INSERT INTO user_user (id, username, email, password, role, waktuDibuat) VALUES (26, 'sitiputra26', 'sitiputra26@kelompok2.com', '$2y$10$dummyhashpassword12345678', 'user', '2026-06-15 21:31:52');
INSERT INTO user_user (id, username, email, password, role, waktuDibuat) VALUES (27, 'rinasari27', 'rinasari27@kelompok2.com', '$2y$10$dummyhashpassword12345678', 'user', '2026-06-22 11:31:52');
INSERT INTO user_user (id, username, email, password, role, waktuDibuat) VALUES (28, 'aguswijaya28', 'aguswijaya28@kelompok2.com', '$2y$10$dummyhashpassword12345678', 'user', '2026-06-14 17:31:52');
INSERT INTO user_user (id, username, email, password, role, waktuDibuat) VALUES (29, 'dinalestari29', 'dinalestari29@kelompok2.com', '$2y$10$dummyhashpassword12345678', 'user', '2026-06-18 04:31:52');
INSERT INTO user_user (id, username, email, password, role, waktuDibuat) VALUES (30, 'dinasari30', 'dinasari30@kelompok2.com', '$2y$10$dummyhashpassword12345678', 'user', '2026-06-05 18:31:52');
INSERT INTO user_user (id, username, email, password, role, waktuDibuat) VALUES (31, 'ayusantoso31', 'ayusantoso31@kelompok2.com', '$2y$10$dummyhashpassword12345678', 'user', '2026-06-12 05:31:52');
INSERT INTO user_user (id, username, email, password, role, waktuDibuat) VALUES (32, 'rinaputra32', 'rinaputra32@kelompok2.com', '$2y$10$dummyhashpassword12345678', 'user', '2026-06-21 12:31:52');
INSERT INTO user_user (id, username, email, password, role, waktuDibuat) VALUES (33, 'mayaputra33', 'mayaputra33@kelompok2.com', '$2y$10$dummyhashpassword12345678', 'user', '2026-06-08 21:31:52');
INSERT INTO user_user (id, username, email, password, role, waktuDibuat) VALUES (34, 'budipratama34', 'budipratama34@kelompok2.com', '$2y$10$dummyhashpassword12345678', 'user', '2026-06-17 16:31:52');
INSERT INTO user_user (id, username, email, password, role, waktuDibuat) VALUES (35, 'rudipratama35', 'rudipratama35@kelompok2.com', '$2y$10$dummyhashpassword12345678', 'user', '2026-05-29 03:31:52');
INSERT INTO user_user (id, username, email, password, role, waktuDibuat) VALUES (36, 'aguspratama36', 'aguspratama36@kelompok2.com', '$2y$10$dummyhashpassword12345678', 'user', '2026-06-20 15:31:52');
INSERT INTO user_user (id, username, email, password, role, waktuDibuat) VALUES (37, 'sitilestari37', 'sitilestari37@kelompok2.com', '$2y$10$dummyhashpassword12345678', 'user', '2026-06-23 15:31:52');
INSERT INTO user_user (id, username, email, password, role, waktuDibuat) VALUES (38, 'rinawijaya38', 'rinawijaya38@kelompok2.com', '$2y$10$dummyhashpassword12345678', 'user', '2026-06-26 03:31:52');
INSERT INTO user_user (id, username, email, password, role, waktuDibuat) VALUES (39, 'dinawijaya39', 'dinawijaya39@kelompok2.com', '$2y$10$dummyhashpassword12345678', 'user', '2026-06-25 20:31:52');
INSERT INTO user_user (id, username, email, password, role, waktuDibuat) VALUES (40, 'agusputra40', 'agusputra40@kelompok2.com', '$2y$10$dummyhashpassword12345678', 'user', '2026-06-15 22:31:52');
INSERT INTO user_user (id, username, email, password, role, waktuDibuat) VALUES (41, 'agussari41', 'agussari41@kelompok2.com', '$2y$10$dummyhashpassword12345678', 'user', '2026-05-27 06:31:52');
INSERT INTO user_user (id, username, email, password, role, waktuDibuat) VALUES (42, 'agussari42', 'agussari42@kelompok2.com', '$2y$10$dummyhashpassword12345678', 'user', '2026-05-29 16:31:52');
INSERT INTO user_user (id, username, email, password, role, waktuDibuat) VALUES (43, 'sitisantoso43', 'sitisantoso43@kelompok2.com', '$2y$10$dummyhashpassword12345678', 'user', '2026-06-23 02:31:52');
INSERT INTO user_user (id, username, email, password, role, waktuDibuat) VALUES (44, 'rudisari44', 'rudisari44@kelompok2.com', '$2y$10$dummyhashpassword12345678', 'user', '2026-06-24 23:31:52');
INSERT INTO user_user (id, username, email, password, role, waktuDibuat) VALUES (45, 'ayukusuma45', 'ayukusuma45@kelompok2.com', '$2y$10$dummyhashpassword12345678', 'user', '2026-06-13 11:31:52');
INSERT INTO user_user (id, username, email, password, role, waktuDibuat) VALUES (46, 'mayahidayat46', 'mayahidayat46@kelompok2.com', '$2y$10$dummyhashpassword12345678', 'user', '2026-06-06 17:31:52');
INSERT INTO user_user (id, username, email, password, role, waktuDibuat) VALUES (47, 'agussantoso47', 'agussantoso47@kelompok2.com', '$2y$10$dummyhashpassword12345678', 'user', '2026-05-30 16:31:52');
INSERT INTO user_user (id, username, email, password, role, waktuDibuat) VALUES (48, 'rinaputra48', 'rinaputra48@kelompok2.com', '$2y$10$dummyhashpassword12345678', 'user', '2026-06-23 13:31:52');
INSERT INTO user_user (id, username, email, password, role, waktuDibuat) VALUES (49, 'ayuwijaya49', 'ayuwijaya49@kelompok2.com', '$2y$10$dummyhashpassword12345678', 'user', '2026-06-04 04:31:52');
INSERT INTO user_user (id, username, email, password, role, waktuDibuat) VALUES (50, 'agusputra50', 'agusputra50@kelompok2.com', '$2y$10$dummyhashpassword12345678', 'user', '2026-06-24 09:31:52');

-- 4b. OAuth clients (§4.2) — dev secrets documented in oauth-server/.env.example
INSERT INTO auth_oauthClient (client_id, client_secret, grant_types) VALUES
('gateway', '$2b$10$hQw.1AOYD/hxxbZeDmmG4u9m5b/WYiaqgQplQZbbooAULqKpLLP12', 'client_credentials'),
('citizen-app', '$2b$10$dkSBHgL1NLSy984evmHz9u0PJmYny2BhA.hyVnhdTMPvXSFFcqodu', 'password,refresh_token');

-- Dev credentials for OAuth password grant: hadiputra2 / kelompok2dev (user id 2)
UPDATE user_user SET password = '$2b$10$L9laEb7yUiMFIO3xJgaKTue1/BtNBCAK2dLqKnS7.5QT6G1TNAneq' WHERE id = 2;
-- Admin demo account uses the same dev password
UPDATE user_user SET password = '$2b$10$L9laEb7yUiMFIO3xJgaKTue1/BtNBCAK2dLqKnS7.5QT6G1TNAneq' WHERE id = 1;

-- 5. Data Laporan
INSERT INTO user_laporan (id, idPengguna, deskripsiLaporan, waktuDibuat) VALUES (1, 8, 'Data ketinggian air di aplikasi terlambat update dibandingkan kondisi sungai aslinya.', '2026-06-07 23:31:52');
INSERT INTO user_laporan (id, idPengguna, deskripsiLaporan, waktuDibuat) VALUES (2, 23, 'Sistem AI memprediksi status Normal, namun air selokan sudah mulai meluap ke jalan.', '2026-05-27 01:31:52');
INSERT INTO user_laporan (id, idPengguna, deskripsiLaporan, waktuDibuat) VALUES (3, 24, 'Akurasi kelembapan tanah dan udara sudah sangat pas dengan kondisi cuaca hari ini.', '2026-06-14 02:31:52');
INSERT INTO user_laporan (id, idPengguna, deskripsiLaporan, waktuDibuat) VALUES (4, 21, 'Prediksi peringatan dini banjir semalam sangat akurat, warga sempat mengevakuasi barang.', '2026-06-06 23:31:52');
INSERT INTO user_laporan (id, idPengguna, deskripsiLaporan, waktuDibuat) VALUES (5, 3, 'Notifikasi status Waspada muncul di aplikasi, tapi sungai masih surut. Mohon kalibrasi sensor.', '2026-06-06 04:31:52');
INSERT INTO user_laporan (id, idPengguna, deskripsiLaporan, waktuDibuat) VALUES (6, 28, 'Data ketinggian air di aplikasi terlambat update dibandingkan kondisi sungai aslinya.', '2026-06-21 17:31:52');
INSERT INTO user_laporan (id, idPengguna, deskripsiLaporan, waktuDibuat) VALUES (7, 15, 'Sistem AI memprediksi status Normal, namun air selokan sudah mulai meluap ke jalan.', '2026-05-30 22:31:52');
INSERT INTO user_laporan (id, idPengguna, deskripsiLaporan, waktuDibuat) VALUES (8, 43, 'Notifikasi di aplikasi sangat cepat masuk sesaat setelah hujan deras turun. Terima kasih!', '2026-06-05 06:31:52');
INSERT INTO user_laporan (id, idPengguna, deskripsiLaporan, waktuDibuat) VALUES (9, 42, 'Prediksi peringatan dini banjir semalam sangat akurat, warga sempat mengevakuasi barang.', '2026-06-25 18:31:52');
INSERT INTO user_laporan (id, idPengguna, deskripsiLaporan, waktuDibuat) VALUES (10, 33, 'Dashboard sangat membantu, tapi sensor suhu sepertinya terlalu tinggi (tidak realistis).', '2026-06-15 01:31:52');
INSERT INTO user_laporan (id, idPengguna, deskripsiLaporan, waktuDibuat) VALUES (11, 24, 'Notifikasi di aplikasi sangat cepat masuk sesaat setelah hujan deras turun. Terima kasih!', '2026-06-22 20:31:52');
INSERT INTO user_laporan (id, idPengguna, deskripsiLaporan, waktuDibuat) VALUES (12, 34, 'Dashboard sangat membantu, tapi sensor suhu sepertinya terlalu tinggi (tidak realistis).', '2026-06-03 06:31:52');
INSERT INTO user_laporan (id, idPengguna, deskripsiLaporan, waktuDibuat) VALUES (13, 3, 'Sistem AI memprediksi status Normal, namun air selokan sudah mulai meluap ke jalan.', '2026-06-01 18:31:52');
INSERT INTO user_laporan (id, idPengguna, deskripsiLaporan, waktuDibuat) VALUES (14, 42, 'Data ketinggian air di aplikasi terlambat update dibandingkan kondisi sungai aslinya.', '2026-05-29 13:31:52');
INSERT INTO user_laporan (id, idPengguna, deskripsiLaporan, waktuDibuat) VALUES (15, 22, 'Sensor cuaca di jembatan sepertinya rusak, hujan deras tapi di aplikasi terbaca curah hujan 0 mm.', '2026-06-21 21:31:52');
INSERT INTO user_laporan (id, idPengguna, deskripsiLaporan, waktuDibuat) VALUES (16, 42, 'Data ketinggian air di aplikasi terlambat update dibandingkan kondisi sungai aslinya.', '2026-05-27 18:31:52');
INSERT INTO user_laporan (id, idPengguna, deskripsiLaporan, waktuDibuat) VALUES (17, 21, 'Data ketinggian air di aplikasi terlambat update dibandingkan kondisi sungai aslinya.', '2026-06-15 05:31:52');
INSERT INTO user_laporan (id, idPengguna, deskripsiLaporan, waktuDibuat) VALUES (18, 23, 'Notifikasi status Waspada muncul di aplikasi, tapi sungai masih surut. Mohon kalibrasi sensor.', '2026-06-18 23:31:52');
INSERT INTO user_laporan (id, idPengguna, deskripsiLaporan, waktuDibuat) VALUES (19, 7, 'Notifikasi status Waspada muncul di aplikasi, tapi sungai masih surut. Mohon kalibrasi sensor.', '2026-06-24 08:31:52');
INSERT INTO user_laporan (id, idPengguna, deskripsiLaporan, waktuDibuat) VALUES (20, 17, 'Data ketinggian air di aplikasi terlambat update dibandingkan kondisi sungai aslinya.', '2026-06-06 07:31:52');

-- 6. Data Sensor Readings
INSERT INTO river_sensorReading (id, idNode, tinggiAir, kelembapanTanah, curahHujan, suhuRataRata, kelembapanUdara, kecepatanAngin, arahAngin, recorded_at) VALUES (1, 7, 2.57, 34.2, 6.0, 34.8, 59.1, 0.2, 90.2, '2026-06-18 10:31:52');
INSERT INTO river_sensorReading (id, idNode, tinggiAir, kelembapanTanah, curahHujan, suhuRataRata, kelembapanUdara, kecepatanAngin, arahAngin, recorded_at) VALUES (2, 3, 1.16, 16.6, 17.2, 35.9, 82.2, 10.9, 109.0, '2026-06-18 11:31:52');
INSERT INTO river_sensorReading (id, idNode, tinggiAir, kelembapanTanah, curahHujan, suhuRataRata, kelembapanUdara, kecepatanAngin, arahAngin, recorded_at) VALUES (3, 6, 6.21, 26.5, 15.1, 24.4, 71.4, 7.5, 181.9, '2026-06-18 12:31:52');
INSERT INTO river_sensorReading (id, idNode, tinggiAir, kelembapanTanah, curahHujan, suhuRataRata, kelembapanUdara, kecepatanAngin, arahAngin, recorded_at) VALUES (4, 10, 1.24, 15.1, 22.6, 26.2, 71.5, 6.3, 162.4, '2026-06-18 13:31:52');
INSERT INTO river_sensorReading (id, idNode, tinggiAir, kelembapanTanah, curahHujan, suhuRataRata, kelembapanUdara, kecepatanAngin, arahAngin, recorded_at) VALUES (5, 4, 1.11, 33.2, 51.1, 26.8, 99.2, 3.7, 270.6, '2026-06-18 14:31:52');
INSERT INTO river_sensorReading (id, idNode, tinggiAir, kelembapanTanah, curahHujan, suhuRataRata, kelembapanUdara, kecepatanAngin, arahAngin, recorded_at) VALUES (6, 7, 1.16, 30.3, 36.9, 26.5, 52.2, 0.3, 101.4, '2026-06-18 15:31:52');
INSERT INTO river_sensorReading (id, idNode, tinggiAir, kelembapanTanah, curahHujan, suhuRataRata, kelembapanUdara, kecepatanAngin, arahAngin, recorded_at) VALUES (7, 2, 5.55, 17.2, 33.6, 29.8, 96.5, 3.9, 241.9, '2026-06-18 16:31:52');
INSERT INTO river_sensorReading (id, idNode, tinggiAir, kelembapanTanah, curahHujan, suhuRataRata, kelembapanUdara, kecepatanAngin, arahAngin, recorded_at) VALUES (8, 8, 0.53, 22.7, 29.4, 24.1, 77.6, 18.3, 72.8, '2026-06-18 17:31:52');
INSERT INTO river_sensorReading (id, idNode, tinggiAir, kelembapanTanah, curahHujan, suhuRataRata, kelembapanUdara, kecepatanAngin, arahAngin, recorded_at) VALUES (9, 3, 5.73, 33.0, 22.8, 32.4, 93.9, 6.3, 327.1, '2026-06-18 18:31:52');
INSERT INTO river_sensorReading (id, idNode, tinggiAir, kelembapanTanah, curahHujan, suhuRataRata, kelembapanUdara, kecepatanAngin, arahAngin, recorded_at) VALUES (10, 10, 1.43, 21.9, 51.6, 23.5, 53.5, 13.2, 224.4, '2026-06-18 19:31:52');
INSERT INTO river_sensorReading (id, idNode, tinggiAir, kelembapanTanah, curahHujan, suhuRataRata, kelembapanUdara, kecepatanAngin, arahAngin, recorded_at) VALUES (11, 9, 5.93, 35.5, 38.6, 34.1, 86.8, 14.7, 47.1, '2026-06-18 20:31:52');
INSERT INTO river_sensorReading (id, idNode, tinggiAir, kelembapanTanah, curahHujan, suhuRataRata, kelembapanUdara, kecepatanAngin, arahAngin, recorded_at) VALUES (12, 9, 2.69, 6.0, 34.7, 28.6, 68.2, 10.0, 135.3, '2026-06-18 21:31:52');
INSERT INTO river_sensorReading (id, idNode, tinggiAir, kelembapanTanah, curahHujan, suhuRataRata, kelembapanUdara, kecepatanAngin, arahAngin, recorded_at) VALUES (13, 9, 4.36, 12.5, 38.3, 25.1, 82.9, 15.7, 14.7, '2026-06-18 22:31:52');
INSERT INTO river_sensorReading (id, idNode, tinggiAir, kelembapanTanah, curahHujan, suhuRataRata, kelembapanUdara, kecepatanAngin, arahAngin, recorded_at) VALUES (14, 3, 1.83, 34.8, 6.6, 35.0, 85.8, 18.7, 71.1, '2026-06-18 23:31:52');
INSERT INTO river_sensorReading (id, idNode, tinggiAir, kelembapanTanah, curahHujan, suhuRataRata, kelembapanUdara, kecepatanAngin, arahAngin, recorded_at) VALUES (15, 3, 1.87, 15.5, 46.4, 34.7, 58.5, 4.9, 95.0, '2026-06-19 00:31:52');
INSERT INTO river_sensorReading (id, idNode, tinggiAir, kelembapanTanah, curahHujan, suhuRataRata, kelembapanUdara, kecepatanAngin, arahAngin, recorded_at) VALUES (16, 3, 5.26, 8.0, 26.8, 27.8, 88.6, 4.1, 227.7, '2026-06-19 01:31:52');
INSERT INTO river_sensorReading (id, idNode, tinggiAir, kelembapanTanah, curahHujan, suhuRataRata, kelembapanUdara, kecepatanAngin, arahAngin, recorded_at) VALUES (17, 9, 3.16, 36.7, 33.5, 31.3, 73.8, 18.9, 325.7, '2026-06-19 02:31:52');
INSERT INTO river_sensorReading (id, idNode, tinggiAir, kelembapanTanah, curahHujan, suhuRataRata, kelembapanUdara, kecepatanAngin, arahAngin, recorded_at) VALUES (18, 10, 3.93, 15.4, 31.4, 25.7, 83.1, 6.2, 69.4, '2026-06-19 03:31:52');
INSERT INTO river_sensorReading (id, idNode, tinggiAir, kelembapanTanah, curahHujan, suhuRataRata, kelembapanUdara, kecepatanAngin, arahAngin, recorded_at) VALUES (19, 3, 3.39, 12.7, 2.7, 34.7, 95.7, 0.6, 68.6, '2026-06-19 04:31:52');
INSERT INTO river_sensorReading (id, idNode, tinggiAir, kelembapanTanah, curahHujan, suhuRataRata, kelembapanUdara, kecepatanAngin, arahAngin, recorded_at) VALUES (20, 2, 2.77, 37.0, 38.7, 35.4, 89.3, 12.7, 16.5, '2026-06-19 05:31:52');
INSERT INTO river_sensorReading (id, idNode, tinggiAir, kelembapanTanah, curahHujan, suhuRataRata, kelembapanUdara, kecepatanAngin, arahAngin, recorded_at) VALUES (21, 1, 3.85, 19.6, 11.9, 36.4, 67.8, 8.5, 308.2, '2026-06-19 06:31:52');
INSERT INTO river_sensorReading (id, idNode, tinggiAir, kelembapanTanah, curahHujan, suhuRataRata, kelembapanUdara, kecepatanAngin, arahAngin, recorded_at) VALUES (22, 2, 0.9, 36.1, 31.9, 28.6, 91.3, 3.1, 5.5, '2026-06-19 07:31:52');
INSERT INTO river_sensorReading (id, idNode, tinggiAir, kelembapanTanah, curahHujan, suhuRataRata, kelembapanUdara, kecepatanAngin, arahAngin, recorded_at) VALUES (23, 10, 2.64, 34.2, 45.7, 30.9, 84.5, 9.9, 308.6, '2026-06-19 08:31:52');
INSERT INTO river_sensorReading (id, idNode, tinggiAir, kelembapanTanah, curahHujan, suhuRataRata, kelembapanUdara, kecepatanAngin, arahAngin, recorded_at) VALUES (24, 3, 1.61, 7.2, 37.1, 34.5, 74.0, 19.2, 24.8, '2026-06-19 09:31:52');
INSERT INTO river_sensorReading (id, idNode, tinggiAir, kelembapanTanah, curahHujan, suhuRataRata, kelembapanUdara, kecepatanAngin, arahAngin, recorded_at) VALUES (25, 5, 3.4, 33.7, 10.1, 28.2, 55.1, 10.4, 248.3, '2026-06-19 10:31:52');
INSERT INTO river_sensorReading (id, idNode, tinggiAir, kelembapanTanah, curahHujan, suhuRataRata, kelembapanUdara, kecepatanAngin, arahAngin, recorded_at) VALUES (26, 8, 5.34, 34.3, 3.2, 30.2, 50.2, 16.3, 99.7, '2026-06-19 11:31:52');
INSERT INTO river_sensorReading (id, idNode, tinggiAir, kelembapanTanah, curahHujan, suhuRataRata, kelembapanUdara, kecepatanAngin, arahAngin, recorded_at) VALUES (27, 2, 5.58, 29.8, 25.5, 28.9, 57.7, 19.5, 332.4, '2026-06-19 12:31:52');
INSERT INTO river_sensorReading (id, idNode, tinggiAir, kelembapanTanah, curahHujan, suhuRataRata, kelembapanUdara, kecepatanAngin, arahAngin, recorded_at) VALUES (28, 1, 5.56, 9.5, 13.0, 36.0, 87.5, 15.6, 335.9, '2026-06-19 13:31:52');
INSERT INTO river_sensorReading (id, idNode, tinggiAir, kelembapanTanah, curahHujan, suhuRataRata, kelembapanUdara, kecepatanAngin, arahAngin, recorded_at) VALUES (29, 7, 6.17, 37.7, 29.4, 28.5, 70.8, 11.9, 119.1, '2026-06-19 14:31:52');
INSERT INTO river_sensorReading (id, idNode, tinggiAir, kelembapanTanah, curahHujan, suhuRataRata, kelembapanUdara, kecepatanAngin, arahAngin, recorded_at) VALUES (30, 3, 5.26, 28.7, 48.3, 25.6, 91.2, 2.4, 273.1, '2026-06-19 15:31:52');
INSERT INTO river_sensorReading (id, idNode, tinggiAir, kelembapanTanah, curahHujan, suhuRataRata, kelembapanUdara, kecepatanAngin, arahAngin, recorded_at) VALUES (31, 5, 5.16, 14.2, 1.7, 31.5, 91.8, 17.2, 137.9, '2026-06-19 16:31:52');
INSERT INTO river_sensorReading (id, idNode, tinggiAir, kelembapanTanah, curahHujan, suhuRataRata, kelembapanUdara, kecepatanAngin, arahAngin, recorded_at) VALUES (32, 7, 4.57, 27.9, 45.4, 30.8, 99.9, 12.6, 12.7, '2026-06-19 17:31:52');
INSERT INTO river_sensorReading (id, idNode, tinggiAir, kelembapanTanah, curahHujan, suhuRataRata, kelembapanUdara, kecepatanAngin, arahAngin, recorded_at) VALUES (33, 1, 2.96, 37.9, 19.9, 31.2, 65.2, 7.7, 151.1, '2026-06-19 18:31:52');
INSERT INTO river_sensorReading (id, idNode, tinggiAir, kelembapanTanah, curahHujan, suhuRataRata, kelembapanUdara, kecepatanAngin, arahAngin, recorded_at) VALUES (34, 5, 0.99, 27.1, 6.9, 33.6, 67.0, 16.9, 21.1, '2026-06-19 19:31:52');
INSERT INTO river_sensorReading (id, idNode, tinggiAir, kelembapanTanah, curahHujan, suhuRataRata, kelembapanUdara, kecepatanAngin, arahAngin, recorded_at) VALUES (35, 2, 5.43, 6.3, 51.1, 31.1, 70.1, 17.5, 353.4, '2026-06-19 20:31:52');
INSERT INTO river_sensorReading (id, idNode, tinggiAir, kelembapanTanah, curahHujan, suhuRataRata, kelembapanUdara, kecepatanAngin, arahAngin, recorded_at) VALUES (36, 2, 5.67, 15.6, 9.4, 29.0, 53.2, 17.8, 221.5, '2026-06-19 21:31:52');
INSERT INTO river_sensorReading (id, idNode, tinggiAir, kelembapanTanah, curahHujan, suhuRataRata, kelembapanUdara, kecepatanAngin, arahAngin, recorded_at) VALUES (37, 2, 1.75, 12.3, 14.0, 32.9, 91.0, 12.5, 79.9, '2026-06-19 22:31:52');
INSERT INTO river_sensorReading (id, idNode, tinggiAir, kelembapanTanah, curahHujan, suhuRataRata, kelembapanUdara, kecepatanAngin, arahAngin, recorded_at) VALUES (38, 4, 6.17, 33.2, 13.6, 23.9, 63.2, 4.9, 65.6, '2026-06-19 23:31:52');
INSERT INTO river_sensorReading (id, idNode, tinggiAir, kelembapanTanah, curahHujan, suhuRataRata, kelembapanUdara, kecepatanAngin, arahAngin, recorded_at) VALUES (39, 5, 3.27, 5.3, 9.4, 27.4, 64.9, 7.6, 205.1, '2026-06-20 00:31:52');
INSERT INTO river_sensorReading (id, idNode, tinggiAir, kelembapanTanah, curahHujan, suhuRataRata, kelembapanUdara, kecepatanAngin, arahAngin, recorded_at) VALUES (40, 4, 4.4, 16.2, 33.1, 31.0, 73.4, 12.1, 60.0, '2026-06-20 01:31:52');
INSERT INTO river_sensorReading (id, idNode, tinggiAir, kelembapanTanah, curahHujan, suhuRataRata, kelembapanUdara, kecepatanAngin, arahAngin, recorded_at) VALUES (41, 9, 2.65, 21.9, 20.3, 28.7, 78.0, 2.4, 151.8, '2026-06-20 02:31:52');
INSERT INTO river_sensorReading (id, idNode, tinggiAir, kelembapanTanah, curahHujan, suhuRataRata, kelembapanUdara, kecepatanAngin, arahAngin, recorded_at) VALUES (42, 7, 2.18, 36.8, 13.7, 33.7, 72.0, 15.3, 333.7, '2026-06-20 03:31:52');
INSERT INTO river_sensorReading (id, idNode, tinggiAir, kelembapanTanah, curahHujan, suhuRataRata, kelembapanUdara, kecepatanAngin, arahAngin, recorded_at) VALUES (43, 4, 3.01, 25.3, 14.7, 34.6, 50.2, 14.9, 188.9, '2026-06-20 04:31:52');
INSERT INTO river_sensorReading (id, idNode, tinggiAir, kelembapanTanah, curahHujan, suhuRataRata, kelembapanUdara, kecepatanAngin, arahAngin, recorded_at) VALUES (44, 8, 3.78, 11.1, 24.7, 33.5, 76.0, 2.0, 345.3, '2026-06-20 05:31:52');
INSERT INTO river_sensorReading (id, idNode, tinggiAir, kelembapanTanah, curahHujan, suhuRataRata, kelembapanUdara, kecepatanAngin, arahAngin, recorded_at) VALUES (45, 5, 1.7, 35.8, 42.5, 25.6, 97.8, 11.4, 45.5, '2026-06-20 06:31:52');
INSERT INTO river_sensorReading (id, idNode, tinggiAir, kelembapanTanah, curahHujan, suhuRataRata, kelembapanUdara, kecepatanAngin, arahAngin, recorded_at) VALUES (46, 1, 2.81, 23.0, 30.7, 30.5, 59.3, 14.3, 201.4, '2026-06-20 07:31:52');
INSERT INTO river_sensorReading (id, idNode, tinggiAir, kelembapanTanah, curahHujan, suhuRataRata, kelembapanUdara, kecepatanAngin, arahAngin, recorded_at) VALUES (47, 10, 3.69, 32.2, 12.7, 28.3, 52.3, 2.4, 275.6, '2026-06-20 08:31:52');
INSERT INTO river_sensorReading (id, idNode, tinggiAir, kelembapanTanah, curahHujan, suhuRataRata, kelembapanUdara, kecepatanAngin, arahAngin, recorded_at) VALUES (48, 8, 5.38, 18.6, 0.5, 28.1, 54.6, 3.8, 14.2, '2026-06-20 09:31:52');
INSERT INTO river_sensorReading (id, idNode, tinggiAir, kelembapanTanah, curahHujan, suhuRataRata, kelembapanUdara, kecepatanAngin, arahAngin, recorded_at) VALUES (49, 1, 1.81, 20.9, 16.0, 31.5, 79.4, 19.7, 67.4, '2026-06-20 10:31:52');
INSERT INTO river_sensorReading (id, idNode, tinggiAir, kelembapanTanah, curahHujan, suhuRataRata, kelembapanUdara, kecepatanAngin, arahAngin, recorded_at) VALUES (50, 3, 6.19, 16.7, 6.8, 35.2, 50.2, 7.0, 291.1, '2026-06-20 11:31:52');
INSERT INTO river_sensorReading (id, idNode, tinggiAir, kelembapanTanah, curahHujan, suhuRataRata, kelembapanUdara, kecepatanAngin, arahAngin, recorded_at) VALUES (51, 9, 2.35, 22.5, 45.6, 35.9, 77.2, 16.2, 316.5, '2026-06-20 12:31:52');
INSERT INTO river_sensorReading (id, idNode, tinggiAir, kelembapanTanah, curahHujan, suhuRataRata, kelembapanUdara, kecepatanAngin, arahAngin, recorded_at) VALUES (52, 5, 1.36, 30.7, 14.3, 35.9, 64.1, 12.0, 263.9, '2026-06-20 13:31:52');
INSERT INTO river_sensorReading (id, idNode, tinggiAir, kelembapanTanah, curahHujan, suhuRataRata, kelembapanUdara, kecepatanAngin, arahAngin, recorded_at) VALUES (53, 7, 4.96, 28.6, 51.5, 25.6, 61.7, 4.9, 204.0, '2026-06-20 14:31:52');
INSERT INTO river_sensorReading (id, idNode, tinggiAir, kelembapanTanah, curahHujan, suhuRataRata, kelembapanUdara, kecepatanAngin, arahAngin, recorded_at) VALUES (54, 2, 5.41, 6.4, 7.5, 30.7, 67.9, 2.8, 81.3, '2026-06-20 15:31:52');
INSERT INTO river_sensorReading (id, idNode, tinggiAir, kelembapanTanah, curahHujan, suhuRataRata, kelembapanUdara, kecepatanAngin, arahAngin, recorded_at) VALUES (55, 10, 3.67, 28.0, 7.5, 28.1, 71.5, 14.0, 337.9, '2026-06-20 16:31:52');
INSERT INTO river_sensorReading (id, idNode, tinggiAir, kelembapanTanah, curahHujan, suhuRataRata, kelembapanUdara, kecepatanAngin, arahAngin, recorded_at) VALUES (56, 9, 5.16, 11.9, 1.5, 25.4, 54.8, 3.8, 341.5, '2026-06-20 17:31:52');
INSERT INTO river_sensorReading (id, idNode, tinggiAir, kelembapanTanah, curahHujan, suhuRataRata, kelembapanUdara, kecepatanAngin, arahAngin, recorded_at) VALUES (57, 3, 2.97, 7.7, 34.5, 34.8, 81.5, 17.9, 90.3, '2026-06-20 18:31:52');
INSERT INTO river_sensorReading (id, idNode, tinggiAir, kelembapanTanah, curahHujan, suhuRataRata, kelembapanUdara, kecepatanAngin, arahAngin, recorded_at) VALUES (58, 8, 5.58, 16.2, 30.9, 36.0, 74.1, 11.0, 167.0, '2026-06-20 19:31:52');
INSERT INTO river_sensorReading (id, idNode, tinggiAir, kelembapanTanah, curahHujan, suhuRataRata, kelembapanUdara, kecepatanAngin, arahAngin, recorded_at) VALUES (59, 2, 4.26, 32.0, 20.5, 34.5, 69.8, 15.8, 242.6, '2026-06-20 20:31:52');
INSERT INTO river_sensorReading (id, idNode, tinggiAir, kelembapanTanah, curahHujan, suhuRataRata, kelembapanUdara, kecepatanAngin, arahAngin, recorded_at) VALUES (60, 2, 1.76, 23.9, 34.0, 33.6, 92.2, 3.8, 263.5, '2026-06-20 21:31:52');
INSERT INTO river_sensorReading (id, idNode, tinggiAir, kelembapanTanah, curahHujan, suhuRataRata, kelembapanUdara, kecepatanAngin, arahAngin, recorded_at) VALUES (61, 7, 5.33, 18.9, 36.3, 35.1, 98.4, 12.9, 261.1, '2026-06-20 22:31:52');
INSERT INTO river_sensorReading (id, idNode, tinggiAir, kelembapanTanah, curahHujan, suhuRataRata, kelembapanUdara, kecepatanAngin, arahAngin, recorded_at) VALUES (62, 5, 4.68, 28.3, 36.3, 27.1, 61.9, 7.1, 332.7, '2026-06-20 23:31:52');
INSERT INTO river_sensorReading (id, idNode, tinggiAir, kelembapanTanah, curahHujan, suhuRataRata, kelembapanUdara, kecepatanAngin, arahAngin, recorded_at) VALUES (63, 3, 0.81, 17.7, 45.9, 32.0, 75.0, 17.0, 248.7, '2026-06-21 00:31:52');
INSERT INTO river_sensorReading (id, idNode, tinggiAir, kelembapanTanah, curahHujan, suhuRataRata, kelembapanUdara, kecepatanAngin, arahAngin, recorded_at) VALUES (64, 4, 4.18, 10.6, 12.5, 24.0, 62.8, 15.4, 264.5, '2026-06-21 01:31:52');
INSERT INTO river_sensorReading (id, idNode, tinggiAir, kelembapanTanah, curahHujan, suhuRataRata, kelembapanUdara, kecepatanAngin, arahAngin, recorded_at) VALUES (65, 3, 5.81, 13.2, 20.6, 30.8, 69.7, 17.4, 344.1, '2026-06-21 02:31:52');
INSERT INTO river_sensorReading (id, idNode, tinggiAir, kelembapanTanah, curahHujan, suhuRataRata, kelembapanUdara, kecepatanAngin, arahAngin, recorded_at) VALUES (66, 2, 5.16, 8.2, 52.6, 33.1, 82.5, 0.2, 192.9, '2026-06-21 03:31:52');
INSERT INTO river_sensorReading (id, idNode, tinggiAir, kelembapanTanah, curahHujan, suhuRataRata, kelembapanUdara, kecepatanAngin, arahAngin, recorded_at) VALUES (67, 6, 2.3, 34.3, 10.8, 26.6, 57.7, 19.6, 206.8, '2026-06-21 04:31:52');
INSERT INTO river_sensorReading (id, idNode, tinggiAir, kelembapanTanah, curahHujan, suhuRataRata, kelembapanUdara, kecepatanAngin, arahAngin, recorded_at) VALUES (68, 7, 2.19, 38.7, 35.6, 24.1, 73.0, 1.4, 122.5, '2026-06-21 05:31:52');
INSERT INTO river_sensorReading (id, idNode, tinggiAir, kelembapanTanah, curahHujan, suhuRataRata, kelembapanUdara, kecepatanAngin, arahAngin, recorded_at) VALUES (69, 10, 1.31, 12.3, 15.0, 26.9, 56.2, 18.0, 229.1, '2026-06-21 06:31:52');
INSERT INTO river_sensorReading (id, idNode, tinggiAir, kelembapanTanah, curahHujan, suhuRataRata, kelembapanUdara, kecepatanAngin, arahAngin, recorded_at) VALUES (70, 1, 1.35, 11.9, 14.5, 26.6, 78.7, 12.5, 283.0, '2026-06-21 07:31:52');
INSERT INTO river_sensorReading (id, idNode, tinggiAir, kelembapanTanah, curahHujan, suhuRataRata, kelembapanUdara, kecepatanAngin, arahAngin, recorded_at) VALUES (71, 3, 1.8, 15.7, 6.9, 23.3, 87.7, 8.2, 263.2, '2026-06-21 08:31:52');
INSERT INTO river_sensorReading (id, idNode, tinggiAir, kelembapanTanah, curahHujan, suhuRataRata, kelembapanUdara, kecepatanAngin, arahAngin, recorded_at) VALUES (72, 10, 3.51, 24.1, 15.9, 24.6, 92.8, 12.5, 92.1, '2026-06-21 09:31:52');
INSERT INTO river_sensorReading (id, idNode, tinggiAir, kelembapanTanah, curahHujan, suhuRataRata, kelembapanUdara, kecepatanAngin, arahAngin, recorded_at) VALUES (73, 5, 3.67, 15.4, 18.9, 30.1, 50.4, 11.0, 103.7, '2026-06-21 10:31:52');
INSERT INTO river_sensorReading (id, idNode, tinggiAir, kelembapanTanah, curahHujan, suhuRataRata, kelembapanUdara, kecepatanAngin, arahAngin, recorded_at) VALUES (74, 4, 1.18, 17.2, 46.5, 24.5, 59.6, 19.8, 69.7, '2026-06-21 11:31:52');
INSERT INTO river_sensorReading (id, idNode, tinggiAir, kelembapanTanah, curahHujan, suhuRataRata, kelembapanUdara, kecepatanAngin, arahAngin, recorded_at) VALUES (75, 3, 6.0, 7.1, 18.4, 26.4, 97.9, 8.1, 204.9, '2026-06-21 12:31:52');
INSERT INTO river_sensorReading (id, idNode, tinggiAir, kelembapanTanah, curahHujan, suhuRataRata, kelembapanUdara, kecepatanAngin, arahAngin, recorded_at) VALUES (76, 9, 6.26, 33.3, 22.3, 29.6, 74.9, 16.1, 91.2, '2026-06-21 13:31:52');
INSERT INTO river_sensorReading (id, idNode, tinggiAir, kelembapanTanah, curahHujan, suhuRataRata, kelembapanUdara, kecepatanAngin, arahAngin, recorded_at) VALUES (77, 3, 2.34, 26.2, 3.5, 24.5, 86.2, 13.6, 162.4, '2026-06-21 14:31:52');
INSERT INTO river_sensorReading (id, idNode, tinggiAir, kelembapanTanah, curahHujan, suhuRataRata, kelembapanUdara, kecepatanAngin, arahAngin, recorded_at) VALUES (78, 8, 4.09, 14.6, 24.7, 33.6, 59.6, 8.2, 59.0, '2026-06-21 15:31:52');
INSERT INTO river_sensorReading (id, idNode, tinggiAir, kelembapanTanah, curahHujan, suhuRataRata, kelembapanUdara, kecepatanAngin, arahAngin, recorded_at) VALUES (79, 10, 1.29, 18.7, 10.3, 23.5, 89.0, 6.5, 199.6, '2026-06-21 16:31:52');
INSERT INTO river_sensorReading (id, idNode, tinggiAir, kelembapanTanah, curahHujan, suhuRataRata, kelembapanUdara, kecepatanAngin, arahAngin, recorded_at) VALUES (80, 10, 3.23, 17.2, 36.0, 24.2, 72.2, 0.5, 227.7, '2026-06-21 17:31:52');
INSERT INTO river_sensorReading (id, idNode, tinggiAir, kelembapanTanah, curahHujan, suhuRataRata, kelembapanUdara, kecepatanAngin, arahAngin, recorded_at) VALUES (81, 2, 5.31, 20.2, 34.7, 32.4, 70.5, 18.0, 130.1, '2026-06-21 18:31:52');
INSERT INTO river_sensorReading (id, idNode, tinggiAir, kelembapanTanah, curahHujan, suhuRataRata, kelembapanUdara, kecepatanAngin, arahAngin, recorded_at) VALUES (82, 9, 6.12, 25.8, 32.9, 27.4, 74.6, 2.4, 62.6, '2026-06-21 19:31:52');
INSERT INTO river_sensorReading (id, idNode, tinggiAir, kelembapanTanah, curahHujan, suhuRataRata, kelembapanUdara, kecepatanAngin, arahAngin, recorded_at) VALUES (83, 10, 5.68, 8.6, 51.5, 33.9, 74.4, 2.7, 322.4, '2026-06-21 20:31:52');
INSERT INTO river_sensorReading (id, idNode, tinggiAir, kelembapanTanah, curahHujan, suhuRataRata, kelembapanUdara, kecepatanAngin, arahAngin, recorded_at) VALUES (84, 1, 5.77, 30.7, 30.4, 30.7, 98.2, 13.6, 278.4, '2026-06-21 21:31:52');
INSERT INTO river_sensorReading (id, idNode, tinggiAir, kelembapanTanah, curahHujan, suhuRataRata, kelembapanUdara, kecepatanAngin, arahAngin, recorded_at) VALUES (85, 1, 3.19, 20.6, 24.8, 33.8, 73.0, 12.8, 263.3, '2026-06-21 22:31:52');
INSERT INTO river_sensorReading (id, idNode, tinggiAir, kelembapanTanah, curahHujan, suhuRataRata, kelembapanUdara, kecepatanAngin, arahAngin, recorded_at) VALUES (86, 6, 5.8, 11.2, 2.2, 36.4, 67.6, 1.2, 312.2, '2026-06-21 23:31:52');
INSERT INTO river_sensorReading (id, idNode, tinggiAir, kelembapanTanah, curahHujan, suhuRataRata, kelembapanUdara, kecepatanAngin, arahAngin, recorded_at) VALUES (87, 5, 4.4, 9.9, 11.8, 25.5, 94.6, 5.6, 65.6, '2026-06-22 00:31:52');
INSERT INTO river_sensorReading (id, idNode, tinggiAir, kelembapanTanah, curahHujan, suhuRataRata, kelembapanUdara, kecepatanAngin, arahAngin, recorded_at) VALUES (88, 9, 4.98, 7.0, 3.6, 25.5, 90.6, 11.9, 276.7, '2026-06-22 01:31:52');
INSERT INTO river_sensorReading (id, idNode, tinggiAir, kelembapanTanah, curahHujan, suhuRataRata, kelembapanUdara, kecepatanAngin, arahAngin, recorded_at) VALUES (89, 4, 2.42, 6.7, 37.7, 29.9, 56.4, 18.0, 1.2, '2026-06-22 02:31:52');
INSERT INTO river_sensorReading (id, idNode, tinggiAir, kelembapanTanah, curahHujan, suhuRataRata, kelembapanUdara, kecepatanAngin, arahAngin, recorded_at) VALUES (90, 6, 3.49, 35.9, 21.6, 33.8, 76.1, 17.1, 297.1, '2026-06-22 03:31:52');
INSERT INTO river_sensorReading (id, idNode, tinggiAir, kelembapanTanah, curahHujan, suhuRataRata, kelembapanUdara, kecepatanAngin, arahAngin, recorded_at) VALUES (91, 6, 3.1, 13.6, 28.1, 31.3, 71.7, 19.7, 160.2, '2026-06-22 04:31:52');
INSERT INTO river_sensorReading (id, idNode, tinggiAir, kelembapanTanah, curahHujan, suhuRataRata, kelembapanUdara, kecepatanAngin, arahAngin, recorded_at) VALUES (92, 5, 5.99, 14.1, 15.7, 25.6, 95.6, 10.7, 80.1, '2026-06-22 05:31:52');
INSERT INTO river_sensorReading (id, idNode, tinggiAir, kelembapanTanah, curahHujan, suhuRataRata, kelembapanUdara, kecepatanAngin, arahAngin, recorded_at) VALUES (93, 7, 4.95, 15.9, 9.2, 29.6, 91.1, 2.5, 187.0, '2026-06-22 06:31:52');
INSERT INTO river_sensorReading (id, idNode, tinggiAir, kelembapanTanah, curahHujan, suhuRataRata, kelembapanUdara, kecepatanAngin, arahAngin, recorded_at) VALUES (94, 4, 1.15, 19.1, 26.9, 32.8, 51.5, 1.3, 11.5, '2026-06-22 07:31:52');
INSERT INTO river_sensorReading (id, idNode, tinggiAir, kelembapanTanah, curahHujan, suhuRataRata, kelembapanUdara, kecepatanAngin, arahAngin, recorded_at) VALUES (95, 9, 3.51, 22.0, 23.2, 25.8, 78.3, 18.6, 252.1, '2026-06-22 08:31:52');
INSERT INTO river_sensorReading (id, idNode, tinggiAir, kelembapanTanah, curahHujan, suhuRataRata, kelembapanUdara, kecepatanAngin, arahAngin, recorded_at) VALUES (96, 4, 0.59, 31.8, 11.1, 29.5, 90.5, 11.4, 74.3, '2026-06-22 09:31:52');
INSERT INTO river_sensorReading (id, idNode, tinggiAir, kelembapanTanah, curahHujan, suhuRataRata, kelembapanUdara, kecepatanAngin, arahAngin, recorded_at) VALUES (97, 4, 5.0, 32.4, 40.1, 30.5, 62.1, 1.5, 236.0, '2026-06-22 10:31:52');
INSERT INTO river_sensorReading (id, idNode, tinggiAir, kelembapanTanah, curahHujan, suhuRataRata, kelembapanUdara, kecepatanAngin, arahAngin, recorded_at) VALUES (98, 1, 2.25, 6.6, 18.4, 27.8, 83.8, 1.4, 174.5, '2026-06-22 11:31:52');
INSERT INTO river_sensorReading (id, idNode, tinggiAir, kelembapanTanah, curahHujan, suhuRataRata, kelembapanUdara, kecepatanAngin, arahAngin, recorded_at) VALUES (99, 1, 1.54, 24.8, 10.8, 24.5, 88.2, 11.2, 33.3, '2026-06-22 12:31:52');
INSERT INTO river_sensorReading (id, idNode, tinggiAir, kelembapanTanah, curahHujan, suhuRataRata, kelembapanUdara, kecepatanAngin, arahAngin, recorded_at) VALUES (100, 10, 5.26, 6.1, 46.6, 23.7, 74.0, 10.2, 340.6, '2026-06-22 13:31:52');
INSERT INTO river_sensorReading (id, idNode, tinggiAir, kelembapanTanah, curahHujan, suhuRataRata, kelembapanUdara, kecepatanAngin, arahAngin, recorded_at) VALUES (101, 6, 4.79, 12.9, 30.4, 26.2, 93.6, 6.4, 214.5, '2026-06-22 14:31:52');
INSERT INTO river_sensorReading (id, idNode, tinggiAir, kelembapanTanah, curahHujan, suhuRataRata, kelembapanUdara, kecepatanAngin, arahAngin, recorded_at) VALUES (102, 9, 3.31, 32.0, 10.7, 26.8, 56.4, 13.2, 148.9, '2026-06-22 15:31:52');
INSERT INTO river_sensorReading (id, idNode, tinggiAir, kelembapanTanah, curahHujan, suhuRataRata, kelembapanUdara, kecepatanAngin, arahAngin, recorded_at) VALUES (103, 6, 5.59, 21.4, 21.0, 33.4, 91.7, 14.6, 109.0, '2026-06-22 16:31:52');
INSERT INTO river_sensorReading (id, idNode, tinggiAir, kelembapanTanah, curahHujan, suhuRataRata, kelembapanUdara, kecepatanAngin, arahAngin, recorded_at) VALUES (104, 9, 4.49, 10.0, 48.9, 26.6, 89.0, 9.6, 178.8, '2026-06-22 17:31:52');
INSERT INTO river_sensorReading (id, idNode, tinggiAir, kelembapanTanah, curahHujan, suhuRataRata, kelembapanUdara, kecepatanAngin, arahAngin, recorded_at) VALUES (105, 4, 2.94, 22.5, 18.2, 23.6, 73.6, 3.3, 32.8, '2026-06-22 18:31:52');
INSERT INTO river_sensorReading (id, idNode, tinggiAir, kelembapanTanah, curahHujan, suhuRataRata, kelembapanUdara, kecepatanAngin, arahAngin, recorded_at) VALUES (106, 9, 3.01, 31.6, 23.7, 29.9, 64.3, 1.2, 194.3, '2026-06-22 19:31:52');
INSERT INTO river_sensorReading (id, idNode, tinggiAir, kelembapanTanah, curahHujan, suhuRataRata, kelembapanUdara, kecepatanAngin, arahAngin, recorded_at) VALUES (107, 2, 4.39, 18.4, 39.0, 35.6, 60.0, 6.6, 115.0, '2026-06-22 20:31:52');
INSERT INTO river_sensorReading (id, idNode, tinggiAir, kelembapanTanah, curahHujan, suhuRataRata, kelembapanUdara, kecepatanAngin, arahAngin, recorded_at) VALUES (108, 2, 3.73, 11.8, 8.4, 34.5, 57.9, 5.9, 269.5, '2026-06-22 21:31:52');
INSERT INTO river_sensorReading (id, idNode, tinggiAir, kelembapanTanah, curahHujan, suhuRataRata, kelembapanUdara, kecepatanAngin, arahAngin, recorded_at) VALUES (109, 5, 4.49, 18.7, 15.5, 32.3, 92.7, 17.9, 337.9, '2026-06-22 22:31:52');
INSERT INTO river_sensorReading (id, idNode, tinggiAir, kelembapanTanah, curahHujan, suhuRataRata, kelembapanUdara, kecepatanAngin, arahAngin, recorded_at) VALUES (110, 9, 5.95, 5.3, 30.0, 28.9, 64.9, 1.2, 77.2, '2026-06-22 23:31:52');
INSERT INTO river_sensorReading (id, idNode, tinggiAir, kelembapanTanah, curahHujan, suhuRataRata, kelembapanUdara, kecepatanAngin, arahAngin, recorded_at) VALUES (111, 6, 1.73, 29.7, 5.9, 27.6, 85.4, 5.1, 14.0, '2026-06-23 00:31:52');
INSERT INTO river_sensorReading (id, idNode, tinggiAir, kelembapanTanah, curahHujan, suhuRataRata, kelembapanUdara, kecepatanAngin, arahAngin, recorded_at) VALUES (112, 6, 5.63, 25.2, 23.6, 29.5, 91.5, 17.8, 330.7, '2026-06-23 01:31:52');
INSERT INTO river_sensorReading (id, idNode, tinggiAir, kelembapanTanah, curahHujan, suhuRataRata, kelembapanUdara, kecepatanAngin, arahAngin, recorded_at) VALUES (113, 2, 3.14, 36.9, 43.7, 32.0, 87.0, 18.6, 225.7, '2026-06-23 02:31:52');
INSERT INTO river_sensorReading (id, idNode, tinggiAir, kelembapanTanah, curahHujan, suhuRataRata, kelembapanUdara, kecepatanAngin, arahAngin, recorded_at) VALUES (114, 2, 5.98, 28.8, 33.6, 25.5, 83.4, 13.2, 239.8, '2026-06-23 03:31:52');
INSERT INTO river_sensorReading (id, idNode, tinggiAir, kelembapanTanah, curahHujan, suhuRataRata, kelembapanUdara, kecepatanAngin, arahAngin, recorded_at) VALUES (115, 2, 4.34, 16.1, 14.5, 29.6, 87.0, 2.2, 46.3, '2026-06-23 04:31:52');
INSERT INTO river_sensorReading (id, idNode, tinggiAir, kelembapanTanah, curahHujan, suhuRataRata, kelembapanUdara, kecepatanAngin, arahAngin, recorded_at) VALUES (116, 2, 1.02, 12.1, 15.6, 36.0, 71.1, 5.8, 159.8, '2026-06-23 05:31:52');
INSERT INTO river_sensorReading (id, idNode, tinggiAir, kelembapanTanah, curahHujan, suhuRataRata, kelembapanUdara, kecepatanAngin, arahAngin, recorded_at) VALUES (117, 9, 1.38, 18.8, 6.0, 25.0, 61.1, 7.9, 38.6, '2026-06-23 06:31:52');
INSERT INTO river_sensorReading (id, idNode, tinggiAir, kelembapanTanah, curahHujan, suhuRataRata, kelembapanUdara, kecepatanAngin, arahAngin, recorded_at) VALUES (118, 4, 1.8, 24.1, 3.9, 28.3, 89.9, 10.3, 152.1, '2026-06-23 07:31:52');
INSERT INTO river_sensorReading (id, idNode, tinggiAir, kelembapanTanah, curahHujan, suhuRataRata, kelembapanUdara, kecepatanAngin, arahAngin, recorded_at) VALUES (119, 10, 2.88, 21.7, 10.6, 33.8, 64.3, 19.9, 217.1, '2026-06-23 08:31:52');
INSERT INTO river_sensorReading (id, idNode, tinggiAir, kelembapanTanah, curahHujan, suhuRataRata, kelembapanUdara, kecepatanAngin, arahAngin, recorded_at) VALUES (120, 6, 4.79, 36.4, 9.0, 27.0, 78.2, 2.4, 18.4, '2026-06-23 09:31:52');
INSERT INTO river_sensorReading (id, idNode, tinggiAir, kelembapanTanah, curahHujan, suhuRataRata, kelembapanUdara, kecepatanAngin, arahAngin, recorded_at) VALUES (121, 3, 3.91, 9.4, 18.4, 27.3, 92.9, 0.1, 59.5, '2026-06-23 10:31:52');
INSERT INTO river_sensorReading (id, idNode, tinggiAir, kelembapanTanah, curahHujan, suhuRataRata, kelembapanUdara, kecepatanAngin, arahAngin, recorded_at) VALUES (122, 4, 2.42, 8.9, 3.8, 27.5, 58.6, 15.3, 79.2, '2026-06-23 11:31:52');
INSERT INTO river_sensorReading (id, idNode, tinggiAir, kelembapanTanah, curahHujan, suhuRataRata, kelembapanUdara, kecepatanAngin, arahAngin, recorded_at) VALUES (123, 5, 2.88, 7.6, 39.9, 23.0, 95.3, 0.6, 136.5, '2026-06-23 12:31:52');
INSERT INTO river_sensorReading (id, idNode, tinggiAir, kelembapanTanah, curahHujan, suhuRataRata, kelembapanUdara, kecepatanAngin, arahAngin, recorded_at) VALUES (124, 7, 4.47, 23.5, 35.5, 36.0, 79.5, 18.7, 122.5, '2026-06-23 13:31:52');
INSERT INTO river_sensorReading (id, idNode, tinggiAir, kelembapanTanah, curahHujan, suhuRataRata, kelembapanUdara, kecepatanAngin, arahAngin, recorded_at) VALUES (125, 3, 5.98, 21.3, 36.7, 31.6, 81.2, 11.3, 181.2, '2026-06-23 14:31:52');
INSERT INTO river_sensorReading (id, idNode, tinggiAir, kelembapanTanah, curahHujan, suhuRataRata, kelembapanUdara, kecepatanAngin, arahAngin, recorded_at) VALUES (126, 5, 4.37, 28.2, 2.2, 29.2, 96.1, 6.3, 314.6, '2026-06-23 15:31:52');
INSERT INTO river_sensorReading (id, idNode, tinggiAir, kelembapanTanah, curahHujan, suhuRataRata, kelembapanUdara, kecepatanAngin, arahAngin, recorded_at) VALUES (127, 2, 1.0, 9.6, 27.7, 32.4, 70.2, 11.1, 34.3, '2026-06-23 16:31:52');
INSERT INTO river_sensorReading (id, idNode, tinggiAir, kelembapanTanah, curahHujan, suhuRataRata, kelembapanUdara, kecepatanAngin, arahAngin, recorded_at) VALUES (128, 7, 1.43, 25.9, 49.6, 23.9, 89.4, 13.3, 102.7, '2026-06-23 17:31:52');
INSERT INTO river_sensorReading (id, idNode, tinggiAir, kelembapanTanah, curahHujan, suhuRataRata, kelembapanUdara, kecepatanAngin, arahAngin, recorded_at) VALUES (129, 3, 2.64, 33.2, 3.7, 31.9, 53.4, 7.1, 54.2, '2026-06-23 18:31:52');
INSERT INTO river_sensorReading (id, idNode, tinggiAir, kelembapanTanah, curahHujan, suhuRataRata, kelembapanUdara, kecepatanAngin, arahAngin, recorded_at) VALUES (130, 5, 3.13, 27.5, 32.7, 26.7, 70.9, 12.0, 71.5, '2026-06-23 19:31:52');
INSERT INTO river_sensorReading (id, idNode, tinggiAir, kelembapanTanah, curahHujan, suhuRataRata, kelembapanUdara, kecepatanAngin, arahAngin, recorded_at) VALUES (131, 2, 1.19, 31.1, 26.8, 23.2, 77.3, 13.0, 186.1, '2026-06-23 20:31:52');
INSERT INTO river_sensorReading (id, idNode, tinggiAir, kelembapanTanah, curahHujan, suhuRataRata, kelembapanUdara, kecepatanAngin, arahAngin, recorded_at) VALUES (132, 4, 1.49, 18.4, 49.6, 36.4, 65.9, 6.0, 304.4, '2026-06-23 21:31:52');
INSERT INTO river_sensorReading (id, idNode, tinggiAir, kelembapanTanah, curahHujan, suhuRataRata, kelembapanUdara, kecepatanAngin, arahAngin, recorded_at) VALUES (133, 5, 4.54, 15.5, 21.2, 23.5, 97.4, 2.3, 26.2, '2026-06-23 22:31:52');
INSERT INTO river_sensorReading (id, idNode, tinggiAir, kelembapanTanah, curahHujan, suhuRataRata, kelembapanUdara, kecepatanAngin, arahAngin, recorded_at) VALUES (134, 1, 0.52, 5.8, 44.3, 30.2, 61.5, 13.1, 147.1, '2026-06-23 23:31:52');
INSERT INTO river_sensorReading (id, idNode, tinggiAir, kelembapanTanah, curahHujan, suhuRataRata, kelembapanUdara, kecepatanAngin, arahAngin, recorded_at) VALUES (135, 10, 1.25, 14.6, 48.1, 33.1, 70.4, 1.6, 346.2, '2026-06-24 00:31:52');
INSERT INTO river_sensorReading (id, idNode, tinggiAir, kelembapanTanah, curahHujan, suhuRataRata, kelembapanUdara, kecepatanAngin, arahAngin, recorded_at) VALUES (136, 7, 5.83, 12.0, 3.5, 36.0, 83.6, 12.6, 319.2, '2026-06-24 01:31:52');
INSERT INTO river_sensorReading (id, idNode, tinggiAir, kelembapanTanah, curahHujan, suhuRataRata, kelembapanUdara, kecepatanAngin, arahAngin, recorded_at) VALUES (137, 2, 2.99, 22.1, 49.3, 29.5, 88.5, 11.3, 239.4, '2026-06-24 02:31:52');
INSERT INTO river_sensorReading (id, idNode, tinggiAir, kelembapanTanah, curahHujan, suhuRataRata, kelembapanUdara, kecepatanAngin, arahAngin, recorded_at) VALUES (138, 5, 1.9, 33.7, 37.4, 26.5, 82.2, 0.8, 321.6, '2026-06-24 03:31:52');
INSERT INTO river_sensorReading (id, idNode, tinggiAir, kelembapanTanah, curahHujan, suhuRataRata, kelembapanUdara, kecepatanAngin, arahAngin, recorded_at) VALUES (139, 7, 2.48, 13.2, 29.5, 33.2, 78.0, 6.2, 132.4, '2026-06-24 04:31:52');
INSERT INTO river_sensorReading (id, idNode, tinggiAir, kelembapanTanah, curahHujan, suhuRataRata, kelembapanUdara, kecepatanAngin, arahAngin, recorded_at) VALUES (140, 5, 3.74, 8.8, 32.2, 26.5, 97.3, 13.7, 358.5, '2026-06-24 05:31:52');
INSERT INTO river_sensorReading (id, idNode, tinggiAir, kelembapanTanah, curahHujan, suhuRataRata, kelembapanUdara, kecepatanAngin, arahAngin, recorded_at) VALUES (141, 2, 0.52, 7.1, 1.5, 27.8, 96.3, 10.1, 114.0, '2026-06-24 06:31:52');
INSERT INTO river_sensorReading (id, idNode, tinggiAir, kelembapanTanah, curahHujan, suhuRataRata, kelembapanUdara, kecepatanAngin, arahAngin, recorded_at) VALUES (142, 10, 0.62, 13.6, 10.7, 30.0, 91.7, 13.9, 233.9, '2026-06-24 07:31:52');
INSERT INTO river_sensorReading (id, idNode, tinggiAir, kelembapanTanah, curahHujan, suhuRataRata, kelembapanUdara, kecepatanAngin, arahAngin, recorded_at) VALUES (143, 7, 1.57, 7.4, 8.7, 29.0, 68.4, 4.4, 155.0, '2026-06-24 08:31:52');
INSERT INTO river_sensorReading (id, idNode, tinggiAir, kelembapanTanah, curahHujan, suhuRataRata, kelembapanUdara, kecepatanAngin, arahAngin, recorded_at) VALUES (144, 7, 3.09, 20.8, 3.1, 28.4, 60.4, 18.2, 338.1, '2026-06-24 09:31:52');
INSERT INTO river_sensorReading (id, idNode, tinggiAir, kelembapanTanah, curahHujan, suhuRataRata, kelembapanUdara, kecepatanAngin, arahAngin, recorded_at) VALUES (145, 7, 5.07, 17.5, 36.9, 35.5, 60.2, 13.7, 109.7, '2026-06-24 10:31:52');
INSERT INTO river_sensorReading (id, idNode, tinggiAir, kelembapanTanah, curahHujan, suhuRataRata, kelembapanUdara, kecepatanAngin, arahAngin, recorded_at) VALUES (146, 2, 5.94, 29.0, 32.2, 24.2, 75.0, 0.6, 305.1, '2026-06-24 11:31:52');
INSERT INTO river_sensorReading (id, idNode, tinggiAir, kelembapanTanah, curahHujan, suhuRataRata, kelembapanUdara, kecepatanAngin, arahAngin, recorded_at) VALUES (147, 6, 5.02, 11.3, 25.5, 33.2, 90.8, 9.1, 275.6, '2026-06-24 12:31:52');
INSERT INTO river_sensorReading (id, idNode, tinggiAir, kelembapanTanah, curahHujan, suhuRataRata, kelembapanUdara, kecepatanAngin, arahAngin, recorded_at) VALUES (148, 1, 2.24, 7.1, 15.9, 34.9, 67.8, 19.3, 78.4, '2026-06-24 13:31:52');
INSERT INTO river_sensorReading (id, idNode, tinggiAir, kelembapanTanah, curahHujan, suhuRataRata, kelembapanUdara, kecepatanAngin, arahAngin, recorded_at) VALUES (149, 10, 1.28, 11.6, 6.8, 25.2, 89.7, 11.6, 286.2, '2026-06-24 14:31:52');
INSERT INTO river_sensorReading (id, idNode, tinggiAir, kelembapanTanah, curahHujan, suhuRataRata, kelembapanUdara, kecepatanAngin, arahAngin, recorded_at) VALUES (150, 5, 3.0, 25.0, 11.3, 34.5, 60.7, 5.1, 211.2, '2026-06-24 15:31:52');
INSERT INTO river_sensorReading (id, idNode, tinggiAir, kelembapanTanah, curahHujan, suhuRataRata, kelembapanUdara, kecepatanAngin, arahAngin, recorded_at) VALUES (151, 5, 5.83, 28.4, 30.3, 35.3, 78.0, 9.2, 349.7, '2026-06-24 16:31:52');
INSERT INTO river_sensorReading (id, idNode, tinggiAir, kelembapanTanah, curahHujan, suhuRataRata, kelembapanUdara, kecepatanAngin, arahAngin, recorded_at) VALUES (152, 7, 2.87, 30.0, 25.8, 31.7, 53.9, 11.0, 213.0, '2026-06-24 17:31:52');
INSERT INTO river_sensorReading (id, idNode, tinggiAir, kelembapanTanah, curahHujan, suhuRataRata, kelembapanUdara, kecepatanAngin, arahAngin, recorded_at) VALUES (153, 2, 3.75, 17.3, 38.0, 24.2, 51.3, 9.7, 329.4, '2026-06-24 18:31:52');
INSERT INTO river_sensorReading (id, idNode, tinggiAir, kelembapanTanah, curahHujan, suhuRataRata, kelembapanUdara, kecepatanAngin, arahAngin, recorded_at) VALUES (154, 4, 0.56, 35.7, 24.5, 32.3, 86.0, 11.8, 62.7, '2026-06-24 19:31:52');
INSERT INTO river_sensorReading (id, idNode, tinggiAir, kelembapanTanah, curahHujan, suhuRataRata, kelembapanUdara, kecepatanAngin, arahAngin, recorded_at) VALUES (155, 5, 2.13, 6.6, 2.4, 30.5, 68.8, 13.9, 133.2, '2026-06-24 20:31:52');
INSERT INTO river_sensorReading (id, idNode, tinggiAir, kelembapanTanah, curahHujan, suhuRataRata, kelembapanUdara, kecepatanAngin, arahAngin, recorded_at) VALUES (156, 5, 2.68, 11.5, 14.1, 30.4, 77.5, 1.3, 92.3, '2026-06-24 21:31:52');
INSERT INTO river_sensorReading (id, idNode, tinggiAir, kelembapanTanah, curahHujan, suhuRataRata, kelembapanUdara, kecepatanAngin, arahAngin, recorded_at) VALUES (157, 3, 4.0, 7.4, 23.0, 25.1, 57.7, 15.5, 12.2, '2026-06-24 22:31:52');
INSERT INTO river_sensorReading (id, idNode, tinggiAir, kelembapanTanah, curahHujan, suhuRataRata, kelembapanUdara, kecepatanAngin, arahAngin, recorded_at) VALUES (158, 5, 3.8, 24.9, 39.0, 29.2, 65.4, 18.3, 341.2, '2026-06-24 23:31:52');
INSERT INTO river_sensorReading (id, idNode, tinggiAir, kelembapanTanah, curahHujan, suhuRataRata, kelembapanUdara, kecepatanAngin, arahAngin, recorded_at) VALUES (159, 1, 6.19, 17.3, 44.1, 29.4, 76.8, 0.3, 66.3, '2026-06-25 00:31:52');
INSERT INTO river_sensorReading (id, idNode, tinggiAir, kelembapanTanah, curahHujan, suhuRataRata, kelembapanUdara, kecepatanAngin, arahAngin, recorded_at) VALUES (160, 2, 5.22, 10.9, 13.8, 30.6, 73.4, 0.2, 243.9, '2026-06-25 01:31:52');
INSERT INTO river_sensorReading (id, idNode, tinggiAir, kelembapanTanah, curahHujan, suhuRataRata, kelembapanUdara, kecepatanAngin, arahAngin, recorded_at) VALUES (161, 7, 3.59, 9.2, 18.2, 33.2, 93.5, 5.9, 38.6, '2026-06-25 02:31:52');
INSERT INTO river_sensorReading (id, idNode, tinggiAir, kelembapanTanah, curahHujan, suhuRataRata, kelembapanUdara, kecepatanAngin, arahAngin, recorded_at) VALUES (162, 7, 6.34, 26.8, 14.4, 25.5, 95.1, 19.8, 97.2, '2026-06-25 03:31:52');
INSERT INTO river_sensorReading (id, idNode, tinggiAir, kelembapanTanah, curahHujan, suhuRataRata, kelembapanUdara, kecepatanAngin, arahAngin, recorded_at) VALUES (163, 10, 2.76, 38.8, 38.6, 32.2, 64.8, 14.6, 280.1, '2026-06-25 04:31:52');
INSERT INTO river_sensorReading (id, idNode, tinggiAir, kelembapanTanah, curahHujan, suhuRataRata, kelembapanUdara, kecepatanAngin, arahAngin, recorded_at) VALUES (164, 5, 3.99, 12.6, 23.7, 33.5, 61.7, 2.5, 220.9, '2026-06-25 05:31:52');
INSERT INTO river_sensorReading (id, idNode, tinggiAir, kelembapanTanah, curahHujan, suhuRataRata, kelembapanUdara, kecepatanAngin, arahAngin, recorded_at) VALUES (165, 7, 5.43, 22.2, 12.8, 32.9, 97.4, 6.8, 153.3, '2026-06-25 06:31:52');
INSERT INTO river_sensorReading (id, idNode, tinggiAir, kelembapanTanah, curahHujan, suhuRataRata, kelembapanUdara, kecepatanAngin, arahAngin, recorded_at) VALUES (166, 5, 4.58, 8.6, 37.6, 24.2, 80.8, 4.5, 13.9, '2026-06-25 07:31:52');
INSERT INTO river_sensorReading (id, idNode, tinggiAir, kelembapanTanah, curahHujan, suhuRataRata, kelembapanUdara, kecepatanAngin, arahAngin, recorded_at) VALUES (167, 3, 0.87, 8.7, 14.4, 34.4, 91.9, 12.7, 291.8, '2026-06-25 08:31:52');
INSERT INTO river_sensorReading (id, idNode, tinggiAir, kelembapanTanah, curahHujan, suhuRataRata, kelembapanUdara, kecepatanAngin, arahAngin, recorded_at) VALUES (168, 7, 5.45, 9.0, 24.3, 24.5, 93.6, 14.5, 130.1, '2026-06-25 09:31:52');
INSERT INTO river_sensorReading (id, idNode, tinggiAir, kelembapanTanah, curahHujan, suhuRataRata, kelembapanUdara, kecepatanAngin, arahAngin, recorded_at) VALUES (169, 5, 6.31, 9.9, 44.9, 30.9, 85.6, 8.1, 230.4, '2026-06-25 10:31:52');
INSERT INTO river_sensorReading (id, idNode, tinggiAir, kelembapanTanah, curahHujan, suhuRataRata, kelembapanUdara, kecepatanAngin, arahAngin, recorded_at) VALUES (170, 9, 4.07, 27.0, 6.0, 28.1, 79.6, 18.6, 179.4, '2026-06-25 11:31:52');
INSERT INTO river_sensorReading (id, idNode, tinggiAir, kelembapanTanah, curahHujan, suhuRataRata, kelembapanUdara, kecepatanAngin, arahAngin, recorded_at) VALUES (171, 4, 4.28, 9.7, 8.8, 33.8, 86.6, 8.5, 61.7, '2026-06-25 12:31:52');
INSERT INTO river_sensorReading (id, idNode, tinggiAir, kelembapanTanah, curahHujan, suhuRataRata, kelembapanUdara, kecepatanAngin, arahAngin, recorded_at) VALUES (172, 2, 3.14, 30.4, 23.2, 31.9, 54.1, 10.2, 150.1, '2026-06-25 13:31:52');
INSERT INTO river_sensorReading (id, idNode, tinggiAir, kelembapanTanah, curahHujan, suhuRataRata, kelembapanUdara, kecepatanAngin, arahAngin, recorded_at) VALUES (173, 3, 1.7, 9.0, 45.9, 35.3, 84.4, 10.4, 320.3, '2026-06-25 14:31:52');
INSERT INTO river_sensorReading (id, idNode, tinggiAir, kelembapanTanah, curahHujan, suhuRataRata, kelembapanUdara, kecepatanAngin, arahAngin, recorded_at) VALUES (174, 7, 4.69, 7.7, 50.9, 32.8, 64.6, 5.1, 311.6, '2026-06-25 15:31:52');
INSERT INTO river_sensorReading (id, idNode, tinggiAir, kelembapanTanah, curahHujan, suhuRataRata, kelembapanUdara, kecepatanAngin, arahAngin, recorded_at) VALUES (175, 9, 5.74, 10.8, 23.9, 31.7, 93.8, 12.3, 291.2, '2026-06-25 16:31:52');
INSERT INTO river_sensorReading (id, idNode, tinggiAir, kelembapanTanah, curahHujan, suhuRataRata, kelembapanUdara, kecepatanAngin, arahAngin, recorded_at) VALUES (176, 1, 5.48, 19.4, 50.0, 27.6, 74.1, 9.3, 31.9, '2026-06-25 17:31:52');
INSERT INTO river_sensorReading (id, idNode, tinggiAir, kelembapanTanah, curahHujan, suhuRataRata, kelembapanUdara, kecepatanAngin, arahAngin, recorded_at) VALUES (177, 3, 4.75, 25.3, 45.9, 24.8, 56.5, 15.9, 102.8, '2026-06-25 18:31:52');
INSERT INTO river_sensorReading (id, idNode, tinggiAir, kelembapanTanah, curahHujan, suhuRataRata, kelembapanUdara, kecepatanAngin, arahAngin, recorded_at) VALUES (178, 4, 5.64, 15.5, 21.1, 24.5, 55.9, 13.8, 66.5, '2026-06-25 19:31:52');
INSERT INTO river_sensorReading (id, idNode, tinggiAir, kelembapanTanah, curahHujan, suhuRataRata, kelembapanUdara, kecepatanAngin, arahAngin, recorded_at) VALUES (179, 10, 3.52, 29.2, 31.8, 31.9, 60.3, 13.6, 168.9, '2026-06-25 20:31:52');
INSERT INTO river_sensorReading (id, idNode, tinggiAir, kelembapanTanah, curahHujan, suhuRataRata, kelembapanUdara, kecepatanAngin, arahAngin, recorded_at) VALUES (180, 4, 5.92, 11.3, 29.0, 25.2, 85.6, 0.5, 305.4, '2026-06-25 21:31:52');
INSERT INTO river_sensorReading (id, idNode, tinggiAir, kelembapanTanah, curahHujan, suhuRataRata, kelembapanUdara, kecepatanAngin, arahAngin, recorded_at) VALUES (181, 6, 5.3, 15.2, 16.9, 26.2, 92.5, 0.9, 252.3, '2026-06-25 22:31:52');
INSERT INTO river_sensorReading (id, idNode, tinggiAir, kelembapanTanah, curahHujan, suhuRataRata, kelembapanUdara, kecepatanAngin, arahAngin, recorded_at) VALUES (182, 10, 3.69, 20.8, 37.1, 26.0, 64.6, 2.0, 80.6, '2026-06-25 23:31:52');
INSERT INTO river_sensorReading (id, idNode, tinggiAir, kelembapanTanah, curahHujan, suhuRataRata, kelembapanUdara, kecepatanAngin, arahAngin, recorded_at) VALUES (183, 9, 5.52, 38.5, 28.1, 23.7, 91.5, 8.3, 163.5, '2026-06-26 00:31:52');
INSERT INTO river_sensorReading (id, idNode, tinggiAir, kelembapanTanah, curahHujan, suhuRataRata, kelembapanUdara, kecepatanAngin, arahAngin, recorded_at) VALUES (184, 1, 2.93, 26.6, 26.9, 34.5, 73.7, 17.5, 265.0, '2026-06-26 01:31:52');
INSERT INTO river_sensorReading (id, idNode, tinggiAir, kelembapanTanah, curahHujan, suhuRataRata, kelembapanUdara, kecepatanAngin, arahAngin, recorded_at) VALUES (185, 6, 5.45, 32.2, 34.7, 29.3, 88.8, 4.4, 178.2, '2026-06-26 02:31:52');
INSERT INTO river_sensorReading (id, idNode, tinggiAir, kelembapanTanah, curahHujan, suhuRataRata, kelembapanUdara, kecepatanAngin, arahAngin, recorded_at) VALUES (186, 7, 4.85, 9.5, 33.3, 29.3, 96.6, 12.5, 313.0, '2026-06-26 03:31:52');
INSERT INTO river_sensorReading (id, idNode, tinggiAir, kelembapanTanah, curahHujan, suhuRataRata, kelembapanUdara, kecepatanAngin, arahAngin, recorded_at) VALUES (187, 10, 1.4, 30.2, 30.1, 25.9, 56.9, 19.0, 269.6, '2026-06-26 04:31:52');
INSERT INTO river_sensorReading (id, idNode, tinggiAir, kelembapanTanah, curahHujan, suhuRataRata, kelembapanUdara, kecepatanAngin, arahAngin, recorded_at) VALUES (188, 3, 6.24, 8.1, 15.8, 23.9, 62.0, 2.6, 275.4, '2026-06-26 05:31:52');
INSERT INTO river_sensorReading (id, idNode, tinggiAir, kelembapanTanah, curahHujan, suhuRataRata, kelembapanUdara, kecepatanAngin, arahAngin, recorded_at) VALUES (189, 10, 6.06, 18.3, 39.3, 30.2, 78.8, 5.4, 171.8, '2026-06-26 06:31:52');
INSERT INTO river_sensorReading (id, idNode, tinggiAir, kelembapanTanah, curahHujan, suhuRataRata, kelembapanUdara, kecepatanAngin, arahAngin, recorded_at) VALUES (190, 10, 4.42, 38.4, 41.5, 30.4, 66.1, 17.6, 297.8, '2026-06-26 07:31:52');
INSERT INTO river_sensorReading (id, idNode, tinggiAir, kelembapanTanah, curahHujan, suhuRataRata, kelembapanUdara, kecepatanAngin, arahAngin, recorded_at) VALUES (191, 6, 5.93, 32.1, 17.1, 29.1, 66.7, 1.7, 94.6, '2026-06-26 08:31:52');
INSERT INTO river_sensorReading (id, idNode, tinggiAir, kelembapanTanah, curahHujan, suhuRataRata, kelembapanUdara, kecepatanAngin, arahAngin, recorded_at) VALUES (192, 7, 5.67, 18.0, 43.2, 23.1, 72.8, 6.0, 82.0, '2026-06-26 09:31:52');
INSERT INTO river_sensorReading (id, idNode, tinggiAir, kelembapanTanah, curahHujan, suhuRataRata, kelembapanUdara, kecepatanAngin, arahAngin, recorded_at) VALUES (193, 8, 5.52, 12.6, 23.1, 33.3, 78.8, 19.3, 204.5, '2026-06-26 10:31:52');
INSERT INTO river_sensorReading (id, idNode, tinggiAir, kelembapanTanah, curahHujan, suhuRataRata, kelembapanUdara, kecepatanAngin, arahAngin, recorded_at) VALUES (194, 2, 4.92, 11.2, 41.9, 32.9, 59.7, 8.1, 319.0, '2026-06-26 11:31:52');
INSERT INTO river_sensorReading (id, idNode, tinggiAir, kelembapanTanah, curahHujan, suhuRataRata, kelembapanUdara, kecepatanAngin, arahAngin, recorded_at) VALUES (195, 8, 2.26, 27.9, 46.4, 33.6, 73.8, 0.5, 16.6, '2026-06-26 12:31:52');
INSERT INTO river_sensorReading (id, idNode, tinggiAir, kelembapanTanah, curahHujan, suhuRataRata, kelembapanUdara, kecepatanAngin, arahAngin, recorded_at) VALUES (196, 1, 1.98, 26.2, 24.8, 34.4, 52.3, 0.9, 101.5, '2026-06-26 13:31:52');
INSERT INTO river_sensorReading (id, idNode, tinggiAir, kelembapanTanah, curahHujan, suhuRataRata, kelembapanUdara, kecepatanAngin, arahAngin, recorded_at) VALUES (197, 1, 5.35, 18.7, 42.2, 33.7, 75.6, 5.6, 96.5, '2026-06-26 14:31:52');
INSERT INTO river_sensorReading (id, idNode, tinggiAir, kelembapanTanah, curahHujan, suhuRataRata, kelembapanUdara, kecepatanAngin, arahAngin, recorded_at) VALUES (198, 7, 3.95, 11.4, 20.5, 31.2, 88.5, 3.9, 182.7, '2026-06-26 15:31:52');
INSERT INTO river_sensorReading (id, idNode, tinggiAir, kelembapanTanah, curahHujan, suhuRataRata, kelembapanUdara, kecepatanAngin, arahAngin, recorded_at) VALUES (199, 4, 1.9, 37.2, 12.1, 28.3, 56.4, 11.2, 320.8, '2026-06-26 16:31:52');
INSERT INTO river_sensorReading (id, idNode, tinggiAir, kelembapanTanah, curahHujan, suhuRataRata, kelembapanUdara, kecepatanAngin, arahAngin, recorded_at) VALUES (200, 6, 3.29, 35.0, 21.6, 36.2, 55.7, 13.4, 164.9, '2026-06-26 17:31:52');

-- 7. Data Peringatan Banjir (php-analytics — Spec §8 alerts / §7.3 GET /api/environment/alerts)
INSERT INTO analytics_peringatan (id, idSungai, tipePeringatan, nilaiProbabilitas, recorded_at) VALUES (1, 1, 'normal', 0.12, '2026-06-20 08:00:00');
INSERT INTO analytics_peringatan (id, idSungai, tipePeringatan, nilaiProbabilitas, recorded_at) VALUES (2, 2, 'normal', 0.18, '2026-06-20 09:15:00');
INSERT INTO analytics_peringatan (id, idSungai, tipePeringatan, nilaiProbabilitas, recorded_at) VALUES (3, 3, 'waspada', 0.58, '2026-06-21 14:30:00');
INSERT INTO analytics_peringatan (id, idSungai, tipePeringatan, nilaiProbabilitas, recorded_at) VALUES (4, 1, 'waspada', 0.62, '2026-06-22 06:45:00');
INSERT INTO analytics_peringatan (id, idSungai, tipePeringatan, nilaiProbabilitas, recorded_at) VALUES (5, 4, 'normal', 0.09, '2026-06-22 11:00:00');
INSERT INTO analytics_peringatan (id, idSungai, tipePeringatan, nilaiProbabilitas, recorded_at) VALUES (6, 5, 'bencana', 0.88, '2026-06-23 02:20:00');
INSERT INTO analytics_peringatan (id, idSungai, tipePeringatan, nilaiProbabilitas, recorded_at) VALUES (7, 3, 'bencana', 0.91, '2026-06-23 03:10:00');
INSERT INTO analytics_peringatan (id, idSungai, tipePeringatan, nilaiProbabilitas, recorded_at) VALUES (8, 2, 'waspada', 0.55, '2026-06-24 16:00:00');
INSERT INTO analytics_peringatan (id, idSungai, tipePeringatan, nilaiProbabilitas, recorded_at) VALUES (9, 1, 'normal', 0.15, '2026-06-25 07:30:00');
INSERT INTO analytics_peringatan (id, idSungai, tipePeringatan, nilaiProbabilitas, recorded_at) VALUES (10, 4, 'waspada', 0.67, '2026-06-25 18:45:00');
INSERT INTO analytics_peringatan (id, idSungai, tipePeringatan, nilaiProbabilitas, recorded_at) VALUES (11, 5, 'waspada', 0.71, '2026-06-26 05:00:00');
INSERT INTO analytics_peringatan (id, idSungai, tipePeringatan, nilaiProbabilitas, recorded_at) VALUES (12, 1, 'bencana', 0.86, '2026-06-26 09:30:00');
INSERT INTO analytics_peringatan (id, idSungai, tipePeringatan, nilaiProbabilitas, recorded_at) VALUES (13, 2, 'normal', 0.11, '2026-06-26 12:00:00');
INSERT INTO analytics_peringatan (id, idSungai, tipePeringatan, nilaiProbabilitas, recorded_at) VALUES (14, 3, 'normal', 0.22, '2026-06-26 15:20:00');
INSERT INTO analytics_peringatan (id, idSungai, tipePeringatan, nilaiProbabilitas, recorded_at) VALUES (15, 4, 'bencana', 0.93, '2026-06-26 20:10:00');

-- 8. Riwayat Banjir (user_riwayatBanjir — Spec §8)
INSERT INTO user_riwayatBanjir (id, idSungai, tinggiAir, status, waktuTerjadi) VALUES (1, 1, 2.1, 'ringan', '2026-06-10 14:00:00');
INSERT INTO user_riwayatBanjir (id, idSungai, tinggiAir, status, waktuTerjadi) VALUES (2, 2, 3.4, 'sedang', '2026-06-12 18:30:00');
INSERT INTO user_riwayatBanjir (id, idSungai, tinggiAir, status, waktuTerjadi) VALUES (3, 3, 5.8, 'tinggi', '2026-06-15 22:15:00');
INSERT INTO user_riwayatBanjir (id, idSungai, tinggiAir, status, waktuTerjadi) VALUES (4, 4, 1.7, 'ringan', '2026-06-18 09:45:00');
INSERT INTO user_riwayatBanjir (id, idSungai, tinggiAir, status, waktuTerjadi) VALUES (5, 5, 4.2, 'sedang', '2026-06-20 16:20:00');
INSERT INTO user_riwayatBanjir (id, idSungai, tinggiAir, status, waktuTerjadi) VALUES (6, 1, 6.1, 'tinggi', '2026-06-22 03:10:00');
INSERT INTO user_riwayatBanjir (id, idSungai, tinggiAir, status, waktuTerjadi) VALUES (7, 2, 2.8, 'ringan', '2026-06-23 11:00:00');
INSERT INTO user_riwayatBanjir (id, idSungai, tinggiAir, status, waktuTerjadi) VALUES (8, 3, 4.9, 'sedang', '2026-06-24 19:40:00');
INSERT INTO user_riwayatBanjir (id, idSungai, tinggiAir, status, waktuTerjadi) VALUES (9, 4, 5.5, 'tinggi', '2026-06-25 21:05:00');
INSERT INTO user_riwayatBanjir (id, idSungai, tinggiAir, status, waktuTerjadi) VALUES (10, 5, 3.0, 'ringan', '2026-06-26 08:30:00');

-- 9. Notifikasi Warga (user_notifications — Spec §7.2 / §8)
INSERT INTO user_notifications (id, idPengguna, title, body, is_read, created_at) VALUES (1, 2, 'Laporan #4 diterima', 'Prediksi peringatan dini banjir semalam sangat akurat, warga sempat mengevakuasi barang.', 0, '2026-06-06 23:35:00');
INSERT INTO user_notifications (id, idPengguna, title, body, is_read, created_at) VALUES (2, 8, 'Laporan #1 diterima', 'Data ketinggian air di aplikasi terlambat update dibandingkan kondisi sungai aslinya.', 1, '2026-06-07 23:35:00');
INSERT INTO user_notifications (id, idPengguna, title, body, is_read, created_at) VALUES (3, 3, 'Laporan #5 diterima', 'Notifikasi status Waspada muncul di aplikasi, tapi sungai masih surut. Mohon kalibrasi sensor.', 0, '2026-06-06 04:35:00');
INSERT INTO user_notifications (id, idPengguna, title, body, is_read, created_at) VALUES (4, 15, 'Peringatan Waspada Sungai Ciliwung', 'Sistem mendeteksi kenaikan tinggi air di zona Jakarta Timur.', 0, '2026-06-22 06:50:00');
INSERT INTO user_notifications (id, idPengguna, title, body, is_read, created_at) VALUES (5, 23, 'Peringatan Bencana', 'Status BENCANA terdeteksi di Sungai Pesanggrahan. Segera evakuasi jika diperlukan.', 0, '2026-06-23 03:15:00');
INSERT INTO user_notifications (id, idPengguna, title, body, is_read, created_at) VALUES (6, 42, 'Laporan #9 diterima', 'Prediksi peringatan dini banjir semalam sangat akurat, warga sempat mengevakuasi barang.', 1, '2026-06-25 18:35:00');
INSERT INTO user_notifications (id, idPengguna, title, body, is_read, created_at) VALUES (7, 33, 'Laporan #10 diterima', 'Dashboard sangat membantu, tapi sensor suhu sepertinya terlalu tinggi (tidak realistis).', 0, '2026-06-15 01:35:00');
INSERT INTO user_notifications (id, idPengguna, title, body, is_read, created_at) VALUES (8, 50, 'Status Laporan Diperbarui', 'Laporan Anda telah ditinjau dan status diubah menjadi in_progress.', 0, '2026-06-26 10:00:00');
