USE kelompok2;

-- =====================================
-- DUMMY DATA GENERATE FOR FLOOD WARNING
-- =====================================
-- 1. Data Zona
INSERT INTO river_zones (id, nama_kota) VALUES (1, 'Jakarta Timur');
INSERT INTO river_zones (id, nama_kota) VALUES (2, 'Jakarta Selatan');
INSERT INTO river_zones (id, nama_kota) VALUES (3, 'Bogor');
INSERT INTO river_zones (id, nama_kota) VALUES (4, 'Depok');
INSERT INTO river_zones (id, nama_kota) VALUES (5, 'Tangerang');

-- 2. Data Sungai
INSERT INTO river_sungai (id, zoneId, lokasiSungai) VALUES (1, 1, 'Sungai Ciliwung');
INSERT INTO river_sungai (id, zoneId, lokasiSungai) VALUES (2, 2, 'Sungai Pesanggrahan');
INSERT INTO river_sungai (id, zoneId, lokasiSungai) VALUES (3, 3, 'Sungai Cisadane');
INSERT INTO river_sungai (id, zoneId, lokasiSungai) VALUES (4, 4, 'Sungai Cikeas');
INSERT INTO river_sungai (id, zoneId, lokasiSungai) VALUES (5, 5, 'Sungai Sunter');

-- 3. Data Sensor Node
INSERT INTO river_sensorNode (id, idSungai, idStation, namaNode, posisi, elevasi) VALUES (1, 1, 101, 'Node Hulu Ciliwung', 'hulu', 5.7);
INSERT INTO river_sensorNode (id, idSungai, idStation, namaNode, posisi, elevasi) VALUES (2, 1, 102, 'Node Hilir Ciliwung', 'hilir', 13.4);
INSERT INTO river_sensorNode (id, idSungai, idStation, namaNode, posisi, elevasi) VALUES (3, 2, 103, 'Node Hulu Pesanggrahan', 'hulu', 2.2);
INSERT INTO river_sensorNode (id, idSungai, idStation, namaNode, posisi, elevasi) VALUES (4, 2, 104, 'Node Hilir Pesanggrahan', 'hilir', 5.1);
INSERT INTO river_sensorNode (id, idSungai, idStation, namaNode, posisi, elevasi) VALUES (5, 3, 105, 'Node Hulu Cisadane', 'hulu', 13.1);
INSERT INTO river_sensorNode (id, idSungai, idStation, namaNode, posisi, elevasi) VALUES (6, 3, 106, 'Node Hilir Cisadane', 'hilir', 10.1);
INSERT INTO river_sensorNode (id, idSungai, idStation, namaNode, posisi, elevasi) VALUES (7, 4, 107, 'Node Hulu Cikeas', 'hulu', 5.4);
INSERT INTO river_sensorNode (id, idSungai, idStation, namaNode, posisi, elevasi) VALUES (8, 4, 108, 'Node Hilir Cikeas', 'hilir', 14.1);
INSERT INTO river_sensorNode (id, idSungai, idStation, namaNode, posisi, elevasi) VALUES (9, 5, 109, 'Node Hulu Sunter', 'hulu', 4.9);
INSERT INTO river_sensorNode (id, idSungai, idStation, namaNode, posisi, elevasi) VALUES (10, 5, 110, 'Node Hilir Sunter', 'hilir', 4.7);

-- 4. Data Pengguna
INSERT INTO user_user (id, nama, password, role) VALUES (1, 'Agus Lestari', '$2y$10$dummyhashpassword12345678', 'admin');
INSERT INTO user_user (id, nama, password, role) VALUES (2, 'Ayu Santoso', '$2y$10$dummyhashpassword12345678', 'pengguna');
INSERT INTO user_user (id, nama, password, role) VALUES (3, 'Maya Lestari', '$2y$10$dummyhashpassword12345678', 'pengguna');
INSERT INTO user_user (id, nama, password, role) VALUES (4, 'Agus Lestari', '$2y$10$dummyhashpassword12345678', 'pengguna');
INSERT INTO user_user (id, nama, password, role) VALUES (5, 'Eko Kusuma', '$2y$10$dummyhashpassword12345678', 'pengguna');
INSERT INTO user_user (id, nama, password, role) VALUES (6, 'Rudi Pratama', '$2y$10$dummyhashpassword12345678', 'pengguna');
INSERT INTO user_user (id, nama, password, role) VALUES (7, 'Siti Santoso', '$2y$10$dummyhashpassword12345678', 'pengguna');
INSERT INTO user_user (id, nama, password, role) VALUES (8, 'Rudi Pratama', '$2y$10$dummyhashpassword12345678', 'pengguna');
INSERT INTO user_user (id, nama, password, role) VALUES (9, 'Eko Wijaya', '$2y$10$dummyhashpassword12345678', 'pengguna');
INSERT INTO user_user (id, nama, password, role) VALUES (10, 'Ayu Hidayat', '$2y$10$dummyhashpassword12345678', 'pengguna');
INSERT INTO user_user (id, nama, password, role) VALUES (11, 'Rina Santoso', '$2y$10$dummyhashpassword12345678', 'pengguna');
INSERT INTO user_user (id, nama, password, role) VALUES (12, 'Budi Wijaya', '$2y$10$dummyhashpassword12345678', 'pengguna');
INSERT INTO user_user (id, nama, password, role) VALUES (13, 'Maya Wijaya', '$2y$10$dummyhashpassword12345678', 'pengguna');
INSERT INTO user_user (id, nama, password, role) VALUES (14, 'Eko Wijaya', '$2y$10$dummyhashpassword12345678', 'pengguna');
INSERT INTO user_user (id, nama, password, role) VALUES (15, 'Ayu Kusuma', '$2y$10$dummyhashpassword12345678', 'pengguna');
INSERT INTO user_user (id, nama, password, role) VALUES (16, 'Ayu Pratama', '$2y$10$dummyhashpassword12345678', 'pengguna');
INSERT INTO user_user (id, nama, password, role) VALUES (17, 'Eko Santoso', '$2y$10$dummyhashpassword12345678', 'pengguna');
INSERT INTO user_user (id, nama, password, role) VALUES (18, 'Maya Putra', '$2y$10$dummyhashpassword12345678', 'pengguna');
INSERT INTO user_user (id, nama, password, role) VALUES (19, 'Dina Kusuma', '$2y$10$dummyhashpassword12345678', 'pengguna');
INSERT INTO user_user (id, nama, password, role) VALUES (20, 'Hadi Santoso', '$2y$10$dummyhashpassword12345678', 'pengguna');
INSERT INTO user_user (id, nama, password, role) VALUES (21, 'Ayu Sari', '$2y$10$dummyhashpassword12345678', 'pengguna');
INSERT INTO user_user (id, nama, password, role) VALUES (22, 'Agus Sari', '$2y$10$dummyhashpassword12345678', 'pengguna');
INSERT INTO user_user (id, nama, password, role) VALUES (23, 'Rina Santoso', '$2y$10$dummyhashpassword12345678', 'pengguna');
INSERT INTO user_user (id, nama, password, role) VALUES (24, 'Budi Sari', '$2y$10$dummyhashpassword12345678', 'pengguna');
INSERT INTO user_user (id, nama, password, role) VALUES (25, 'Dina Lestari', '$2y$10$dummyhashpassword12345678', 'pengguna');
INSERT INTO user_user (id, nama, password, role) VALUES (26, 'Rina Putra', '$2y$10$dummyhashpassword12345678', 'pengguna');
INSERT INTO user_user (id, nama, password, role) VALUES (27, 'Hadi Hidayat', '$2y$10$dummyhashpassword12345678', 'pengguna');
INSERT INTO user_user (id, nama, password, role) VALUES (28, 'Budi Putra', '$2y$10$dummyhashpassword12345678', 'pengguna');
INSERT INTO user_user (id, nama, password, role) VALUES (29, 'Maya Sari', '$2y$10$dummyhashpassword12345678', 'pengguna');
INSERT INTO user_user (id, nama, password, role) VALUES (30, 'Ayu Sari', '$2y$10$dummyhashpassword12345678', 'pengguna');
INSERT INTO user_user (id, nama, password, role) VALUES (31, 'Eko Wijaya', '$2y$10$dummyhashpassword12345678', 'pengguna');
INSERT INTO user_user (id, nama, password, role) VALUES (32, 'Siti Wijaya', '$2y$10$dummyhashpassword12345678', 'pengguna');
INSERT INTO user_user (id, nama, password, role) VALUES (33, 'Ayu Pratama', '$2y$10$dummyhashpassword12345678', 'pengguna');
INSERT INTO user_user (id, nama, password, role) VALUES (34, 'Eko Hidayat', '$2y$10$dummyhashpassword12345678', 'pengguna');
INSERT INTO user_user (id, nama, password, role) VALUES (35, 'Maya Hidayat', '$2y$10$dummyhashpassword12345678', 'pengguna');
INSERT INTO user_user (id, nama, password, role) VALUES (36, 'Eko Putra', '$2y$10$dummyhashpassword12345678', 'pengguna');
INSERT INTO user_user (id, nama, password, role) VALUES (37, 'Hadi Santoso', '$2y$10$dummyhashpassword12345678', 'pengguna');
INSERT INTO user_user (id, nama, password, role) VALUES (38, 'Maya Sari', '$2y$10$dummyhashpassword12345678', 'pengguna');
INSERT INTO user_user (id, nama, password, role) VALUES (39, 'Agus Santoso', '$2y$10$dummyhashpassword12345678', 'pengguna');
INSERT INTO user_user (id, nama, password, role) VALUES (40, 'Budi Santoso', '$2y$10$dummyhashpassword12345678', 'pengguna');
INSERT INTO user_user (id, nama, password, role) VALUES (41, 'Rina Sari', '$2y$10$dummyhashpassword12345678', 'pengguna');
INSERT INTO user_user (id, nama, password, role) VALUES (42, 'Dina Lestari', '$2y$10$dummyhashpassword12345678', 'pengguna');
INSERT INTO user_user (id, nama, password, role) VALUES (43, 'Rina Putra', '$2y$10$dummyhashpassword12345678', 'pengguna');
INSERT INTO user_user (id, nama, password, role) VALUES (44, 'Ayu Hidayat', '$2y$10$dummyhashpassword12345678', 'pengguna');
INSERT INTO user_user (id, nama, password, role) VALUES (45, 'Hadi Santoso', '$2y$10$dummyhashpassword12345678', 'pengguna');
INSERT INTO user_user (id, nama, password, role) VALUES (46, 'Ayu Santoso', '$2y$10$dummyhashpassword12345678', 'pengguna');
INSERT INTO user_user (id, nama, password, role) VALUES (47, 'Rudi Wijaya', '$2y$10$dummyhashpassword12345678', 'pengguna');
INSERT INTO user_user (id, nama, password, role) VALUES (48, 'Budi Lestari', '$2y$10$dummyhashpassword12345678', 'pengguna');
INSERT INTO user_user (id, nama, password, role) VALUES (49, 'Hadi Lestari', '$2y$10$dummyhashpassword12345678', 'pengguna');
INSERT INTO user_user (id, nama, password, role) VALUES (50, 'Maya Putra', '$2y$10$dummyhashpassword12345678', 'pengguna');

-- 5. Data Laporan
INSERT INTO user_laporan (id, idPengguna, deskripsiLaporan, waktuDibuat) VALUES (1, 42, 'Akurasi kelembapan tanah dan udara sudah sangat pas dengan kondisi cuaca hari ini.', '2026-05-25 04:21:09');
INSERT INTO user_laporan (id, idPengguna, deskripsiLaporan, waktuDibuat) VALUES (2, 12, 'Notifikasi status Waspada muncul di aplikasi, tapi sungai masih surut. Mohon kalibrasi sensor.', '2026-05-30 11:21:09');
INSERT INTO user_laporan (id, idPengguna, deskripsiLaporan, waktuDibuat) VALUES (3, 45, 'Notifikasi status Waspada muncul di aplikasi, tapi sungai masih surut. Mohon kalibrasi sensor.', '2026-06-13 01:21:09');
INSERT INTO user_laporan (id, idPengguna, deskripsiLaporan, waktuDibuat) VALUES (4, 44, 'Dashboard sangat membantu, tapi sensor suhu sepertinya terlalu tinggi (tidak realistis).', '2026-05-30 12:21:09');
INSERT INTO user_laporan (id, idPengguna, deskripsiLaporan, waktuDibuat) VALUES (5, 31, 'Notifikasi di aplikasi sangat cepat masuk sesaat setelah hujan deras turun. Terima kasih!', '2026-06-05 07:21:09');
INSERT INTO user_laporan (id, idPengguna, deskripsiLaporan, waktuDibuat) VALUES (6, 39, 'Dashboard sangat membantu, tapi sensor suhu sepertinya terlalu tinggi (tidak realistis).', '2026-05-31 05:21:09');
INSERT INTO user_laporan (id, idPengguna, deskripsiLaporan, waktuDibuat) VALUES (7, 8, 'Data ketinggian air di aplikasi terlambat update dibandingkan kondisi sungai aslinya.', '2026-05-27 17:21:09');
INSERT INTO user_laporan (id, idPengguna, deskripsiLaporan, waktuDibuat) VALUES (8, 21, 'Sensor cuaca di jembatan sepertinya rusak, hujan deras tapi di aplikasi terbaca curah hujan 0 mm.', '2026-06-14 22:21:09');
INSERT INTO user_laporan (id, idPengguna, deskripsiLaporan, waktuDibuat) VALUES (9, 20, 'Notifikasi di aplikasi sangat cepat masuk sesaat setelah hujan deras turun. Terima kasih!', '2026-06-12 04:21:09');
INSERT INTO user_laporan (id, idPengguna, deskripsiLaporan, waktuDibuat) VALUES (10, 5, 'Notifikasi status Waspada muncul di aplikasi, tapi sungai masih surut. Mohon kalibrasi sensor.', '2026-06-19 08:21:09');
INSERT INTO user_laporan (id, idPengguna, deskripsiLaporan, waktuDibuat) VALUES (11, 17, 'Akurasi kelembapan tanah dan udara sudah sangat pas dengan kondisi cuaca hari ini.', '2026-06-15 11:21:09');
INSERT INTO user_laporan (id, idPengguna, deskripsiLaporan, waktuDibuat) VALUES (12, 41, 'Dashboard sangat membantu, tapi sensor suhu sepertinya terlalu tinggi (tidak realistis).', '2026-06-04 01:21:09');
INSERT INTO user_laporan (id, idPengguna, deskripsiLaporan, waktuDibuat) VALUES (13, 39, 'Dashboard sangat membantu, tapi sensor suhu sepertinya terlalu tinggi (tidak realistis).', '2026-06-12 12:21:09');
INSERT INTO user_laporan (id, idPengguna, deskripsiLaporan, waktuDibuat) VALUES (14, 16, 'Data ketinggian air di aplikasi terlambat update dibandingkan kondisi sungai aslinya.', '2026-06-14 12:21:09');
INSERT INTO user_laporan (id, idPengguna, deskripsiLaporan, waktuDibuat) VALUES (15, 48, 'Prediksi peringatan dini banjir semalam sangat akurat, warga sempat mengevakuasi barang.', '2026-06-16 06:21:09');
INSERT INTO user_laporan (id, idPengguna, deskripsiLaporan, waktuDibuat) VALUES (16, 6, 'Dashboard sangat membantu, tapi sensor suhu sepertinya terlalu tinggi (tidak realistis).', '2026-05-26 12:21:09');
INSERT INTO user_laporan (id, idPengguna, deskripsiLaporan, waktuDibuat) VALUES (17, 47, 'Data ketinggian air di aplikasi terlambat update dibandingkan kondisi sungai aslinya.', '2026-06-01 12:21:09');
INSERT INTO user_laporan (id, idPengguna, deskripsiLaporan, waktuDibuat) VALUES (18, 20, 'Notifikasi di aplikasi sangat cepat masuk sesaat setelah hujan deras turun. Terima kasih!', '2026-06-02 23:21:09');
INSERT INTO user_laporan (id, idPengguna, deskripsiLaporan, waktuDibuat) VALUES (19, 32, 'Notifikasi di aplikasi sangat cepat masuk sesaat setelah hujan deras turun. Terima kasih!', '2026-05-20 17:21:09');
INSERT INTO user_laporan (id, idPengguna, deskripsiLaporan, waktuDibuat) VALUES (20, 42, 'Sistem AI memprediksi status Normal, namun air selokan sudah mulai meluap ke jalan.', '2026-05-31 07:21:09');

-- 6. Data Sensor Readings
INSERT INTO river_sensorReading (id, idNode, tinggiAir, kelembapanTanah, curahHujan, suhuRataRata, kelembapanUdara, kecepatanAngin, arahAngin, recorded_at) VALUES (1, 5, 5.35, 18.9, 34.7, 35.7, 55.1, 16.8, 287.0, '2026-06-11 14:21:09');
INSERT INTO river_sensorReading (id, idNode, tinggiAir, kelembapanTanah, curahHujan, suhuRataRata, kelembapanUdara, kecepatanAngin, arahAngin, recorded_at) VALUES (2, 3, 2.68, 8.2, 27.6, 32.3, 85.3, 11.3, 174.3, '2026-06-11 15:21:09');
INSERT INTO river_sensorReading (id, idNode, tinggiAir, kelembapanTanah, curahHujan, suhuRataRata, kelembapanUdara, kecepatanAngin, arahAngin, recorded_at) VALUES (3, 10, 1.14, 39.0, 45.1, 29.1, 50.7, 18.8, 315.9, '2026-06-11 16:21:09');
INSERT INTO river_sensorReading (id, idNode, tinggiAir, kelembapanTanah, curahHujan, suhuRataRata, kelembapanUdara, kecepatanAngin, arahAngin, recorded_at) VALUES (4, 8, 5.87, 27.4, 17.2, 27.0, 71.5, 16.3, 202.5, '2026-06-11 17:21:09');
INSERT INTO river_sensorReading (id, idNode, tinggiAir, kelembapanTanah, curahHujan, suhuRataRata, kelembapanUdara, kecepatanAngin, arahAngin, recorded_at) VALUES (5, 2, 1.49, 18.7, 24.0, 27.1, 98.1, 19.8, 81.7, '2026-06-11 18:21:09');
INSERT INTO river_sensorReading (id, idNode, tinggiAir, kelembapanTanah, curahHujan, suhuRataRata, kelembapanUdara, kecepatanAngin, arahAngin, recorded_at) VALUES (6, 10, 5.06, 28.6, 14.1, 33.4, 52.7, 13.6, 101.4, '2026-06-11 19:21:09');
INSERT INTO river_sensorReading (id, idNode, tinggiAir, kelembapanTanah, curahHujan, suhuRataRata, kelembapanUdara, kecepatanAngin, arahAngin, recorded_at) VALUES (7, 3, 3.75, 36.4, 37.2, 35.0, 80.5, 2.4, 10.3, '2026-06-11 20:21:09');
INSERT INTO river_sensorReading (id, idNode, tinggiAir, kelembapanTanah, curahHujan, suhuRataRata, kelembapanUdara, kecepatanAngin, arahAngin, recorded_at) VALUES (8, 3, 2.86, 17.4, 4.5, 35.1, 76.5, 3.1, 76.3, '2026-06-11 21:21:09');
INSERT INTO river_sensorReading (id, idNode, tinggiAir, kelembapanTanah, curahHujan, suhuRataRata, kelembapanUdara, kecepatanAngin, arahAngin, recorded_at) VALUES (9, 4, 4.96, 26.4, 12.7, 28.9, 50.8, 6.9, 149.4, '2026-06-11 22:21:09');
INSERT INTO river_sensorReading (id, idNode, tinggiAir, kelembapanTanah, curahHujan, suhuRataRata, kelembapanUdara, kecepatanAngin, arahAngin, recorded_at) VALUES (10, 3, 3.62, 11.1, 47.1, 27.0, 63.9, 4.8, 183.9, '2026-06-11 23:21:09');
INSERT INTO river_sensorReading (id, idNode, tinggiAir, kelembapanTanah, curahHujan, suhuRataRata, kelembapanUdara, kecepatanAngin, arahAngin, recorded_at) VALUES (11, 1, 6.36, 37.4, 10.9, 32.1, 94.3, 1.1, 124.7, '2026-06-12 00:21:09');
INSERT INTO river_sensorReading (id, idNode, tinggiAir, kelembapanTanah, curahHujan, suhuRataRata, kelembapanUdara, kecepatanAngin, arahAngin, recorded_at) VALUES (12, 8, 5.16, 36.5, 46.6, 27.1, 67.2, 1.3, 206.9, '2026-06-12 01:21:09');
INSERT INTO river_sensorReading (id, idNode, tinggiAir, kelembapanTanah, curahHujan, suhuRataRata, kelembapanUdara, kecepatanAngin, arahAngin, recorded_at) VALUES (13, 7, 1.21, 27.4, 45.6, 35.0, 69.3, 14.0, 111.4, '2026-06-12 02:21:09');
INSERT INTO river_sensorReading (id, idNode, tinggiAir, kelembapanTanah, curahHujan, suhuRataRata, kelembapanUdara, kecepatanAngin, arahAngin, recorded_at) VALUES (14, 3, 1.62, 5.5, 43.2, 33.7, 67.3, 0.9, 199.2, '2026-06-12 03:21:09');
INSERT INTO river_sensorReading (id, idNode, tinggiAir, kelembapanTanah, curahHujan, suhuRataRata, kelembapanUdara, kecepatanAngin, arahAngin, recorded_at) VALUES (15, 6, 6.23, 33.0, 19.6, 34.0, 99.8, 0.1, 203.2, '2026-06-12 04:21:09');
INSERT INTO river_sensorReading (id, idNode, tinggiAir, kelembapanTanah, curahHujan, suhuRataRata, kelembapanUdara, kecepatanAngin, arahAngin, recorded_at) VALUES (16, 9, 1.2, 17.0, 3.6, 35.1, 97.5, 19.0, 199.9, '2026-06-12 05:21:09');
INSERT INTO river_sensorReading (id, idNode, tinggiAir, kelembapanTanah, curahHujan, suhuRataRata, kelembapanUdara, kecepatanAngin, arahAngin, recorded_at) VALUES (17, 3, 4.51, 34.1, 48.0, 26.2, 61.3, 10.7, 257.5, '2026-06-12 06:21:09');
INSERT INTO river_sensorReading (id, idNode, tinggiAir, kelembapanTanah, curahHujan, suhuRataRata, kelembapanUdara, kecepatanAngin, arahAngin, recorded_at) VALUES (18, 4, 0.7, 29.7, 49.7, 27.5, 98.2, 2.8, 101.7, '2026-06-12 07:21:09');
INSERT INTO river_sensorReading (id, idNode, tinggiAir, kelembapanTanah, curahHujan, suhuRataRata, kelembapanUdara, kecepatanAngin, arahAngin, recorded_at) VALUES (19, 4, 2.37, 8.3, 21.5, 31.2, 86.4, 0.9, 111.3, '2026-06-12 08:21:09');
INSERT INTO river_sensorReading (id, idNode, tinggiAir, kelembapanTanah, curahHujan, suhuRataRata, kelembapanUdara, kecepatanAngin, arahAngin, recorded_at) VALUES (20, 8, 1.55, 20.3, 15.8, 34.3, 62.6, 11.0, 349.7, '2026-06-12 09:21:09');
INSERT INTO river_sensorReading (id, idNode, tinggiAir, kelembapanTanah, curahHujan, suhuRataRata, kelembapanUdara, kecepatanAngin, arahAngin, recorded_at) VALUES (21, 10, 2.8, 10.7, 47.8, 31.0, 63.1, 17.8, 258.0, '2026-06-12 10:21:09');
INSERT INTO river_sensorReading (id, idNode, tinggiAir, kelembapanTanah, curahHujan, suhuRataRata, kelembapanUdara, kecepatanAngin, arahAngin, recorded_at) VALUES (22, 7, 2.83, 32.4, 51.3, 31.9, 70.0, 15.5, 21.4, '2026-06-12 11:21:09');
INSERT INTO river_sensorReading (id, idNode, tinggiAir, kelembapanTanah, curahHujan, suhuRataRata, kelembapanUdara, kecepatanAngin, arahAngin, recorded_at) VALUES (23, 2, 6.06, 15.0, 37.5, 31.6, 68.9, 7.2, 74.5, '2026-06-12 12:21:09');
INSERT INTO river_sensorReading (id, idNode, tinggiAir, kelembapanTanah, curahHujan, suhuRataRata, kelembapanUdara, kecepatanAngin, arahAngin, recorded_at) VALUES (24, 7, 1.83, 32.2, 43.0, 36.1, 70.7, 13.2, 335.1, '2026-06-12 13:21:09');
INSERT INTO river_sensorReading (id, idNode, tinggiAir, kelembapanTanah, curahHujan, suhuRataRata, kelembapanUdara, kecepatanAngin, arahAngin, recorded_at) VALUES (25, 10, 5.28, 24.9, 0.4, 30.7, 80.0, 18.9, 357.6, '2026-06-12 14:21:09');
INSERT INTO river_sensorReading (id, idNode, tinggiAir, kelembapanTanah, curahHujan, suhuRataRata, kelembapanUdara, kecepatanAngin, arahAngin, recorded_at) VALUES (26, 3, 4.85, 17.0, 49.0, 27.4, 74.8, 6.1, 302.0, '2026-06-12 15:21:09');
INSERT INTO river_sensorReading (id, idNode, tinggiAir, kelembapanTanah, curahHujan, suhuRataRata, kelembapanUdara, kecepatanAngin, arahAngin, recorded_at) VALUES (27, 9, 5.52, 22.3, 43.2, 25.7, 91.4, 13.1, 226.8, '2026-06-12 16:21:09');
INSERT INTO river_sensorReading (id, idNode, tinggiAir, kelembapanTanah, curahHujan, suhuRataRata, kelembapanUdara, kecepatanAngin, arahAngin, recorded_at) VALUES (28, 9, 2.32, 38.4, 14.7, 30.0, 69.2, 12.7, 253.0, '2026-06-12 17:21:09');
INSERT INTO river_sensorReading (id, idNode, tinggiAir, kelembapanTanah, curahHujan, suhuRataRata, kelembapanUdara, kecepatanAngin, arahAngin, recorded_at) VALUES (29, 6, 3.02, 33.3, 8.5, 35.3, 66.1, 7.7, 155.6, '2026-06-12 18:21:09');
INSERT INTO river_sensorReading (id, idNode, tinggiAir, kelembapanTanah, curahHujan, suhuRataRata, kelembapanUdara, kecepatanAngin, arahAngin, recorded_at) VALUES (30, 10, 2.64, 29.0, 52.2, 26.4, 50.5, 11.1, 313.0, '2026-06-12 19:21:09');
INSERT INTO river_sensorReading (id, idNode, tinggiAir, kelembapanTanah, curahHujan, suhuRataRata, kelembapanUdara, kecepatanAngin, arahAngin, recorded_at) VALUES (31, 7, 4.31, 21.4, 50.4, 27.3, 53.0, 1.8, 99.8, '2026-06-12 20:21:09');
INSERT INTO river_sensorReading (id, idNode, tinggiAir, kelembapanTanah, curahHujan, suhuRataRata, kelembapanUdara, kecepatanAngin, arahAngin, recorded_at) VALUES (32, 3, 0.95, 13.1, 52.2, 30.4, 52.1, 3.7, 17.2, '2026-06-12 21:21:09');
INSERT INTO river_sensorReading (id, idNode, tinggiAir, kelembapanTanah, curahHujan, suhuRataRata, kelembapanUdara, kecepatanAngin, arahAngin, recorded_at) VALUES (33, 9, 2.65, 23.5, 35.5, 24.7, 81.8, 19.6, 54.8, '2026-06-12 22:21:09');
INSERT INTO river_sensorReading (id, idNode, tinggiAir, kelembapanTanah, curahHujan, suhuRataRata, kelembapanUdara, kecepatanAngin, arahAngin, recorded_at) VALUES (34, 3, 4.96, 7.3, 41.4, 29.0, 53.2, 11.6, 332.6, '2026-06-12 23:21:09');
INSERT INTO river_sensorReading (id, idNode, tinggiAir, kelembapanTanah, curahHujan, suhuRataRata, kelembapanUdara, kecepatanAngin, arahAngin, recorded_at) VALUES (35, 3, 5.92, 24.2, 48.1, 35.0, 85.0, 7.3, 200.3, '2026-06-13 00:21:09');
INSERT INTO river_sensorReading (id, idNode, tinggiAir, kelembapanTanah, curahHujan, suhuRataRata, kelembapanUdara, kecepatanAngin, arahAngin, recorded_at) VALUES (36, 9, 5.96, 39.0, 32.6, 28.7, 92.9, 15.6, 157.4, '2026-06-13 01:21:09');
INSERT INTO river_sensorReading (id, idNode, tinggiAir, kelembapanTanah, curahHujan, suhuRataRata, kelembapanUdara, kecepatanAngin, arahAngin, recorded_at) VALUES (37, 8, 5.21, 31.8, 22.8, 33.8, 67.6, 13.9, 289.0, '2026-06-13 02:21:09');
INSERT INTO river_sensorReading (id, idNode, tinggiAir, kelembapanTanah, curahHujan, suhuRataRata, kelembapanUdara, kecepatanAngin, arahAngin, recorded_at) VALUES (38, 9, 4.15, 5.7, 6.1, 34.9, 60.8, 13.7, 163.4, '2026-06-13 03:21:09');
INSERT INTO river_sensorReading (id, idNode, tinggiAir, kelembapanTanah, curahHujan, suhuRataRata, kelembapanUdara, kecepatanAngin, arahAngin, recorded_at) VALUES (39, 7, 3.71, 5.8, 6.2, 34.1, 53.9, 11.2, 300.6, '2026-06-13 04:21:09');
INSERT INTO river_sensorReading (id, idNode, tinggiAir, kelembapanTanah, curahHujan, suhuRataRata, kelembapanUdara, kecepatanAngin, arahAngin, recorded_at) VALUES (40, 3, 1.83, 30.9, 38.1, 26.3, 53.9, 2.0, 236.0, '2026-06-13 05:21:09');
INSERT INTO river_sensorReading (id, idNode, tinggiAir, kelembapanTanah, curahHujan, suhuRataRata, kelembapanUdara, kecepatanAngin, arahAngin, recorded_at) VALUES (41, 9, 2.35, 25.7, 45.0, 36.1, 52.7, 4.4, 353.5, '2026-06-13 06:21:09');
INSERT INTO river_sensorReading (id, idNode, tinggiAir, kelembapanTanah, curahHujan, suhuRataRata, kelembapanUdara, kecepatanAngin, arahAngin, recorded_at) VALUES (42, 3, 5.0, 18.7, 33.7, 31.5, 89.2, 19.6, 256.8, '2026-06-13 07:21:09');
INSERT INTO river_sensorReading (id, idNode, tinggiAir, kelembapanTanah, curahHujan, suhuRataRata, kelembapanUdara, kecepatanAngin, arahAngin, recorded_at) VALUES (43, 6, 3.22, 21.8, 13.3, 25.8, 88.1, 13.8, 171.2, '2026-06-13 08:21:09');
INSERT INTO river_sensorReading (id, idNode, tinggiAir, kelembapanTanah, curahHujan, suhuRataRata, kelembapanUdara, kecepatanAngin, arahAngin, recorded_at) VALUES (44, 9, 2.42, 16.3, 17.3, 27.4, 93.3, 14.3, 52.2, '2026-06-13 09:21:09');
INSERT INTO river_sensorReading (id, idNode, tinggiAir, kelembapanTanah, curahHujan, suhuRataRata, kelembapanUdara, kecepatanAngin, arahAngin, recorded_at) VALUES (45, 4, 3.15, 25.9, 10.5, 26.2, 79.6, 5.4, 285.7, '2026-06-13 10:21:09');
INSERT INTO river_sensorReading (id, idNode, tinggiAir, kelembapanTanah, curahHujan, suhuRataRata, kelembapanUdara, kecepatanAngin, arahAngin, recorded_at) VALUES (46, 9, 2.12, 34.6, 26.6, 28.0, 62.2, 9.1, 149.7, '2026-06-13 11:21:09');
INSERT INTO river_sensorReading (id, idNode, tinggiAir, kelembapanTanah, curahHujan, suhuRataRata, kelembapanUdara, kecepatanAngin, arahAngin, recorded_at) VALUES (47, 2, 3.58, 26.3, 37.6, 27.9, 55.9, 7.2, 13.8, '2026-06-13 12:21:09');
INSERT INTO river_sensorReading (id, idNode, tinggiAir, kelembapanTanah, curahHujan, suhuRataRata, kelembapanUdara, kecepatanAngin, arahAngin, recorded_at) VALUES (48, 2, 6.19, 28.2, 30.9, 27.1, 65.0, 10.5, 95.8, '2026-06-13 13:21:09');
INSERT INTO river_sensorReading (id, idNode, tinggiAir, kelembapanTanah, curahHujan, suhuRataRata, kelembapanUdara, kecepatanAngin, arahAngin, recorded_at) VALUES (49, 8, 0.86, 26.1, 22.5, 29.6, 81.1, 3.9, 26.8, '2026-06-13 14:21:09');
INSERT INTO river_sensorReading (id, idNode, tinggiAir, kelembapanTanah, curahHujan, suhuRataRata, kelembapanUdara, kecepatanAngin, arahAngin, recorded_at) VALUES (50, 6, 5.5, 14.9, 0.9, 24.1, 66.3, 13.0, 201.9, '2026-06-13 15:21:09');
INSERT INTO river_sensorReading (id, idNode, tinggiAir, kelembapanTanah, curahHujan, suhuRataRata, kelembapanUdara, kecepatanAngin, arahAngin, recorded_at) VALUES (51, 9, 4.81, 12.5, 32.4, 30.8, 54.3, 8.8, 175.0, '2026-06-13 16:21:09');
INSERT INTO river_sensorReading (id, idNode, tinggiAir, kelembapanTanah, curahHujan, suhuRataRata, kelembapanUdara, kecepatanAngin, arahAngin, recorded_at) VALUES (52, 1, 1.33, 26.7, 16.0, 34.0, 74.3, 8.8, 15.5, '2026-06-13 17:21:09');
INSERT INTO river_sensorReading (id, idNode, tinggiAir, kelembapanTanah, curahHujan, suhuRataRata, kelembapanUdara, kecepatanAngin, arahAngin, recorded_at) VALUES (53, 3, 1.18, 20.4, 52.5, 33.9, 95.2, 11.5, 24.5, '2026-06-13 18:21:09');
INSERT INTO river_sensorReading (id, idNode, tinggiAir, kelembapanTanah, curahHujan, suhuRataRata, kelembapanUdara, kecepatanAngin, arahAngin, recorded_at) VALUES (54, 1, 1.16, 30.6, 5.5, 27.8, 72.2, 3.5, 171.6, '2026-06-13 19:21:09');
INSERT INTO river_sensorReading (id, idNode, tinggiAir, kelembapanTanah, curahHujan, suhuRataRata, kelembapanUdara, kecepatanAngin, arahAngin, recorded_at) VALUES (55, 7, 2.04, 20.0, 51.9, 23.9, 95.2, 7.3, 306.6, '2026-06-13 20:21:09');
INSERT INTO river_sensorReading (id, idNode, tinggiAir, kelembapanTanah, curahHujan, suhuRataRata, kelembapanUdara, kecepatanAngin, arahAngin, recorded_at) VALUES (56, 5, 2.96, 13.7, 29.6, 25.6, 67.6, 8.6, 74.3, '2026-06-13 21:21:09');
INSERT INTO river_sensorReading (id, idNode, tinggiAir, kelembapanTanah, curahHujan, suhuRataRata, kelembapanUdara, kecepatanAngin, arahAngin, recorded_at) VALUES (57, 5, 2.76, 21.5, 48.6, 26.9, 55.6, 11.5, 304.0, '2026-06-13 22:21:09');
INSERT INTO river_sensorReading (id, idNode, tinggiAir, kelembapanTanah, curahHujan, suhuRataRata, kelembapanUdara, kecepatanAngin, arahAngin, recorded_at) VALUES (58, 9, 5.74, 29.1, 13.2, 34.7, 52.8, 12.2, 84.6, '2026-06-13 23:21:09');
INSERT INTO river_sensorReading (id, idNode, tinggiAir, kelembapanTanah, curahHujan, suhuRataRata, kelembapanUdara, kecepatanAngin, arahAngin, recorded_at) VALUES (59, 5, 5.18, 20.3, 4.8, 32.9, 66.0, 10.2, 333.9, '2026-06-14 00:21:09');
INSERT INTO river_sensorReading (id, idNode, tinggiAir, kelembapanTanah, curahHujan, suhuRataRata, kelembapanUdara, kecepatanAngin, arahAngin, recorded_at) VALUES (60, 3, 2.52, 35.9, 21.0, 27.6, 55.2, 19.8, 47.0, '2026-06-14 01:21:09');
INSERT INTO river_sensorReading (id, idNode, tinggiAir, kelembapanTanah, curahHujan, suhuRataRata, kelembapanUdara, kecepatanAngin, arahAngin, recorded_at) VALUES (61, 3, 1.15, 10.3, 14.0, 29.5, 62.4, 17.7, 222.9, '2026-06-14 02:21:09');
INSERT INTO river_sensorReading (id, idNode, tinggiAir, kelembapanTanah, curahHujan, suhuRataRata, kelembapanUdara, kecepatanAngin, arahAngin, recorded_at) VALUES (62, 9, 1.35, 36.1, 26.1, 34.5, 56.6, 1.1, 178.1, '2026-06-14 03:21:09');
INSERT INTO river_sensorReading (id, idNode, tinggiAir, kelembapanTanah, curahHujan, suhuRataRata, kelembapanUdara, kecepatanAngin, arahAngin, recorded_at) VALUES (63, 4, 4.89, 17.1, 5.1, 28.0, 98.4, 16.7, 14.9, '2026-06-14 04:21:09');
INSERT INTO river_sensorReading (id, idNode, tinggiAir, kelembapanTanah, curahHujan, suhuRataRata, kelembapanUdara, kecepatanAngin, arahAngin, recorded_at) VALUES (64, 2, 4.67, 10.8, 6.0, 26.9, 70.5, 7.4, 166.8, '2026-06-14 05:21:09');
INSERT INTO river_sensorReading (id, idNode, tinggiAir, kelembapanTanah, curahHujan, suhuRataRata, kelembapanUdara, kecepatanAngin, arahAngin, recorded_at) VALUES (65, 4, 0.54, 20.1, 21.1, 34.2, 92.8, 12.9, 308.9, '2026-06-14 06:21:09');
INSERT INTO river_sensorReading (id, idNode, tinggiAir, kelembapanTanah, curahHujan, suhuRataRata, kelembapanUdara, kecepatanAngin, arahAngin, recorded_at) VALUES (66, 6, 2.42, 27.9, 42.7, 24.6, 76.3, 11.6, 123.5, '2026-06-14 07:21:09');
INSERT INTO river_sensorReading (id, idNode, tinggiAir, kelembapanTanah, curahHujan, suhuRataRata, kelembapanUdara, kecepatanAngin, arahAngin, recorded_at) VALUES (67, 10, 1.81, 5.6, 34.3, 29.9, 79.5, 2.1, 45.0, '2026-06-14 08:21:09');
INSERT INTO river_sensorReading (id, idNode, tinggiAir, kelembapanTanah, curahHujan, suhuRataRata, kelembapanUdara, kecepatanAngin, arahAngin, recorded_at) VALUES (68, 6, 4.47, 8.6, 4.7, 32.0, 53.5, 8.4, 70.4, '2026-06-14 09:21:09');
INSERT INTO river_sensorReading (id, idNode, tinggiAir, kelembapanTanah, curahHujan, suhuRataRata, kelembapanUdara, kecepatanAngin, arahAngin, recorded_at) VALUES (69, 5, 3.24, 38.9, 12.2, 35.7, 80.5, 2.8, 281.6, '2026-06-14 10:21:09');
INSERT INTO river_sensorReading (id, idNode, tinggiAir, kelembapanTanah, curahHujan, suhuRataRata, kelembapanUdara, kecepatanAngin, arahAngin, recorded_at) VALUES (70, 2, 0.91, 25.0, 6.4, 32.7, 62.8, 1.8, 106.7, '2026-06-14 11:21:09');
INSERT INTO river_sensorReading (id, idNode, tinggiAir, kelembapanTanah, curahHujan, suhuRataRata, kelembapanUdara, kecepatanAngin, arahAngin, recorded_at) VALUES (71, 3, 4.2, 13.9, 46.0, 33.4, 56.1, 3.4, 114.4, '2026-06-14 12:21:09');
INSERT INTO river_sensorReading (id, idNode, tinggiAir, kelembapanTanah, curahHujan, suhuRataRata, kelembapanUdara, kecepatanAngin, arahAngin, recorded_at) VALUES (72, 8, 3.16, 34.0, 23.9, 23.1, 62.5, 9.7, 237.6, '2026-06-14 13:21:09');
INSERT INTO river_sensorReading (id, idNode, tinggiAir, kelembapanTanah, curahHujan, suhuRataRata, kelembapanUdara, kecepatanAngin, arahAngin, recorded_at) VALUES (73, 9, 4.22, 13.7, 39.7, 26.4, 79.7, 8.9, 141.7, '2026-06-14 14:21:09');
INSERT INTO river_sensorReading (id, idNode, tinggiAir, kelembapanTanah, curahHujan, suhuRataRata, kelembapanUdara, kecepatanAngin, arahAngin, recorded_at) VALUES (74, 2, 6.04, 32.8, 26.3, 25.0, 52.0, 10.4, 278.9, '2026-06-14 15:21:09');
INSERT INTO river_sensorReading (id, idNode, tinggiAir, kelembapanTanah, curahHujan, suhuRataRata, kelembapanUdara, kecepatanAngin, arahAngin, recorded_at) VALUES (75, 4, 1.52, 35.9, 49.8, 32.4, 68.3, 16.6, 28.5, '2026-06-14 16:21:09');
INSERT INTO river_sensorReading (id, idNode, tinggiAir, kelembapanTanah, curahHujan, suhuRataRata, kelembapanUdara, kecepatanAngin, arahAngin, recorded_at) VALUES (76, 6, 1.91, 17.5, 22.4, 28.2, 72.9, 18.6, 85.9, '2026-06-14 17:21:09');
INSERT INTO river_sensorReading (id, idNode, tinggiAir, kelembapanTanah, curahHujan, suhuRataRata, kelembapanUdara, kecepatanAngin, arahAngin, recorded_at) VALUES (77, 4, 5.98, 37.7, 23.1, 27.2, 76.0, 19.2, 3.0, '2026-06-14 18:21:09');
INSERT INTO river_sensorReading (id, idNode, tinggiAir, kelembapanTanah, curahHujan, suhuRataRata, kelembapanUdara, kecepatanAngin, arahAngin, recorded_at) VALUES (78, 6, 3.56, 12.3, 22.2, 26.3, 63.2, 17.0, 138.6, '2026-06-14 19:21:09');
INSERT INTO river_sensorReading (id, idNode, tinggiAir, kelembapanTanah, curahHujan, suhuRataRata, kelembapanUdara, kecepatanAngin, arahAngin, recorded_at) VALUES (79, 9, 5.97, 10.8, 45.9, 32.8, 91.9, 5.1, 309.3, '2026-06-14 20:21:09');
INSERT INTO river_sensorReading (id, idNode, tinggiAir, kelembapanTanah, curahHujan, suhuRataRata, kelembapanUdara, kecepatanAngin, arahAngin, recorded_at) VALUES (80, 9, 5.35, 12.8, 15.5, 27.9, 71.1, 2.9, 9.5, '2026-06-14 21:21:09');
INSERT INTO river_sensorReading (id, idNode, tinggiAir, kelembapanTanah, curahHujan, suhuRataRata, kelembapanUdara, kecepatanAngin, arahAngin, recorded_at) VALUES (81, 2, 2.32, 10.4, 18.9, 27.6, 98.9, 12.8, 49.8, '2026-06-14 22:21:09');
INSERT INTO river_sensorReading (id, idNode, tinggiAir, kelembapanTanah, curahHujan, suhuRataRata, kelembapanUdara, kecepatanAngin, arahAngin, recorded_at) VALUES (82, 4, 3.82, 9.3, 3.3, 32.4, 52.5, 9.5, 155.2, '2026-06-14 23:21:09');
INSERT INTO river_sensorReading (id, idNode, tinggiAir, kelembapanTanah, curahHujan, suhuRataRata, kelembapanUdara, kecepatanAngin, arahAngin, recorded_at) VALUES (83, 3, 2.09, 16.1, 43.2, 34.7, 94.0, 6.7, 230.0, '2026-06-15 00:21:09');
INSERT INTO river_sensorReading (id, idNode, tinggiAir, kelembapanTanah, curahHujan, suhuRataRata, kelembapanUdara, kecepatanAngin, arahAngin, recorded_at) VALUES (84, 1, 1.55, 14.2, 44.3, 34.1, 62.0, 5.2, 225.7, '2026-06-15 01:21:09');
INSERT INTO river_sensorReading (id, idNode, tinggiAir, kelembapanTanah, curahHujan, suhuRataRata, kelembapanUdara, kecepatanAngin, arahAngin, recorded_at) VALUES (85, 2, 2.12, 34.7, 0.4, 29.7, 74.4, 4.8, 255.7, '2026-06-15 02:21:09');
INSERT INTO river_sensorReading (id, idNode, tinggiAir, kelembapanTanah, curahHujan, suhuRataRata, kelembapanUdara, kecepatanAngin, arahAngin, recorded_at) VALUES (86, 7, 2.78, 18.7, 7.4, 30.2, 93.6, 0.5, 323.9, '2026-06-15 03:21:09');
INSERT INTO river_sensorReading (id, idNode, tinggiAir, kelembapanTanah, curahHujan, suhuRataRata, kelembapanUdara, kecepatanAngin, arahAngin, recorded_at) VALUES (87, 5, 5.4, 29.1, 47.1, 35.9, 92.4, 12.1, 249.6, '2026-06-15 04:21:09');
INSERT INTO river_sensorReading (id, idNode, tinggiAir, kelembapanTanah, curahHujan, suhuRataRata, kelembapanUdara, kecepatanAngin, arahAngin, recorded_at) VALUES (88, 8, 3.19, 25.1, 28.6, 26.4, 51.9, 3.7, 152.3, '2026-06-15 05:21:09');
INSERT INTO river_sensorReading (id, idNode, tinggiAir, kelembapanTanah, curahHujan, suhuRataRata, kelembapanUdara, kecepatanAngin, arahAngin, recorded_at) VALUES (89, 6, 1.05, 16.9, 9.6, 30.4, 57.5, 18.2, 339.3, '2026-06-15 06:21:09');
INSERT INTO river_sensorReading (id, idNode, tinggiAir, kelembapanTanah, curahHujan, suhuRataRata, kelembapanUdara, kecepatanAngin, arahAngin, recorded_at) VALUES (90, 10, 2.66, 30.7, 26.9, 36.3, 54.0, 14.6, 22.2, '2026-06-15 07:21:09');
INSERT INTO river_sensorReading (id, idNode, tinggiAir, kelembapanTanah, curahHujan, suhuRataRata, kelembapanUdara, kecepatanAngin, arahAngin, recorded_at) VALUES (91, 1, 1.19, 34.1, 25.4, 27.4, 94.9, 15.8, 264.2, '2026-06-15 08:21:09');
INSERT INTO river_sensorReading (id, idNode, tinggiAir, kelembapanTanah, curahHujan, suhuRataRata, kelembapanUdara, kecepatanAngin, arahAngin, recorded_at) VALUES (92, 5, 4.45, 33.6, 22.5, 24.5, 76.6, 10.6, 61.1, '2026-06-15 09:21:09');
INSERT INTO river_sensorReading (id, idNode, tinggiAir, kelembapanTanah, curahHujan, suhuRataRata, kelembapanUdara, kecepatanAngin, arahAngin, recorded_at) VALUES (93, 7, 1.86, 15.6, 21.5, 24.1, 99.9, 2.6, 175.2, '2026-06-15 10:21:09');
INSERT INTO river_sensorReading (id, idNode, tinggiAir, kelembapanTanah, curahHujan, suhuRataRata, kelembapanUdara, kecepatanAngin, arahAngin, recorded_at) VALUES (94, 3, 4.97, 20.3, 42.4, 30.6, 67.0, 4.0, 182.2, '2026-06-15 11:21:09');
INSERT INTO river_sensorReading (id, idNode, tinggiAir, kelembapanTanah, curahHujan, suhuRataRata, kelembapanUdara, kecepatanAngin, arahAngin, recorded_at) VALUES (95, 2, 2.12, 15.9, 35.6, 34.5, 73.0, 9.6, 192.4, '2026-06-15 12:21:09');
INSERT INTO river_sensorReading (id, idNode, tinggiAir, kelembapanTanah, curahHujan, suhuRataRata, kelembapanUdara, kecepatanAngin, arahAngin, recorded_at) VALUES (96, 4, 2.12, 23.4, 17.8, 31.9, 92.1, 16.6, 264.8, '2026-06-15 13:21:09');
INSERT INTO river_sensorReading (id, idNode, tinggiAir, kelembapanTanah, curahHujan, suhuRataRata, kelembapanUdara, kecepatanAngin, arahAngin, recorded_at) VALUES (97, 10, 2.19, 33.8, 30.3, 32.9, 81.5, 17.0, 26.7, '2026-06-15 14:21:09');
INSERT INTO river_sensorReading (id, idNode, tinggiAir, kelembapanTanah, curahHujan, suhuRataRata, kelembapanUdara, kecepatanAngin, arahAngin, recorded_at) VALUES (98, 9, 4.44, 15.0, 51.9, 31.4, 95.8, 0.5, 185.9, '2026-06-15 15:21:09');
INSERT INTO river_sensorReading (id, idNode, tinggiAir, kelembapanTanah, curahHujan, suhuRataRata, kelembapanUdara, kecepatanAngin, arahAngin, recorded_at) VALUES (99, 7, 1.57, 19.3, 11.9, 34.5, 52.4, 8.0, 245.9, '2026-06-15 16:21:09');
INSERT INTO river_sensorReading (id, idNode, tinggiAir, kelembapanTanah, curahHujan, suhuRataRata, kelembapanUdara, kecepatanAngin, arahAngin, recorded_at) VALUES (100, 5, 2.46, 38.9, 32.6, 32.6, 63.0, 12.2, 321.6, '2026-06-15 17:21:09');
INSERT INTO river_sensorReading (id, idNode, tinggiAir, kelembapanTanah, curahHujan, suhuRataRata, kelembapanUdara, kecepatanAngin, arahAngin, recorded_at) VALUES (101, 6, 3.65, 20.9, 38.7, 34.2, 75.7, 8.0, 273.4, '2026-06-15 18:21:09');
INSERT INTO river_sensorReading (id, idNode, tinggiAir, kelembapanTanah, curahHujan, suhuRataRata, kelembapanUdara, kecepatanAngin, arahAngin, recorded_at) VALUES (102, 10, 5.41, 11.5, 7.6, 36.1, 89.3, 7.3, 76.8, '2026-06-15 19:21:09');
INSERT INTO river_sensorReading (id, idNode, tinggiAir, kelembapanTanah, curahHujan, suhuRataRata, kelembapanUdara, kecepatanAngin, arahAngin, recorded_at) VALUES (103, 9, 1.86, 24.0, 18.5, 32.1, 60.1, 5.8, 285.3, '2026-06-15 20:21:09');
INSERT INTO river_sensorReading (id, idNode, tinggiAir, kelembapanTanah, curahHujan, suhuRataRata, kelembapanUdara, kecepatanAngin, arahAngin, recorded_at) VALUES (104, 5, 5.22, 30.0, 36.1, 35.4, 86.7, 10.2, 334.6, '2026-06-15 21:21:09');
INSERT INTO river_sensorReading (id, idNode, tinggiAir, kelembapanTanah, curahHujan, suhuRataRata, kelembapanUdara, kecepatanAngin, arahAngin, recorded_at) VALUES (105, 9, 2.23, 23.5, 16.8, 24.1, 97.5, 8.9, 69.1, '2026-06-15 22:21:09');
INSERT INTO river_sensorReading (id, idNode, tinggiAir, kelembapanTanah, curahHujan, suhuRataRata, kelembapanUdara, kecepatanAngin, arahAngin, recorded_at) VALUES (106, 4, 5.7, 22.2, 47.2, 34.4, 71.9, 2.5, 258.2, '2026-06-15 23:21:09');
INSERT INTO river_sensorReading (id, idNode, tinggiAir, kelembapanTanah, curahHujan, suhuRataRata, kelembapanUdara, kecepatanAngin, arahAngin, recorded_at) VALUES (107, 10, 3.82, 18.1, 10.5, 26.8, 99.5, 3.3, 76.1, '2026-06-16 00:21:09');
INSERT INTO river_sensorReading (id, idNode, tinggiAir, kelembapanTanah, curahHujan, suhuRataRata, kelembapanUdara, kecepatanAngin, arahAngin, recorded_at) VALUES (108, 1, 6.19, 31.9, 39.5, 26.7, 57.0, 3.5, 331.1, '2026-06-16 01:21:09');
INSERT INTO river_sensorReading (id, idNode, tinggiAir, kelembapanTanah, curahHujan, suhuRataRata, kelembapanUdara, kecepatanAngin, arahAngin, recorded_at) VALUES (109, 4, 1.09, 23.0, 41.9, 23.7, 90.8, 8.0, 231.0, '2026-06-16 02:21:09');
INSERT INTO river_sensorReading (id, idNode, tinggiAir, kelembapanTanah, curahHujan, suhuRataRata, kelembapanUdara, kecepatanAngin, arahAngin, recorded_at) VALUES (110, 9, 1.83, 30.1, 29.0, 30.0, 54.9, 5.2, 101.6, '2026-06-16 03:21:09');
INSERT INTO river_sensorReading (id, idNode, tinggiAir, kelembapanTanah, curahHujan, suhuRataRata, kelembapanUdara, kecepatanAngin, arahAngin, recorded_at) VALUES (111, 7, 3.18, 7.7, 29.7, 30.0, 81.4, 5.8, 7.5, '2026-06-16 04:21:09');
INSERT INTO river_sensorReading (id, idNode, tinggiAir, kelembapanTanah, curahHujan, suhuRataRata, kelembapanUdara, kecepatanAngin, arahAngin, recorded_at) VALUES (112, 10, 1.54, 9.0, 37.2, 25.4, 50.1, 3.3, 56.5, '2026-06-16 05:21:09');
INSERT INTO river_sensorReading (id, idNode, tinggiAir, kelembapanTanah, curahHujan, suhuRataRata, kelembapanUdara, kecepatanAngin, arahAngin, recorded_at) VALUES (113, 3, 4.18, 20.8, 44.4, 34.2, 92.4, 5.5, 173.2, '2026-06-16 06:21:09');
INSERT INTO river_sensorReading (id, idNode, tinggiAir, kelembapanTanah, curahHujan, suhuRataRata, kelembapanUdara, kecepatanAngin, arahAngin, recorded_at) VALUES (114, 2, 4.17, 23.7, 18.1, 32.4, 62.2, 18.6, 210.7, '2026-06-16 07:21:09');
INSERT INTO river_sensorReading (id, idNode, tinggiAir, kelembapanTanah, curahHujan, suhuRataRata, kelembapanUdara, kecepatanAngin, arahAngin, recorded_at) VALUES (115, 9, 1.38, 19.1, 23.9, 26.9, 95.4, 17.4, 89.1, '2026-06-16 08:21:09');
INSERT INTO river_sensorReading (id, idNode, tinggiAir, kelembapanTanah, curahHujan, suhuRataRata, kelembapanUdara, kecepatanAngin, arahAngin, recorded_at) VALUES (116, 9, 1.03, 19.1, 51.2, 23.1, 90.8, 1.2, 276.9, '2026-06-16 09:21:09');
INSERT INTO river_sensorReading (id, idNode, tinggiAir, kelembapanTanah, curahHujan, suhuRataRata, kelembapanUdara, kecepatanAngin, arahAngin, recorded_at) VALUES (117, 9, 5.2, 21.2, 46.6, 34.7, 93.8, 14.8, 305.1, '2026-06-16 10:21:09');
INSERT INTO river_sensorReading (id, idNode, tinggiAir, kelembapanTanah, curahHujan, suhuRataRata, kelembapanUdara, kecepatanAngin, arahAngin, recorded_at) VALUES (118, 6, 6.15, 25.3, 49.4, 30.2, 59.3, 11.4, 64.8, '2026-06-16 11:21:09');
INSERT INTO river_sensorReading (id, idNode, tinggiAir, kelembapanTanah, curahHujan, suhuRataRata, kelembapanUdara, kecepatanAngin, arahAngin, recorded_at) VALUES (119, 8, 1.36, 32.7, 4.5, 24.6, 74.6, 17.9, 339.1, '2026-06-16 12:21:09');
INSERT INTO river_sensorReading (id, idNode, tinggiAir, kelembapanTanah, curahHujan, suhuRataRata, kelembapanUdara, kecepatanAngin, arahAngin, recorded_at) VALUES (120, 5, 5.76, 36.4, 25.5, 33.5, 92.6, 9.2, 84.8, '2026-06-16 13:21:09');
INSERT INTO river_sensorReading (id, idNode, tinggiAir, kelembapanTanah, curahHujan, suhuRataRata, kelembapanUdara, kecepatanAngin, arahAngin, recorded_at) VALUES (121, 4, 5.97, 20.2, 37.6, 30.7, 65.1, 19.3, 65.9, '2026-06-16 14:21:09');
INSERT INTO river_sensorReading (id, idNode, tinggiAir, kelembapanTanah, curahHujan, suhuRataRata, kelembapanUdara, kecepatanAngin, arahAngin, recorded_at) VALUES (122, 6, 2.22, 24.7, 33.2, 32.0, 96.3, 2.3, 337.9, '2026-06-16 15:21:09');
INSERT INTO river_sensorReading (id, idNode, tinggiAir, kelembapanTanah, curahHujan, suhuRataRata, kelembapanUdara, kecepatanAngin, arahAngin, recorded_at) VALUES (123, 6, 6.04, 28.2, 1.9, 23.8, 68.1, 1.1, 262.3, '2026-06-16 16:21:09');
INSERT INTO river_sensorReading (id, idNode, tinggiAir, kelembapanTanah, curahHujan, suhuRataRata, kelembapanUdara, kecepatanAngin, arahAngin, recorded_at) VALUES (124, 2, 5.8, 29.1, 27.4, 31.1, 68.2, 12.2, 301.4, '2026-06-16 17:21:09');
INSERT INTO river_sensorReading (id, idNode, tinggiAir, kelembapanTanah, curahHujan, suhuRataRata, kelembapanUdara, kecepatanAngin, arahAngin, recorded_at) VALUES (125, 1, 0.86, 24.6, 1.9, 33.5, 78.2, 7.8, 187.7, '2026-06-16 18:21:09');
INSERT INTO river_sensorReading (id, idNode, tinggiAir, kelembapanTanah, curahHujan, suhuRataRata, kelembapanUdara, kecepatanAngin, arahAngin, recorded_at) VALUES (126, 6, 2.88, 10.8, 39.2, 26.2, 57.3, 18.2, 119.9, '2026-06-16 19:21:09');
INSERT INTO river_sensorReading (id, idNode, tinggiAir, kelembapanTanah, curahHujan, suhuRataRata, kelembapanUdara, kecepatanAngin, arahAngin, recorded_at) VALUES (127, 10, 4.72, 19.4, 26.0, 29.7, 69.9, 15.5, 1.0, '2026-06-16 20:21:09');
INSERT INTO river_sensorReading (id, idNode, tinggiAir, kelembapanTanah, curahHujan, suhuRataRata, kelembapanUdara, kecepatanAngin, arahAngin, recorded_at) VALUES (128, 3, 1.17, 32.5, 16.6, 32.0, 81.4, 12.8, 275.1, '2026-06-16 21:21:09');
INSERT INTO river_sensorReading (id, idNode, tinggiAir, kelembapanTanah, curahHujan, suhuRataRata, kelembapanUdara, kecepatanAngin, arahAngin, recorded_at) VALUES (129, 6, 3.57, 21.2, 5.4, 33.1, 95.3, 9.4, 11.8, '2026-06-16 22:21:09');
INSERT INTO river_sensorReading (id, idNode, tinggiAir, kelembapanTanah, curahHujan, suhuRataRata, kelembapanUdara, kecepatanAngin, arahAngin, recorded_at) VALUES (130, 3, 3.09, 15.8, 39.3, 27.2, 87.1, 7.0, 166.0, '2026-06-16 23:21:09');
INSERT INTO river_sensorReading (id, idNode, tinggiAir, kelembapanTanah, curahHujan, suhuRataRata, kelembapanUdara, kecepatanAngin, arahAngin, recorded_at) VALUES (131, 2, 2.69, 13.1, 47.4, 25.3, 71.5, 3.9, 352.5, '2026-06-17 00:21:09');
INSERT INTO river_sensorReading (id, idNode, tinggiAir, kelembapanTanah, curahHujan, suhuRataRata, kelembapanUdara, kecepatanAngin, arahAngin, recorded_at) VALUES (132, 9, 0.61, 23.7, 2.0, 34.1, 59.3, 17.4, 19.3, '2026-06-17 01:21:09');
INSERT INTO river_sensorReading (id, idNode, tinggiAir, kelembapanTanah, curahHujan, suhuRataRata, kelembapanUdara, kecepatanAngin, arahAngin, recorded_at) VALUES (133, 7, 5.2, 20.4, 47.5, 28.9, 95.1, 2.8, 36.6, '2026-06-17 02:21:09');
INSERT INTO river_sensorReading (id, idNode, tinggiAir, kelembapanTanah, curahHujan, suhuRataRata, kelembapanUdara, kecepatanAngin, arahAngin, recorded_at) VALUES (134, 6, 5.76, 6.9, 19.2, 27.5, 85.0, 4.0, 174.4, '2026-06-17 03:21:09');
INSERT INTO river_sensorReading (id, idNode, tinggiAir, kelembapanTanah, curahHujan, suhuRataRata, kelembapanUdara, kecepatanAngin, arahAngin, recorded_at) VALUES (135, 9, 3.26, 10.4, 3.8, 28.5, 86.7, 10.0, 96.3, '2026-06-17 04:21:09');
INSERT INTO river_sensorReading (id, idNode, tinggiAir, kelembapanTanah, curahHujan, suhuRataRata, kelembapanUdara, kecepatanAngin, arahAngin, recorded_at) VALUES (136, 2, 2.2, 12.9, 17.2, 23.7, 78.4, 12.4, 345.7, '2026-06-17 05:21:09');
INSERT INTO river_sensorReading (id, idNode, tinggiAir, kelembapanTanah, curahHujan, suhuRataRata, kelembapanUdara, kecepatanAngin, arahAngin, recorded_at) VALUES (137, 4, 5.3, 16.5, 48.3, 28.9, 84.3, 3.6, 212.7, '2026-06-17 06:21:09');
INSERT INTO river_sensorReading (id, idNode, tinggiAir, kelembapanTanah, curahHujan, suhuRataRata, kelembapanUdara, kecepatanAngin, arahAngin, recorded_at) VALUES (138, 8, 5.42, 13.6, 38.5, 30.3, 78.1, 4.2, 54.6, '2026-06-17 07:21:09');
INSERT INTO river_sensorReading (id, idNode, tinggiAir, kelembapanTanah, curahHujan, suhuRataRata, kelembapanUdara, kecepatanAngin, arahAngin, recorded_at) VALUES (139, 5, 3.98, 37.6, 17.0, 24.8, 50.0, 2.2, 18.7, '2026-06-17 08:21:09');
INSERT INTO river_sensorReading (id, idNode, tinggiAir, kelembapanTanah, curahHujan, suhuRataRata, kelembapanUdara, kecepatanAngin, arahAngin, recorded_at) VALUES (140, 1, 5.85, 9.1, 36.2, 34.2, 74.5, 1.7, 273.3, '2026-06-17 09:21:09');
INSERT INTO river_sensorReading (id, idNode, tinggiAir, kelembapanTanah, curahHujan, suhuRataRata, kelembapanUdara, kecepatanAngin, arahAngin, recorded_at) VALUES (141, 10, 1.28, 16.2, 27.5, 34.7, 74.4, 12.0, 169.4, '2026-06-17 10:21:09');
INSERT INTO river_sensorReading (id, idNode, tinggiAir, kelembapanTanah, curahHujan, suhuRataRata, kelembapanUdara, kecepatanAngin, arahAngin, recorded_at) VALUES (142, 1, 4.13, 38.7, 21.7, 31.8, 50.1, 3.5, 26.8, '2026-06-17 11:21:09');
INSERT INTO river_sensorReading (id, idNode, tinggiAir, kelembapanTanah, curahHujan, suhuRataRata, kelembapanUdara, kecepatanAngin, arahAngin, recorded_at) VALUES (143, 8, 1.75, 38.5, 46.2, 31.6, 96.0, 16.2, 211.0, '2026-06-17 12:21:09');
INSERT INTO river_sensorReading (id, idNode, tinggiAir, kelembapanTanah, curahHujan, suhuRataRata, kelembapanUdara, kecepatanAngin, arahAngin, recorded_at) VALUES (144, 4, 0.72, 27.8, 45.9, 28.0, 69.0, 8.3, 231.0, '2026-06-17 13:21:09');
INSERT INTO river_sensorReading (id, idNode, tinggiAir, kelembapanTanah, curahHujan, suhuRataRata, kelembapanUdara, kecepatanAngin, arahAngin, recorded_at) VALUES (145, 10, 4.29, 29.0, 46.6, 28.8, 76.6, 12.9, 267.0, '2026-06-17 14:21:09');
INSERT INTO river_sensorReading (id, idNode, tinggiAir, kelembapanTanah, curahHujan, suhuRataRata, kelembapanUdara, kecepatanAngin, arahAngin, recorded_at) VALUES (146, 7, 2.69, 13.3, 23.8, 35.4, 87.8, 5.1, 358.3, '2026-06-17 15:21:09');
INSERT INTO river_sensorReading (id, idNode, tinggiAir, kelembapanTanah, curahHujan, suhuRataRata, kelembapanUdara, kecepatanAngin, arahAngin, recorded_at) VALUES (147, 9, 2.75, 29.3, 0.1, 23.4, 60.5, 8.9, 172.8, '2026-06-17 16:21:09');
INSERT INTO river_sensorReading (id, idNode, tinggiAir, kelembapanTanah, curahHujan, suhuRataRata, kelembapanUdara, kecepatanAngin, arahAngin, recorded_at) VALUES (148, 6, 3.73, 5.8, 35.9, 35.6, 73.9, 13.1, 126.1, '2026-06-17 17:21:09');
INSERT INTO river_sensorReading (id, idNode, tinggiAir, kelembapanTanah, curahHujan, suhuRataRata, kelembapanUdara, kecepatanAngin, arahAngin, recorded_at) VALUES (149, 5, 3.58, 34.0, 27.3, 31.9, 83.3, 16.3, 68.0, '2026-06-17 18:21:09');
INSERT INTO river_sensorReading (id, idNode, tinggiAir, kelembapanTanah, curahHujan, suhuRataRata, kelembapanUdara, kecepatanAngin, arahAngin, recorded_at) VALUES (150, 4, 4.36, 39.1, 22.2, 29.1, 52.3, 14.8, 32.1, '2026-06-17 19:21:09');
INSERT INTO river_sensorReading (id, idNode, tinggiAir, kelembapanTanah, curahHujan, suhuRataRata, kelembapanUdara, kecepatanAngin, arahAngin, recorded_at) VALUES (151, 8, 3.94, 11.4, 43.0, 28.3, 78.4, 12.0, 228.6, '2026-06-17 20:21:09');
INSERT INTO river_sensorReading (id, idNode, tinggiAir, kelembapanTanah, curahHujan, suhuRataRata, kelembapanUdara, kecepatanAngin, arahAngin, recorded_at) VALUES (152, 2, 5.28, 25.9, 2.1, 26.6, 66.6, 9.5, 46.0, '2026-06-17 21:21:09');
INSERT INTO river_sensorReading (id, idNode, tinggiAir, kelembapanTanah, curahHujan, suhuRataRata, kelembapanUdara, kecepatanAngin, arahAngin, recorded_at) VALUES (153, 7, 2.07, 28.2, 11.3, 32.4, 96.7, 11.2, 143.0, '2026-06-17 22:21:09');
INSERT INTO river_sensorReading (id, idNode, tinggiAir, kelembapanTanah, curahHujan, suhuRataRata, kelembapanUdara, kecepatanAngin, arahAngin, recorded_at) VALUES (154, 3, 6.1, 5.1, 40.5, 32.5, 86.6, 6.7, 240.6, '2026-06-17 23:21:09');
INSERT INTO river_sensorReading (id, idNode, tinggiAir, kelembapanTanah, curahHujan, suhuRataRata, kelembapanUdara, kecepatanAngin, arahAngin, recorded_at) VALUES (155, 1, 6.22, 33.4, 40.3, 33.7, 94.3, 13.8, 250.7, '2026-06-18 00:21:09');
INSERT INTO river_sensorReading (id, idNode, tinggiAir, kelembapanTanah, curahHujan, suhuRataRata, kelembapanUdara, kecepatanAngin, arahAngin, recorded_at) VALUES (156, 1, 4.09, 5.8, 34.1, 24.3, 98.7, 0.8, 273.5, '2026-06-18 01:21:09');
INSERT INTO river_sensorReading (id, idNode, tinggiAir, kelembapanTanah, curahHujan, suhuRataRata, kelembapanUdara, kecepatanAngin, arahAngin, recorded_at) VALUES (157, 9, 6.17, 23.0, 33.9, 30.4, 94.5, 19.1, 7.2, '2026-06-18 02:21:09');
INSERT INTO river_sensorReading (id, idNode, tinggiAir, kelembapanTanah, curahHujan, suhuRataRata, kelembapanUdara, kecepatanAngin, arahAngin, recorded_at) VALUES (158, 1, 3.98, 18.5, 37.7, 31.4, 70.8, 4.2, 101.0, '2026-06-18 03:21:09');
INSERT INTO river_sensorReading (id, idNode, tinggiAir, kelembapanTanah, curahHujan, suhuRataRata, kelembapanUdara, kecepatanAngin, arahAngin, recorded_at) VALUES (159, 9, 2.48, 25.0, 50.2, 28.8, 57.6, 3.7, 273.2, '2026-06-18 04:21:09');
INSERT INTO river_sensorReading (id, idNode, tinggiAir, kelembapanTanah, curahHujan, suhuRataRata, kelembapanUdara, kecepatanAngin, arahAngin, recorded_at) VALUES (160, 2, 4.74, 38.5, 24.1, 26.3, 70.5, 13.3, 145.2, '2026-06-18 05:21:09');
INSERT INTO river_sensorReading (id, idNode, tinggiAir, kelembapanTanah, curahHujan, suhuRataRata, kelembapanUdara, kecepatanAngin, arahAngin, recorded_at) VALUES (161, 4, 6.34, 20.7, 6.8, 25.4, 84.5, 16.1, 170.1, '2026-06-18 06:21:09');
INSERT INTO river_sensorReading (id, idNode, tinggiAir, kelembapanTanah, curahHujan, suhuRataRata, kelembapanUdara, kecepatanAngin, arahAngin, recorded_at) VALUES (162, 7, 1.24, 16.2, 52.6, 30.4, 59.3, 2.3, 101.7, '2026-06-18 07:21:09');
INSERT INTO river_sensorReading (id, idNode, tinggiAir, kelembapanTanah, curahHujan, suhuRataRata, kelembapanUdara, kecepatanAngin, arahAngin, recorded_at) VALUES (163, 9, 0.64, 7.6, 50.8, 27.3, 90.2, 3.4, 227.1, '2026-06-18 08:21:09');
INSERT INTO river_sensorReading (id, idNode, tinggiAir, kelembapanTanah, curahHujan, suhuRataRata, kelembapanUdara, kecepatanAngin, arahAngin, recorded_at) VALUES (164, 1, 6.34, 21.3, 6.2, 29.8, 70.8, 5.1, 319.4, '2026-06-18 09:21:09');
INSERT INTO river_sensorReading (id, idNode, tinggiAir, kelembapanTanah, curahHujan, suhuRataRata, kelembapanUdara, kecepatanAngin, arahAngin, recorded_at) VALUES (165, 8, 5.81, 19.5, 45.1, 34.6, 70.8, 11.9, 236.3, '2026-06-18 10:21:09');
INSERT INTO river_sensorReading (id, idNode, tinggiAir, kelembapanTanah, curahHujan, suhuRataRata, kelembapanUdara, kecepatanAngin, arahAngin, recorded_at) VALUES (166, 2, 4.91, 37.3, 20.3, 23.9, 51.9, 16.1, 197.2, '2026-06-18 11:21:09');
INSERT INTO river_sensorReading (id, idNode, tinggiAir, kelembapanTanah, curahHujan, suhuRataRata, kelembapanUdara, kecepatanAngin, arahAngin, recorded_at) VALUES (167, 7, 3.24, 35.7, 1.2, 32.7, 65.3, 4.9, 168.0, '2026-06-18 12:21:09');
INSERT INTO river_sensorReading (id, idNode, tinggiAir, kelembapanTanah, curahHujan, suhuRataRata, kelembapanUdara, kecepatanAngin, arahAngin, recorded_at) VALUES (168, 2, 3.32, 30.7, 35.4, 23.3, 52.1, 17.7, 195.9, '2026-06-18 13:21:09');
INSERT INTO river_sensorReading (id, idNode, tinggiAir, kelembapanTanah, curahHujan, suhuRataRata, kelembapanUdara, kecepatanAngin, arahAngin, recorded_at) VALUES (169, 1, 0.58, 21.3, 26.3, 30.9, 81.2, 18.4, 179.7, '2026-06-18 14:21:09');
INSERT INTO river_sensorReading (id, idNode, tinggiAir, kelembapanTanah, curahHujan, suhuRataRata, kelembapanUdara, kecepatanAngin, arahAngin, recorded_at) VALUES (170, 3, 2.38, 36.5, 41.2, 24.9, 92.1, 13.5, 291.0, '2026-06-18 15:21:09');
INSERT INTO river_sensorReading (id, idNode, tinggiAir, kelembapanTanah, curahHujan, suhuRataRata, kelembapanUdara, kecepatanAngin, arahAngin, recorded_at) VALUES (171, 2, 6.04, 8.4, 17.0, 32.2, 57.3, 19.1, 180.9, '2026-06-18 16:21:09');
INSERT INTO river_sensorReading (id, idNode, tinggiAir, kelembapanTanah, curahHujan, suhuRataRata, kelembapanUdara, kecepatanAngin, arahAngin, recorded_at) VALUES (172, 5, 5.22, 21.4, 1.1, 34.5, 54.5, 4.7, 315.2, '2026-06-18 17:21:09');
INSERT INTO river_sensorReading (id, idNode, tinggiAir, kelembapanTanah, curahHujan, suhuRataRata, kelembapanUdara, kecepatanAngin, arahAngin, recorded_at) VALUES (173, 2, 3.98, 22.0, 8.3, 28.3, 89.5, 5.8, 262.7, '2026-06-18 18:21:09');
INSERT INTO river_sensorReading (id, idNode, tinggiAir, kelembapanTanah, curahHujan, suhuRataRata, kelembapanUdara, kecepatanAngin, arahAngin, recorded_at) VALUES (174, 1, 4.38, 34.7, 17.9, 32.0, 86.8, 4.2, 304.9, '2026-06-18 19:21:09');
INSERT INTO river_sensorReading (id, idNode, tinggiAir, kelembapanTanah, curahHujan, suhuRataRata, kelembapanUdara, kecepatanAngin, arahAngin, recorded_at) VALUES (175, 3, 5.3, 34.2, 33.1, 35.7, 67.2, 1.9, 114.6, '2026-06-18 20:21:09');
INSERT INTO river_sensorReading (id, idNode, tinggiAir, kelembapanTanah, curahHujan, suhuRataRata, kelembapanUdara, kecepatanAngin, arahAngin, recorded_at) VALUES (176, 1, 3.55, 25.3, 23.1, 23.4, 78.9, 0.7, 120.7, '2026-06-18 21:21:09');
INSERT INTO river_sensorReading (id, idNode, tinggiAir, kelembapanTanah, curahHujan, suhuRataRata, kelembapanUdara, kecepatanAngin, arahAngin, recorded_at) VALUES (177, 3, 4.96, 9.2, 12.9, 36.1, 59.7, 18.2, 234.3, '2026-06-18 22:21:09');
INSERT INTO river_sensorReading (id, idNode, tinggiAir, kelembapanTanah, curahHujan, suhuRataRata, kelembapanUdara, kecepatanAngin, arahAngin, recorded_at) VALUES (178, 6, 5.04, 11.2, 27.3, 25.8, 98.2, 13.5, 192.7, '2026-06-18 23:21:09');
INSERT INTO river_sensorReading (id, idNode, tinggiAir, kelembapanTanah, curahHujan, suhuRataRata, kelembapanUdara, kecepatanAngin, arahAngin, recorded_at) VALUES (179, 9, 2.01, 25.7, 40.8, 33.6, 71.6, 2.2, 246.3, '2026-06-19 00:21:09');
INSERT INTO river_sensorReading (id, idNode, tinggiAir, kelembapanTanah, curahHujan, suhuRataRata, kelembapanUdara, kecepatanAngin, arahAngin, recorded_at) VALUES (180, 9, 4.1, 31.0, 19.1, 26.3, 93.6, 14.5, 191.4, '2026-06-19 01:21:09');
INSERT INTO river_sensorReading (id, idNode, tinggiAir, kelembapanTanah, curahHujan, suhuRataRata, kelembapanUdara, kecepatanAngin, arahAngin, recorded_at) VALUES (181, 1, 4.44, 9.5, 51.2, 26.5, 72.4, 16.8, 265.7, '2026-06-19 02:21:09');
INSERT INTO river_sensorReading (id, idNode, tinggiAir, kelembapanTanah, curahHujan, suhuRataRata, kelembapanUdara, kecepatanAngin, arahAngin, recorded_at) VALUES (182, 5, 3.97, 30.1, 47.7, 31.8, 59.6, 19.6, 243.4, '2026-06-19 03:21:09');
INSERT INTO river_sensorReading (id, idNode, tinggiAir, kelembapanTanah, curahHujan, suhuRataRata, kelembapanUdara, kecepatanAngin, arahAngin, recorded_at) VALUES (183, 3, 1.18, 31.7, 8.4, 23.2, 67.3, 3.2, 357.6, '2026-06-19 04:21:09');
INSERT INTO river_sensorReading (id, idNode, tinggiAir, kelembapanTanah, curahHujan, suhuRataRata, kelembapanUdara, kecepatanAngin, arahAngin, recorded_at) VALUES (184, 7, 5.71, 35.1, 27.5, 24.1, 67.5, 17.3, 60.5, '2026-06-19 05:21:09');
INSERT INTO river_sensorReading (id, idNode, tinggiAir, kelembapanTanah, curahHujan, suhuRataRata, kelembapanUdara, kecepatanAngin, arahAngin, recorded_at) VALUES (185, 5, 4.03, 27.4, 23.4, 29.6, 71.9, 16.0, 125.0, '2026-06-19 06:21:09');
INSERT INTO river_sensorReading (id, idNode, tinggiAir, kelembapanTanah, curahHujan, suhuRataRata, kelembapanUdara, kecepatanAngin, arahAngin, recorded_at) VALUES (186, 4, 4.77, 14.1, 22.8, 34.3, 87.5, 5.8, 358.7, '2026-06-19 07:21:09');
INSERT INTO river_sensorReading (id, idNode, tinggiAir, kelembapanTanah, curahHujan, suhuRataRata, kelembapanUdara, kecepatanAngin, arahAngin, recorded_at) VALUES (187, 2, 5.1, 32.1, 7.7, 33.7, 59.6, 11.8, 56.1, '2026-06-19 08:21:09');
INSERT INTO river_sensorReading (id, idNode, tinggiAir, kelembapanTanah, curahHujan, suhuRataRata, kelembapanUdara, kecepatanAngin, arahAngin, recorded_at) VALUES (188, 4, 5.06, 29.5, 37.8, 31.1, 78.9, 2.0, 339.3, '2026-06-19 09:21:09');
INSERT INTO river_sensorReading (id, idNode, tinggiAir, kelembapanTanah, curahHujan, suhuRataRata, kelembapanUdara, kecepatanAngin, arahAngin, recorded_at) VALUES (189, 8, 1.87, 26.3, 6.8, 27.7, 79.1, 12.2, 14.2, '2026-06-19 10:21:09');
INSERT INTO river_sensorReading (id, idNode, tinggiAir, kelembapanTanah, curahHujan, suhuRataRata, kelembapanUdara, kecepatanAngin, arahAngin, recorded_at) VALUES (190, 3, 0.91, 35.2, 18.4, 34.0, 77.5, 2.7, 320.8, '2026-06-19 11:21:09');
INSERT INTO river_sensorReading (id, idNode, tinggiAir, kelembapanTanah, curahHujan, suhuRataRata, kelembapanUdara, kecepatanAngin, arahAngin, recorded_at) VALUES (191, 6, 0.94, 11.1, 27.9, 35.3, 53.2, 5.1, 268.8, '2026-06-19 12:21:09');
INSERT INTO river_sensorReading (id, idNode, tinggiAir, kelembapanTanah, curahHujan, suhuRataRata, kelembapanUdara, kecepatanAngin, arahAngin, recorded_at) VALUES (192, 3, 2.56, 15.6, 42.4, 35.9, 95.4, 17.7, 234.5, '2026-06-19 13:21:09');
INSERT INTO river_sensorReading (id, idNode, tinggiAir, kelembapanTanah, curahHujan, suhuRataRata, kelembapanUdara, kecepatanAngin, arahAngin, recorded_at) VALUES (193, 2, 5.47, 31.4, 20.6, 27.5, 54.5, 1.7, 294.2, '2026-06-19 14:21:09');
INSERT INTO river_sensorReading (id, idNode, tinggiAir, kelembapanTanah, curahHujan, suhuRataRata, kelembapanUdara, kecepatanAngin, arahAngin, recorded_at) VALUES (194, 2, 5.11, 16.4, 39.6, 34.3, 74.0, 14.5, 50.8, '2026-06-19 15:21:09');
INSERT INTO river_sensorReading (id, idNode, tinggiAir, kelembapanTanah, curahHujan, suhuRataRata, kelembapanUdara, kecepatanAngin, arahAngin, recorded_at) VALUES (195, 9, 1.13, 6.6, 40.4, 28.6, 66.4, 0.1, 268.0, '2026-06-19 16:21:09');
INSERT INTO river_sensorReading (id, idNode, tinggiAir, kelembapanTanah, curahHujan, suhuRataRata, kelembapanUdara, kecepatanAngin, arahAngin, recorded_at) VALUES (196, 5, 3.55, 5.7, 1.7, 35.7, 84.7, 5.4, 329.7, '2026-06-19 17:21:09');
INSERT INTO river_sensorReading (id, idNode, tinggiAir, kelembapanTanah, curahHujan, suhuRataRata, kelembapanUdara, kecepatanAngin, arahAngin, recorded_at) VALUES (197, 1, 1.43, 6.7, 20.6, 32.3, 67.9, 18.1, 166.0, '2026-06-19 18:21:09');
INSERT INTO river_sensorReading (id, idNode, tinggiAir, kelembapanTanah, curahHujan, suhuRataRata, kelembapanUdara, kecepatanAngin, arahAngin, recorded_at) VALUES (198, 5, 1.41, 13.2, 44.4, 26.7, 95.5, 7.6, 224.5, '2026-06-19 19:21:09');
INSERT INTO river_sensorReading (id, idNode, tinggiAir, kelembapanTanah, curahHujan, suhuRataRata, kelembapanUdara, kecepatanAngin, arahAngin, recorded_at) VALUES (199, 3, 3.83, 19.9, 30.0, 31.0, 94.9, 8.1, 194.5, '2026-06-19 20:21:09');
INSERT INTO river_sensorReading (id, idNode, tinggiAir, kelembapanTanah, curahHujan, suhuRataRata, kelembapanUdara, kecepatanAngin, arahAngin, recorded_at) VALUES (200, 7, 1.81, 24.1, 28.5, 32.7, 91.0, 6.2, 25.8, '2026-06-19 21:21:09');

