USE kelompok2;

-- =====================================
-- DUMMY DATA GENERATE FOR FLOOD WARNING
-- =====================================
-- 1. Data Zona
INSERT INTO river_zones (id, nama_kota) VALUES (1, 'Jakarta Timur');
INSERT INTO river_zones (id, nama_kota) VALUES (2, 'Jakarta Selatan');
INSERT INTO river_zones (id, nama_kota) VALUES (3, 'Bogor');
INSERT INTO river_zones (id, nama_kota) VALUES (4, 'Depok');
INSERT INTO river_zones (id, nama_kota) VALUES (5, 'Tangerang');

-- 2. Data Sungai
INSERT INTO river_sungai (id, zoneId, lokasiSungai) VALUES (1, 1, 'Sungai Ciliwung');
INSERT INTO river_sungai (id, zoneId, lokasiSungai) VALUES (2, 2, 'Sungai Pesanggrahan');
INSERT INTO river_sungai (id, zoneId, lokasiSungai) VALUES (3, 3, 'Sungai Cisadane');
INSERT INTO river_sungai (id, zoneId, lokasiSungai) VALUES (4, 4, 'Sungai Cikeas');
INSERT INTO river_sungai (id, zoneId, lokasiSungai) VALUES (5, 5, 'Sungai Sunter');

-- 3. Data Sensor Node
INSERT INTO river_sensorNode (id, idSungai, idStation, namaNode, posisi, elevasi) VALUES (1, 1, 101, 'Node Hulu Ciliwung', 'hulu', 8.0);
INSERT INTO river_sensorNode (id, idSungai, idStation, namaNode, posisi, elevasi) VALUES (2, 1, 102, 'Node Hilir Ciliwung', 'hilir', 13.4);
INSERT INTO river_sensorNode (id, idSungai, idStation, namaNode, posisi, elevasi) VALUES (3, 2, 103, 'Node Hulu Pesanggrahan', 'hulu', 3.2);
INSERT INTO river_sensorNode (id, idSungai, idStation, namaNode, posisi, elevasi) VALUES (4, 2, 104, 'Node Hilir Pesanggrahan', 'hilir', 8.5);
INSERT INTO river_sensorNode (id, idSungai, idStation, namaNode, posisi, elevasi) VALUES (5, 3, 105, 'Node Hulu Cisadane', 'hulu', 5.6);
INSERT INTO river_sensorNode (id, idSungai, idStation, namaNode, posisi, elevasi) VALUES (6, 3, 106, 'Node Hilir Cisadane', 'hilir', 4.0);
INSERT INTO river_sensorNode (id, idSungai, idStation, namaNode, posisi, elevasi) VALUES (7, 4, 107, 'Node Hulu Cikeas', 'hulu', 7.0);
INSERT INTO river_sensorNode (id, idSungai, idStation, namaNode, posisi, elevasi) VALUES (8, 4, 108, 'Node Hilir Cikeas', 'hilir', 11.2);
INSERT INTO river_sensorNode (id, idSungai, idStation, namaNode, posisi, elevasi) VALUES (9, 5, 109, 'Node Hulu Sunter', 'hulu', 12.7);
INSERT INTO river_sensorNode (id, idSungai, idStation, namaNode, posisi, elevasi) VALUES (10, 5, 110, 'Node Hilir Sunter', 'hilir', 7.2);

-- 4. Data Pengguna
INSERT INTO user_user (id, username, email, password, role, provider, waktuDibuat) VALUES (1, 'budisantoso1', 'budisantoso1@kelompok2.com', '$2y$10$dummyhashpassword12345678', 'admin', 'local', '2026-05-28 07:59:58');
INSERT INTO user_user (id, username, email, password, role, provider, waktuDibuat) VALUES (2, 'hadisantoso2', 'hadisantoso2@kelompok2.com', '$2y$10$dummyhashpassword12345678', 'user', 'local', '2026-06-19 20:59:58');
INSERT INTO user_user (id, username, email, password, role, provider, waktuDibuat) VALUES (3, 'ekoputra3', 'ekoputra3@kelompok2.com', '$2y$10$dummyhashpassword12345678', 'user', 'local', '2026-06-14 17:59:58');
INSERT INTO user_user (id, username, email, password, role, provider, waktuDibuat) VALUES (4, 'hadisantoso4', 'hadisantoso4@kelompok2.com', '$2y$10$dummyhashpassword12345678', 'user', 'local', '2026-06-20 07:59:58');
INSERT INTO user_user (id, username, email, password, role, provider, waktuDibuat) VALUES (5, 'mayalestari5', 'mayalestari5@kelompok2.com', '$2y$10$dummyhashpassword12345678', 'user', 'local', '2026-06-10 17:59:58');
INSERT INTO user_user (id, username, email, password, role, provider, waktuDibuat) VALUES (6, 'ekopratama6', 'ekopratama6@kelompok2.com', '$2y$10$dummyhashpassword12345678', 'user', 'local', '2026-06-18 19:59:58');
INSERT INTO user_user (id, username, email, password, role, provider, waktuDibuat) VALUES (7, 'dinasantoso7', 'dinasantoso7@kelompok2.com', '$2y$10$dummyhashpassword12345678', 'user', 'local', '2026-05-29 03:59:58');
INSERT INTO user_user (id, username, email, password, role, provider, waktuDibuat) VALUES (8, 'hadihidayat8', 'hadihidayat8@kelompok2.com', '$2y$10$dummyhashpassword12345678', 'user', 'local', '2026-06-17 21:59:58');
INSERT INTO user_user (id, username, email, password, role, provider, waktuDibuat) VALUES (9, 'budisari9', 'budisari9@kelompok2.com', '$2y$10$dummyhashpassword12345678', 'user', 'local', '2026-06-13 12:59:58');
INSERT INTO user_user (id, username, email, password, role, provider, waktuDibuat) VALUES (10, 'rudikusuma10', 'rudikusuma10@kelompok2.com', '$2y$10$dummyhashpassword12345678', 'user', 'local', '2026-05-31 15:59:58');
INSERT INTO user_user (id, username, email, password, role, provider, waktuDibuat) VALUES (11, 'mayakusuma11', 'mayakusuma11@kelompok2.com', '$2y$10$dummyhashpassword12345678', 'user', 'local', '2026-06-01 22:59:58');
INSERT INTO user_user (id, username, email, password, role, provider, waktuDibuat) VALUES (12, 'sitilestari12', 'sitilestari12@kelompok2.com', '$2y$10$dummyhashpassword12345678', 'user', 'local', '2026-06-15 22:59:58');
INSERT INTO user_user (id, username, email, password, role, provider, waktuDibuat) VALUES (13, 'dinalestari13', 'dinalestari13@kelompok2.com', '$2y$10$dummyhashpassword12345678', 'user', 'local', '2026-06-18 10:59:58');
INSERT INTO user_user (id, username, email, password, role, provider, waktuDibuat) VALUES (14, 'sitikusuma14', 'sitikusuma14@kelompok2.com', '$2y$10$dummyhashpassword12345678', 'user', 'local', '2026-06-08 18:59:58');
INSERT INTO user_user (id, username, email, password, role, provider, waktuDibuat) VALUES (15, 'dinasantoso15', 'dinasantoso15@kelompok2.com', '$2y$10$dummyhashpassword12345678', 'user', 'local', '2026-05-28 05:59:58');
INSERT INTO user_user (id, username, email, password, role, provider, waktuDibuat) VALUES (16, 'aguslestari16', 'aguslestari16@kelompok2.com', '$2y$10$dummyhashpassword12345678', 'user', 'local', '2026-05-28 03:59:58');
INSERT INTO user_user (id, username, email, password, role, provider, waktuDibuat) VALUES (17, 'hadipratama17', 'hadipratama17@kelompok2.com', '$2y$10$dummyhashpassword12345678', 'user', 'local', '2026-06-23 16:59:58');
INSERT INTO user_user (id, username, email, password, role, provider, waktuDibuat) VALUES (18, 'dinasantoso18', 'dinasantoso18@kelompok2.com', '$2y$10$dummyhashpassword12345678', 'user', 'local', '2026-05-26 03:59:58');
INSERT INTO user_user (id, username, email, password, role, provider, waktuDibuat) VALUES (19, 'dinasantoso19', 'dinasantoso19@kelompok2.com', '$2y$10$dummyhashpassword12345678', 'user', 'local', '2026-05-30 05:59:58');
INSERT INTO user_user (id, username, email, password, role, provider, waktuDibuat) VALUES (20, 'dinakusuma20', 'dinakusuma20@kelompok2.com', '$2y$10$dummyhashpassword12345678', 'user', 'local', '2026-06-08 11:59:58');
INSERT INTO user_user (id, username, email, password, role, provider, waktuDibuat) VALUES (21, 'mayasantoso21', 'mayasantoso21@kelompok2.com', '$2y$10$dummyhashpassword12345678', 'user', 'local', '2026-06-08 01:59:58');
INSERT INTO user_user (id, username, email, password, role, provider, waktuDibuat) VALUES (22, 'rudiputra22', 'rudiputra22@kelompok2.com', '$2y$10$dummyhashpassword12345678', 'user', 'local', '2026-06-22 11:59:58');
INSERT INTO user_user (id, username, email, password, role, provider, waktuDibuat) VALUES (23, 'rudihidayat23', 'rudihidayat23@kelompok2.com', '$2y$10$dummyhashpassword12345678', 'user', 'local', '2026-06-15 15:59:58');
INSERT INTO user_user (id, username, email, password, role, provider, waktuDibuat) VALUES (24, 'budikusuma24', 'budikusuma24@kelompok2.com', '$2y$10$dummyhashpassword12345678', 'user', 'local', '2026-05-30 07:59:58');
INSERT INTO user_user (id, username, email, password, role, provider, waktuDibuat) VALUES (25, 'mayahidayat25', 'mayahidayat25@kelompok2.com', '$2y$10$dummyhashpassword12345678', 'user', 'local', '2026-06-15 02:59:58');
INSERT INTO user_user (id, username, email, password, role, provider, waktuDibuat) VALUES (26, 'budihidayat26', 'budihidayat26@kelompok2.com', '$2y$10$dummyhashpassword12345678', 'user', 'local', '2026-05-27 07:59:58');
INSERT INTO user_user (id, username, email, password, role, provider, waktuDibuat) VALUES (27, 'dinalestari27', 'dinalestari27@kelompok2.com', '$2y$10$dummyhashpassword12345678', 'user', 'local', '2026-06-04 17:59:58');
INSERT INTO user_user (id, username, email, password, role, provider, waktuDibuat) VALUES (28, 'ayuputra28', 'ayuputra28@kelompok2.com', '$2y$10$dummyhashpassword12345678', 'user', 'local', '2026-06-17 00:59:58');
INSERT INTO user_user (id, username, email, password, role, provider, waktuDibuat) VALUES (29, 'rudiputra29', 'rudiputra29@kelompok2.com', '$2y$10$dummyhashpassword12345678', 'user', 'local', '2026-06-12 23:59:58');
INSERT INTO user_user (id, username, email, password, role, provider, waktuDibuat) VALUES (30, 'aguskusuma30', 'aguskusuma30@kelompok2.com', '$2y$10$dummyhashpassword12345678', 'user', 'local', '2026-05-28 08:59:58');
INSERT INTO user_user (id, username, email, password, role, provider, waktuDibuat) VALUES (31, 'ekosantoso31', 'ekosantoso31@kelompok2.com', '$2y$10$dummyhashpassword12345678', 'user', 'local', '2026-05-31 17:59:58');
INSERT INTO user_user (id, username, email, password, role, provider, waktuDibuat) VALUES (32, 'rudisari32', 'rudisari32@kelompok2.com', '$2y$10$dummyhashpassword12345678', 'user', 'local', '2026-06-06 03:59:58');
INSERT INTO user_user (id, username, email, password, role, provider, waktuDibuat) VALUES (33, 'mayakusuma33', 'mayakusuma33@kelompok2.com', '$2y$10$dummyhashpassword12345678', 'user', 'local', '2026-06-03 03:59:58');
INSERT INTO user_user (id, username, email, password, role, provider, waktuDibuat) VALUES (34, 'hadisari34', 'hadisari34@kelompok2.com', '$2y$10$dummyhashpassword12345678', 'user', 'local', '2026-06-07 10:59:58');
INSERT INTO user_user (id, username, email, password, role, provider, waktuDibuat) VALUES (35, 'mayaputra35', 'mayaputra35@kelompok2.com', '$2y$10$dummyhashpassword12345678', 'user', 'local', '2026-05-26 14:59:58');
INSERT INTO user_user (id, username, email, password, role, provider, waktuDibuat) VALUES (36, 'dinasantoso36', 'dinasantoso36@kelompok2.com', '$2y$10$dummyhashpassword12345678', 'user', 'local', '2026-06-11 09:59:58');
INSERT INTO user_user (id, username, email, password, role, provider, waktuDibuat) VALUES (37, 'ekowijaya37', 'ekowijaya37@kelompok2.com', '$2y$10$dummyhashpassword12345678', 'user', 'local', '2026-06-08 03:59:58');
INSERT INTO user_user (id, username, email, password, role, provider, waktuDibuat) VALUES (38, 'agusputra38', 'agusputra38@kelompok2.com', '$2y$10$dummyhashpassword12345678', 'user', 'local', '2026-06-21 22:59:58');
INSERT INTO user_user (id, username, email, password, role, provider, waktuDibuat) VALUES (39, 'mayawijaya39', 'mayawijaya39@kelompok2.com', '$2y$10$dummyhashpassword12345678', 'user', 'local', '2026-06-14 00:59:58');
INSERT INTO user_user (id, username, email, password, role, provider, waktuDibuat) VALUES (40, 'rudiputra40', 'rudiputra40@kelompok2.com', '$2y$10$dummyhashpassword12345678', 'user', 'local', '2026-06-25 09:59:58');
INSERT INTO user_user (id, username, email, password, role, provider, waktuDibuat) VALUES (41, 'mayapratama41', 'mayapratama41@kelompok2.com', '$2y$10$dummyhashpassword12345678', 'user', 'local', '2026-06-20 22:59:58');
INSERT INTO user_user (id, username, email, password, role, provider, waktuDibuat) VALUES (42, 'sitiputra42', 'sitiputra42@kelompok2.com', '$2y$10$dummyhashpassword12345678', 'user', 'local', '2026-06-22 19:59:58');
INSERT INTO user_user (id, username, email, password, role, provider, waktuDibuat) VALUES (43, 'ekosantoso43', 'ekosantoso43@kelompok2.com', '$2y$10$dummyhashpassword12345678', 'user', 'local', '2026-06-08 22:59:58');
INSERT INTO user_user (id, username, email, password, role, provider, waktuDibuat) VALUES (44, 'aguswijaya44', 'aguswijaya44@kelompok2.com', '$2y$10$dummyhashpassword12345678', 'user', 'local', '2026-05-26 20:59:58');
INSERT INTO user_user (id, username, email, password, role, provider, waktuDibuat) VALUES (45, 'ayuwijaya45', 'ayuwijaya45@kelompok2.com', '$2y$10$dummyhashpassword12345678', 'user', 'local', '2026-06-03 01:59:58');
INSERT INTO user_user (id, username, email, password, role, provider, waktuDibuat) VALUES (46, 'budisari46', 'budisari46@kelompok2.com', '$2y$10$dummyhashpassword12345678', 'user', 'local', '2026-05-28 04:59:58');
INSERT INTO user_user (id, username, email, password, role, provider, waktuDibuat) VALUES (47, 'hadisari47', 'hadisari47@kelompok2.com', '$2y$10$dummyhashpassword12345678', 'user', 'local', '2026-06-09 23:59:58');
INSERT INTO user_user (id, username, email, password, role, provider, waktuDibuat) VALUES (48, 'hadipratama48', 'hadipratama48@kelompok2.com', '$2y$10$dummyhashpassword12345678', 'user', 'local', '2026-06-24 01:59:58');
INSERT INTO user_user (id, username, email, password, role, provider, waktuDibuat) VALUES (49, 'sitilestari49', 'sitilestari49@kelompok2.com', '$2y$10$dummyhashpassword12345678', 'user', 'local', '2026-06-19 12:59:58');
INSERT INTO user_user (id, username, email, password, role, provider, waktuDibuat) VALUES (50, 'hadikusuma50', 'hadikusuma50@kelompok2.com', '$2y$10$dummyhashpassword12345678', 'user', 'local', '2026-06-18 00:59:58');

-- 5. Data Laporan
INSERT INTO user_laporan (id, idPengguna, deskripsiLaporan, waktuDibuat) VALUES (1, 49, 'Sistem AI memprediksi status Normal, namun air selokan sudah mulai meluap ke jalan.', '2026-06-12 14:59:58');
INSERT INTO user_laporan (id, idPengguna, deskripsiLaporan, waktuDibuat) VALUES (2, 5, 'Prediksi peringatan dini banjir semalam sangat akurat, warga sempat mengevakuasi barang.', '2026-06-10 23:59:58');
INSERT INTO user_laporan (id, idPengguna, deskripsiLaporan, waktuDibuat) VALUES (3, 6, 'Sensor cuaca di jembatan sepertinya rusak, hujan deras tapi di aplikasi terbaca curah hujan 0 mm.', '2026-06-09 18:59:58');
INSERT INTO user_laporan (id, idPengguna, deskripsiLaporan, waktuDibuat) VALUES (4, 25, 'Prediksi peringatan dini banjir semalam sangat akurat, warga sempat mengevakuasi barang.', '2026-06-14 19:59:58');
INSERT INTO user_laporan (id, idPengguna, deskripsiLaporan, waktuDibuat) VALUES (5, 5, 'Dashboard sangat membantu, tapi sensor suhu sepertinya terlalu tinggi (tidak realistis).', '2026-06-24 14:59:58');
INSERT INTO user_laporan (id, idPengguna, deskripsiLaporan, waktuDibuat) VALUES (6, 26, 'Data ketinggian air di aplikasi terlambat update dibandingkan kondisi sungai aslinya.', '2026-06-01 07:59:58');
INSERT INTO user_laporan (id, idPengguna, deskripsiLaporan, waktuDibuat) VALUES (7, 6, 'Sensor cuaca di jembatan sepertinya rusak, hujan deras tapi di aplikasi terbaca curah hujan 0 mm.', '2026-06-18 01:59:58');
INSERT INTO user_laporan (id, idPengguna, deskripsiLaporan, waktuDibuat) VALUES (8, 2, 'Notifikasi status Waspada muncul di aplikasi, tapi sungai masih surut. Mohon kalibrasi sensor.', '2026-06-20 15:59:58');
INSERT INTO user_laporan (id, idPengguna, deskripsiLaporan, waktuDibuat) VALUES (9, 20, 'Sistem AI memprediksi status Normal, namun air selokan sudah mulai meluap ke jalan.', '2026-06-02 10:59:58');
INSERT INTO user_laporan (id, idPengguna, deskripsiLaporan, waktuDibuat) VALUES (10, 33, 'Notifikasi status Waspada muncul di aplikasi, tapi sungai masih surut. Mohon kalibrasi sensor.', '2026-06-09 13:59:58');
INSERT INTO user_laporan (id, idPengguna, deskripsiLaporan, waktuDibuat) VALUES (11, 50, 'Dashboard sangat membantu, tapi sensor suhu sepertinya terlalu tinggi (tidak realistis).', '2026-06-21 11:59:58');
INSERT INTO user_laporan (id, idPengguna, deskripsiLaporan, waktuDibuat) VALUES (12, 33, 'Notifikasi di aplikasi sangat cepat masuk sesaat setelah hujan deras turun. Terima kasih!', '2026-06-23 10:59:58');
INSERT INTO user_laporan (id, idPengguna, deskripsiLaporan, waktuDibuat) VALUES (13, 47, 'Prediksi peringatan dini banjir semalam sangat akurat, warga sempat mengevakuasi barang.', '2026-05-27 02:59:58');
INSERT INTO user_laporan (id, idPengguna, deskripsiLaporan, waktuDibuat) VALUES (14, 41, 'Sensor cuaca di jembatan sepertinya rusak, hujan deras tapi di aplikasi terbaca curah hujan 0 mm.', '2026-06-22 13:59:58');
INSERT INTO user_laporan (id, idPengguna, deskripsiLaporan, waktuDibuat) VALUES (15, 8, 'Dashboard sangat membantu, tapi sensor suhu sepertinya terlalu tinggi (tidak realistis).', '2026-06-09 12:59:58');
INSERT INTO user_laporan (id, idPengguna, deskripsiLaporan, waktuDibuat) VALUES (16, 19, 'Dashboard sangat membantu, tapi sensor suhu sepertinya terlalu tinggi (tidak realistis).', '2026-06-04 13:59:58');
INSERT INTO user_laporan (id, idPengguna, deskripsiLaporan, waktuDibuat) VALUES (17, 45, 'Data ketinggian air di aplikasi terlambat update dibandingkan kondisi sungai aslinya.', '2026-06-19 06:59:58');
INSERT INTO user_laporan (id, idPengguna, deskripsiLaporan, waktuDibuat) VALUES (18, 47, 'Prediksi peringatan dini banjir semalam sangat akurat, warga sempat mengevakuasi barang.', '2026-06-10 14:59:58');
INSERT INTO user_laporan (id, idPengguna, deskripsiLaporan, waktuDibuat) VALUES (19, 48, 'Sensor cuaca di jembatan sepertinya rusak, hujan deras tapi di aplikasi terbaca curah hujan 0 mm.', '2026-06-21 23:59:58');
INSERT INTO user_laporan (id, idPengguna, deskripsiLaporan, waktuDibuat) VALUES (20, 9, 'Data ketinggian air di aplikasi terlambat update dibandingkan kondisi sungai aslinya.', '2026-06-05 00:59:58');

-- 6. Data Sensor Readings
INSERT INTO river_sensorReading (id, idNode, tinggiAir, kelembapanTanah, curahHujan, suhuRataRata, kelembapanUdara, kecepatanAngin, arahAngin, recorded_at) VALUES (1, 1, 4.02, 32.7, 45.8, 26.1, 61.4, 17.1, 82.8, '2026-06-17 15:59:58');
INSERT INTO river_sensorReading (id, idNode, tinggiAir, kelembapanTanah, curahHujan, suhuRataRata, kelembapanUdara, kecepatanAngin, arahAngin, recorded_at) VALUES (2, 2, 3.13, 28.4, 48.8, 30.2, 62.8, 9.7, 203.6, '2026-06-17 16:59:58');
INSERT INTO river_sensorReading (id, idNode, tinggiAir, kelembapanTanah, curahHujan, suhuRataRata, kelembapanUdara, kecepatanAngin, arahAngin, recorded_at) VALUES (3, 1, 0.7, 28.5, 36.6, 33.2, 91.5, 7.1, 214.3, '2026-06-17 17:59:58');
INSERT INTO river_sensorReading (id, idNode, tinggiAir, kelembapanTanah, curahHujan, suhuRataRata, kelembapanUdara, kecepatanAngin, arahAngin, recorded_at) VALUES (4, 8, 1.19, 6.9, 39.6, 33.1, 74.7, 17.8, 8.3, '2026-06-17 18:59:58');
INSERT INTO river_sensorReading (id, idNode, tinggiAir, kelembapanTanah, curahHujan, suhuRataRata, kelembapanUdara, kecepatanAngin, arahAngin, recorded_at) VALUES (5, 7, 3.62, 8.0, 10.4, 28.2, 61.3, 7.0, 168.0, '2026-06-17 19:59:58');
INSERT INTO river_sensorReading (id, idNode, tinggiAir, kelembapanTanah, curahHujan, suhuRataRata, kelembapanUdara, kecepatanAngin, arahAngin, recorded_at) VALUES (6, 7, 1.31, 26.4, 49.4, 26.5, 87.5, 4.6, 309.2, '2026-06-17 20:59:58');
INSERT INTO river_sensorReading (id, idNode, tinggiAir, kelembapanTanah, curahHujan, suhuRataRata, kelembapanUdara, kecepatanAngin, arahAngin, recorded_at) VALUES (7, 10, 3.88, 33.0, 18.0, 31.0, 71.1, 19.7, 78.5, '2026-06-17 21:59:58');
INSERT INTO river_sensorReading (id, idNode, tinggiAir, kelembapanTanah, curahHujan, suhuRataRata, kelembapanUdara, kecepatanAngin, arahAngin, recorded_at) VALUES (8, 1, 4.86, 11.4, 46.2, 31.0, 92.8, 8.5, 266.6, '2026-06-17 22:59:58');
INSERT INTO river_sensorReading (id, idNode, tinggiAir, kelembapanTanah, curahHujan, suhuRataRata, kelembapanUdara, kecepatanAngin, arahAngin, recorded_at) VALUES (9, 8, 2.92, 20.9, 35.3, 29.0, 97.1, 11.6, 240.4, '2026-06-17 23:59:58');
INSERT INTO river_sensorReading (id, idNode, tinggiAir, kelembapanTanah, curahHujan, suhuRataRata, kelembapanUdara, kecepatanAngin, arahAngin, recorded_at) VALUES (10, 4, 6.27, 24.4, 45.4, 28.3, 81.6, 13.7, 82.7, '2026-06-18 00:59:58');
INSERT INTO river_sensorReading (id, idNode, tinggiAir, kelembapanTanah, curahHujan, suhuRataRata, kelembapanUdara, kecepatanAngin, arahAngin, recorded_at) VALUES (11, 6, 2.18, 9.0, 18.3, 29.2, 70.8, 15.6, 240.1, '2026-06-18 01:59:58');
INSERT INTO river_sensorReading (id, idNode, tinggiAir, kelembapanTanah, curahHujan, suhuRataRata, kelembapanUdara, kecepatanAngin, arahAngin, recorded_at) VALUES (12, 8, 1.0, 14.6, 41.2, 28.1, 58.8, 14.5, 241.4, '2026-06-18 02:59:58');
INSERT INTO river_sensorReading (id, idNode, tinggiAir, kelembapanTanah, curahHujan, suhuRataRata, kelembapanUdara, kecepatanAngin, arahAngin, recorded_at) VALUES (13, 3, 3.32, 9.7, 4.3, 34.4, 83.4, 6.5, 22.2, '2026-06-18 03:59:58');
INSERT INTO river_sensorReading (id, idNode, tinggiAir, kelembapanTanah, curahHujan, suhuRataRata, kelembapanUdara, kecepatanAngin, arahAngin, recorded_at) VALUES (14, 8, 1.01, 35.5, 36.8, 35.1, 96.4, 18.2, 111.1, '2026-06-18 04:59:58');
INSERT INTO river_sensorReading (id, idNode, tinggiAir, kelembapanTanah, curahHujan, suhuRataRata, kelembapanUdara, kecepatanAngin, arahAngin, recorded_at) VALUES (15, 8, 6.36, 7.3, 7.2, 29.6, 99.7, 13.8, 95.2, '2026-06-18 05:59:58');
INSERT INTO river_sensorReading (id, idNode, tinggiAir, kelembapanTanah, curahHujan, suhuRataRata, kelembapanUdara, kecepatanAngin, arahAngin, recorded_at) VALUES (16, 3, 2.7, 38.5, 46.7, 31.6, 62.9, 18.2, 198.6, '2026-06-18 06:59:58');
INSERT INTO river_sensorReading (id, idNode, tinggiAir, kelembapanTanah, curahHujan, suhuRataRata, kelembapanUdara, kecepatanAngin, arahAngin, recorded_at) VALUES (17, 6, 1.89, 20.0, 23.7, 28.1, 80.3, 5.0, 30.9, '2026-06-18 07:59:58');
INSERT INTO river_sensorReading (id, idNode, tinggiAir, kelembapanTanah, curahHujan, suhuRataRata, kelembapanUdara, kecepatanAngin, arahAngin, recorded_at) VALUES (18, 5, 3.1, 20.5, 37.1, 26.5, 97.9, 2.8, 290.9, '2026-06-18 08:59:58');
INSERT INTO river_sensorReading (id, idNode, tinggiAir, kelembapanTanah, curahHujan, suhuRataRata, kelembapanUdara, kecepatanAngin, arahAngin, recorded_at) VALUES (19, 4, 1.17, 22.1, 45.4, 26.3, 78.1, 14.6, 162.5, '2026-06-18 09:59:58');
INSERT INTO river_sensorReading (id, idNode, tinggiAir, kelembapanTanah, curahHujan, suhuRataRata, kelembapanUdara, kecepatanAngin, arahAngin, recorded_at) VALUES (20, 1, 2.51, 9.4, 0.9, 30.2, 81.5, 9.8, 278.6, '2026-06-18 10:59:58');
INSERT INTO river_sensorReading (id, idNode, tinggiAir, kelembapanTanah, curahHujan, suhuRataRata, kelembapanUdara, kecepatanAngin, arahAngin, recorded_at) VALUES (21, 7, 2.2, 34.6, 38.7, 28.9, 98.1, 7.6, 40.1, '2026-06-18 11:59:58');
INSERT INTO river_sensorReading (id, idNode, tinggiAir, kelembapanTanah, curahHujan, suhuRataRata, kelembapanUdara, kecepatanAngin, arahAngin, recorded_at) VALUES (22, 2, 1.25, 10.2, 38.4, 26.1, 62.8, 18.6, 242.7, '2026-06-18 12:59:58');
INSERT INTO river_sensorReading (id, idNode, tinggiAir, kelembapanTanah, curahHujan, suhuRataRata, kelembapanUdara, kecepatanAngin, arahAngin, recorded_at) VALUES (23, 9, 2.49, 31.1, 49.6, 23.4, 79.3, 7.7, 304.2, '2026-06-18 13:59:58');
INSERT INTO river_sensorReading (id, idNode, tinggiAir, kelembapanTanah, curahHujan, suhuRataRata, kelembapanUdara, kecepatanAngin, arahAngin, recorded_at) VALUES (24, 1, 3.42, 32.7, 33.9, 29.2, 58.5, 0.1, 260.5, '2026-06-18 14:59:58');
INSERT INTO river_sensorReading (id, idNode, tinggiAir, kelembapanTanah, curahHujan, suhuRataRata, kelembapanUdara, kecepatanAngin, arahAngin, recorded_at) VALUES (25, 1, 0.62, 26.8, 33.0, 32.7, 97.3, 4.6, 24.0, '2026-06-18 15:59:58');
INSERT INTO river_sensorReading (id, idNode, tinggiAir, kelembapanTanah, curahHujan, suhuRataRata, kelembapanUdara, kecepatanAngin, arahAngin, recorded_at) VALUES (26, 10, 5.66, 26.5, 44.1, 26.8, 52.2, 1.3, 17.4, '2026-06-18 16:59:58');
INSERT INTO river_sensorReading (id, idNode, tinggiAir, kelembapanTanah, curahHujan, suhuRataRata, kelembapanUdara, kecepatanAngin, arahAngin, recorded_at) VALUES (27, 7, 2.24, 7.8, 43.8, 30.8, 65.7, 2.5, 138.9, '2026-06-18 17:59:58');
INSERT INTO river_sensorReading (id, idNode, tinggiAir, kelembapanTanah, curahHujan, suhuRataRata, kelembapanUdara, kecepatanAngin, arahAngin, recorded_at) VALUES (28, 8, 5.81, 18.3, 7.2, 32.6, 74.0, 14.7, 78.1, '2026-06-18 18:59:58');
INSERT INTO river_sensorReading (id, idNode, tinggiAir, kelembapanTanah, curahHujan, suhuRataRata, kelembapanUdara, kecepatanAngin, arahAngin, recorded_at) VALUES (29, 9, 3.33, 15.4, 2.2, 27.4, 51.4, 17.6, 349.7, '2026-06-18 19:59:58');
INSERT INTO river_sensorReading (id, idNode, tinggiAir, kelembapanTanah, curahHujan, suhuRataRata, kelembapanUdara, kecepatanAngin, arahAngin, recorded_at) VALUES (30, 7, 1.8, 8.2, 2.7, 24.4, 61.1, 14.3, 181.2, '2026-06-18 20:59:58');
INSERT INTO river_sensorReading (id, idNode, tinggiAir, kelembapanTanah, curahHujan, suhuRataRata, kelembapanUdara, kecepatanAngin, arahAngin, recorded_at) VALUES (31, 1, 4.6, 34.9, 15.6, 36.4, 54.0, 4.8, 260.1, '2026-06-18 21:59:58');
INSERT INTO river_sensorReading (id, idNode, tinggiAir, kelembapanTanah, curahHujan, suhuRataRata, kelembapanUdara, kecepatanAngin, arahAngin, recorded_at) VALUES (32, 2, 1.63, 20.4, 42.4, 34.4, 89.3, 7.6, 36.0, '2026-06-18 22:59:58');
INSERT INTO river_sensorReading (id, idNode, tinggiAir, kelembapanTanah, curahHujan, suhuRataRata, kelembapanUdara, kecepatanAngin, arahAngin, recorded_at) VALUES (33, 8, 3.31, 29.8, 46.3, 33.7, 75.1, 2.3, 29.6, '2026-06-18 23:59:58');
INSERT INTO river_sensorReading (id, idNode, tinggiAir, kelembapanTanah, curahHujan, suhuRataRata, kelembapanUdara, kecepatanAngin, arahAngin, recorded_at) VALUES (34, 3, 1.06, 12.8, 17.8, 25.3, 56.5, 16.2, 43.7, '2026-06-19 00:59:58');
INSERT INTO river_sensorReading (id, idNode, tinggiAir, kelembapanTanah, curahHujan, suhuRataRata, kelembapanUdara, kecepatanAngin, arahAngin, recorded_at) VALUES (35, 7, 5.18, 16.8, 33.1, 36.0, 53.1, 4.0, 333.2, '2026-06-19 01:59:58');
INSERT INTO river_sensorReading (id, idNode, tinggiAir, kelembapanTanah, curahHujan, suhuRataRata, kelembapanUdara, kecepatanAngin, arahAngin, recorded_at) VALUES (36, 8, 6.11, 23.0, 41.2, 25.3, 64.3, 9.1, 79.0, '2026-06-19 02:59:58');
INSERT INTO river_sensorReading (id, idNode, tinggiAir, kelembapanTanah, curahHujan, suhuRataRata, kelembapanUdara, kecepatanAngin, arahAngin, recorded_at) VALUES (37, 6, 0.67, 19.7, 52.1, 34.4, 75.6, 5.9, 334.0, '2026-06-19 03:59:58');
INSERT INTO river_sensorReading (id, idNode, tinggiAir, kelembapanTanah, curahHujan, suhuRataRata, kelembapanUdara, kecepatanAngin, arahAngin, recorded_at) VALUES (38, 7, 1.84, 19.4, 41.4, 34.0, 63.9, 0.7, 83.7, '2026-06-19 04:59:58');
INSERT INTO river_sensorReading (id, idNode, tinggiAir, kelembapanTanah, curahHujan, suhuRataRata, kelembapanUdara, kecepatanAngin, arahAngin, recorded_at) VALUES (39, 9, 1.18, 19.0, 48.9, 30.7, 79.8, 19.6, 304.7, '2026-06-19 05:59:58');
INSERT INTO river_sensorReading (id, idNode, tinggiAir, kelembapanTanah, curahHujan, suhuRataRata, kelembapanUdara, kecepatanAngin, arahAngin, recorded_at) VALUES (40, 5, 4.42, 7.6, 10.5, 27.2, 75.8, 15.2, 304.0, '2026-06-19 06:59:58');
INSERT INTO river_sensorReading (id, idNode, tinggiAir, kelembapanTanah, curahHujan, suhuRataRata, kelembapanUdara, kecepatanAngin, arahAngin, recorded_at) VALUES (41, 2, 4.43, 7.6, 14.2, 28.0, 59.2, 1.0, 64.0, '2026-06-19 07:59:58');
INSERT INTO river_sensorReading (id, idNode, tinggiAir, kelembapanTanah, curahHujan, suhuRataRata, kelembapanUdara, kecepatanAngin, arahAngin, recorded_at) VALUES (42, 4, 1.82, 15.5, 37.5, 26.0, 57.6, 17.7, 263.1, '2026-06-19 08:59:58');
INSERT INTO river_sensorReading (id, idNode, tinggiAir, kelembapanTanah, curahHujan, suhuRataRata, kelembapanUdara, kecepatanAngin, arahAngin, recorded_at) VALUES (43, 1, 0.81, 21.1, 26.6, 27.7, 65.8, 18.8, 245.8, '2026-06-19 09:59:58');
INSERT INTO river_sensorReading (id, idNode, tinggiAir, kelembapanTanah, curahHujan, suhuRataRata, kelembapanUdara, kecepatanAngin, arahAngin, recorded_at) VALUES (44, 4, 1.38, 39.4, 40.7, 34.4, 68.0, 12.4, 133.5, '2026-06-19 10:59:58');
INSERT INTO river_sensorReading (id, idNode, tinggiAir, kelembapanTanah, curahHujan, suhuRataRata, kelembapanUdara, kecepatanAngin, arahAngin, recorded_at) VALUES (45, 3, 4.16, 39.4, 0.7, 33.3, 77.7, 15.3, 217.8, '2026-06-19 11:59:58');
INSERT INTO river_sensorReading (id, idNode, tinggiAir, kelembapanTanah, curahHujan, suhuRataRata, kelembapanUdara, kecepatanAngin, arahAngin, recorded_at) VALUES (46, 1, 3.88, 27.4, 24.4, 25.2, 62.3, 12.8, 137.9, '2026-06-19 12:59:58');
INSERT INTO river_sensorReading (id, idNode, tinggiAir, kelembapanTanah, curahHujan, suhuRataRata, kelembapanUdara, kecepatanAngin, arahAngin, recorded_at) VALUES (47, 9, 6.04, 22.5, 20.9, 23.4, 85.5, 17.1, 265.3, '2026-06-19 13:59:58');
INSERT INTO river_sensorReading (id, idNode, tinggiAir, kelembapanTanah, curahHujan, suhuRataRata, kelembapanUdara, kecepatanAngin, arahAngin, recorded_at) VALUES (48, 10, 6.26, 7.3, 46.1, 27.0, 90.0, 3.8, 263.7, '2026-06-19 14:59:58');
INSERT INTO river_sensorReading (id, idNode, tinggiAir, kelembapanTanah, curahHujan, suhuRataRata, kelembapanUdara, kecepatanAngin, arahAngin, recorded_at) VALUES (49, 8, 5.96, 28.7, 37.1, 24.8, 55.0, 12.5, 223.1, '2026-06-19 15:59:58');
INSERT INTO river_sensorReading (id, idNode, tinggiAir, kelembapanTanah, curahHujan, suhuRataRata, kelembapanUdara, kecepatanAngin, arahAngin, recorded_at) VALUES (50, 2, 5.87, 19.6, 4.3, 28.3, 93.3, 16.7, 79.0, '2026-06-19 16:59:58');
INSERT INTO river_sensorReading (id, idNode, tinggiAir, kelembapanTanah, curahHujan, suhuRataRata, kelembapanUdara, kecepatanAngin, arahAngin, recorded_at) VALUES (51, 9, 2.01, 5.3, 16.0, 27.3, 58.9, 6.2, 147.0, '2026-06-19 17:59:58');
INSERT INTO river_sensorReading (id, idNode, tinggiAir, kelembapanTanah, curahHujan, suhuRataRata, kelembapanUdara, kecepatanAngin, arahAngin, recorded_at) VALUES (52, 5, 5.53, 14.7, 13.0, 30.0, 71.7, 14.4, 192.1, '2026-06-19 18:59:58');
INSERT INTO river_sensorReading (id, idNode, tinggiAir, kelembapanTanah, curahHujan, suhuRataRata, kelembapanUdara, kecepatanAngin, arahAngin, recorded_at) VALUES (53, 1, 2.08, 18.2, 21.8, 33.1, 54.0, 1.3, 178.8, '2026-06-19 19:59:58');
INSERT INTO river_sensorReading (id, idNode, tinggiAir, kelembapanTanah, curahHujan, suhuRataRata, kelembapanUdara, kecepatanAngin, arahAngin, recorded_at) VALUES (54, 8, 0.56, 15.5, 22.2, 33.9, 51.3, 2.3, 337.5, '2026-06-19 20:59:58');
INSERT INTO river_sensorReading (id, idNode, tinggiAir, kelembapanTanah, curahHujan, suhuRataRata, kelembapanUdara, kecepatanAngin, arahAngin, recorded_at) VALUES (55, 3, 3.6, 23.9, 5.5, 36.0, 90.8, 1.8, 161.0, '2026-06-19 21:59:58');
INSERT INTO river_sensorReading (id, idNode, tinggiAir, kelembapanTanah, curahHujan, suhuRataRata, kelembapanUdara, kecepatanAngin, arahAngin, recorded_at) VALUES (56, 1, 2.89, 35.1, 41.4, 30.9, 79.3, 15.9, 142.0, '2026-06-19 22:59:58');
INSERT INTO river_sensorReading (id, idNode, tinggiAir, kelembapanTanah, curahHujan, suhuRataRata, kelembapanUdara, kecepatanAngin, arahAngin, recorded_at) VALUES (57, 9, 5.88, 15.9, 51.2, 27.5, 50.0, 18.5, 11.1, '2026-06-19 23:59:58');
INSERT INTO river_sensorReading (id, idNode, tinggiAir, kelembapanTanah, curahHujan, suhuRataRata, kelembapanUdara, kecepatanAngin, arahAngin, recorded_at) VALUES (58, 7, 0.94, 17.3, 7.3, 36.4, 50.3, 3.3, 331.8, '2026-06-20 00:59:58');
INSERT INTO river_sensorReading (id, idNode, tinggiAir, kelembapanTanah, curahHujan, suhuRataRata, kelembapanUdara, kecepatanAngin, arahAngin, recorded_at) VALUES (59, 3, 0.65, 37.3, 42.6, 23.5, 60.9, 7.4, 221.1, '2026-06-20 01:59:58');
INSERT INTO river_sensorReading (id, idNode, tinggiAir, kelembapanTanah, curahHujan, suhuRataRata, kelembapanUdara, kecepatanAngin, arahAngin, recorded_at) VALUES (60, 6, 5.58, 38.9, 12.1, 28.7, 80.7, 2.0, 21.6, '2026-06-20 02:59:58');
INSERT INTO river_sensorReading (id, idNode, tinggiAir, kelembapanTanah, curahHujan, suhuRataRata, kelembapanUdara, kecepatanAngin, arahAngin, recorded_at) VALUES (61, 10, 1.73, 35.5, 1.9, 26.9, 81.4, 10.3, 88.4, '2026-06-20 03:59:58');
INSERT INTO river_sensorReading (id, idNode, tinggiAir, kelembapanTanah, curahHujan, suhuRataRata, kelembapanUdara, kecepatanAngin, arahAngin, recorded_at) VALUES (62, 8, 3.24, 13.8, 16.3, 29.1, 97.9, 13.8, 195.1, '2026-06-20 04:59:58');
INSERT INTO river_sensorReading (id, idNode, tinggiAir, kelembapanTanah, curahHujan, suhuRataRata, kelembapanUdara, kecepatanAngin, arahAngin, recorded_at) VALUES (63, 5, 4.62, 11.4, 30.4, 32.1, 98.0, 7.4, 196.7, '2026-06-20 05:59:58');
INSERT INTO river_sensorReading (id, idNode, tinggiAir, kelembapanTanah, curahHujan, suhuRataRata, kelembapanUdara, kecepatanAngin, arahAngin, recorded_at) VALUES (64, 10, 5.81, 32.4, 41.9, 36.3, 53.1, 0.1, 110.2, '2026-06-20 06:59:58');
INSERT INTO river_sensorReading (id, idNode, tinggiAir, kelembapanTanah, curahHujan, suhuRataRata, kelembapanUdara, kecepatanAngin, arahAngin, recorded_at) VALUES (65, 6, 5.42, 7.4, 50.3, 32.0, 82.8, 4.1, 169.4, '2026-06-20 07:59:58');
INSERT INTO river_sensorReading (id, idNode, tinggiAir, kelembapanTanah, curahHujan, suhuRataRata, kelembapanUdara, kecepatanAngin, arahAngin, recorded_at) VALUES (66, 3, 1.83, 21.4, 0.5, 23.7, 55.8, 11.2, 221.0, '2026-06-20 08:59:58');
INSERT INTO river_sensorReading (id, idNode, tinggiAir, kelembapanTanah, curahHujan, suhuRataRata, kelembapanUdara, kecepatanAngin, arahAngin, recorded_at) VALUES (67, 9, 1.28, 5.5, 10.8, 23.7, 98.7, 14.2, 86.6, '2026-06-20 09:59:58');
INSERT INTO river_sensorReading (id, idNode, tinggiAir, kelembapanTanah, curahHujan, suhuRataRata, kelembapanUdara, kecepatanAngin, arahAngin, recorded_at) VALUES (68, 5, 1.82, 25.4, 35.6, 26.8, 73.7, 16.7, 39.9, '2026-06-20 10:59:58');
INSERT INTO river_sensorReading (id, idNode, tinggiAir, kelembapanTanah, curahHujan, suhuRataRata, kelembapanUdara, kecepatanAngin, arahAngin, recorded_at) VALUES (69, 8, 4.52, 38.0, 44.5, 28.7, 69.4, 6.1, 63.7, '2026-06-20 11:59:58');
INSERT INTO river_sensorReading (id, idNode, tinggiAir, kelembapanTanah, curahHujan, suhuRataRata, kelembapanUdara, kecepatanAngin, arahAngin, recorded_at) VALUES (70, 4, 3.92, 5.4, 17.9, 27.7, 72.9, 9.1, 230.4, '2026-06-20 12:59:58');
INSERT INTO river_sensorReading (id, idNode, tinggiAir, kelembapanTanah, curahHujan, suhuRataRata, kelembapanUdara, kecepatanAngin, arahAngin, recorded_at) VALUES (71, 4, 4.2, 5.9, 11.2, 25.2, 96.3, 17.4, 167.1, '2026-06-20 13:59:58');
INSERT INTO river_sensorReading (id, idNode, tinggiAir, kelembapanTanah, curahHujan, suhuRataRata, kelembapanUdara, kecepatanAngin, arahAngin, recorded_at) VALUES (72, 7, 1.5, 34.0, 49.7, 23.9, 98.9, 0.6, 53.2, '2026-06-20 14:59:58');
INSERT INTO river_sensorReading (id, idNode, tinggiAir, kelembapanTanah, curahHujan, suhuRataRata, kelembapanUdara, kecepatanAngin, arahAngin, recorded_at) VALUES (73, 10, 4.36, 31.1, 19.2, 26.9, 62.2, 13.5, 193.6, '2026-06-20 15:59:58');
INSERT INTO river_sensorReading (id, idNode, tinggiAir, kelembapanTanah, curahHujan, suhuRataRata, kelembapanUdara, kecepatanAngin, arahAngin, recorded_at) VALUES (74, 10, 6.4, 36.2, 48.6, 35.2, 66.0, 5.5, 14.3, '2026-06-20 16:59:58');
INSERT INTO river_sensorReading (id, idNode, tinggiAir, kelembapanTanah, curahHujan, suhuRataRata, kelembapanUdara, kecepatanAngin, arahAngin, recorded_at) VALUES (75, 2, 2.69, 21.3, 14.4, 25.8, 68.5, 9.2, 353.7, '2026-06-20 17:59:58');
INSERT INTO river_sensorReading (id, idNode, tinggiAir, kelembapanTanah, curahHujan, suhuRataRata, kelembapanUdara, kecepatanAngin, arahAngin, recorded_at) VALUES (76, 8, 5.84, 27.9, 3.9, 33.5, 64.4, 2.5, 204.9, '2026-06-20 18:59:58');
INSERT INTO river_sensorReading (id, idNode, tinggiAir, kelembapanTanah, curahHujan, suhuRataRata, kelembapanUdara, kecepatanAngin, arahAngin, recorded_at) VALUES (77, 6, 4.51, 34.7, 42.0, 31.1, 80.4, 7.4, 52.4, '2026-06-20 19:59:58');
INSERT INTO river_sensorReading (id, idNode, tinggiAir, kelembapanTanah, curahHujan, suhuRataRata, kelembapanUdara, kecepatanAngin, arahAngin, recorded_at) VALUES (78, 9, 4.93, 15.3, 13.3, 26.4, 59.2, 17.4, 87.9, '2026-06-20 20:59:58');
INSERT INTO river_sensorReading (id, idNode, tinggiAir, kelembapanTanah, curahHujan, suhuRataRata, kelembapanUdara, kecepatanAngin, arahAngin, recorded_at) VALUES (79, 3, 4.08, 18.7, 16.0, 25.4, 56.0, 12.6, 352.2, '2026-06-20 21:59:58');
INSERT INTO river_sensorReading (id, idNode, tinggiAir, kelembapanTanah, curahHujan, suhuRataRata, kelembapanUdara, kecepatanAngin, arahAngin, recorded_at) VALUES (80, 4, 4.65, 8.3, 52.5, 34.0, 68.4, 16.5, 144.7, '2026-06-20 22:59:58');
INSERT INTO river_sensorReading (id, idNode, tinggiAir, kelembapanTanah, curahHujan, suhuRataRata, kelembapanUdara, kecepatanAngin, arahAngin, recorded_at) VALUES (81, 9, 4.07, 13.5, 48.2, 36.3, 51.6, 10.4, 85.0, '2026-06-20 23:59:58');
INSERT INTO river_sensorReading (id, idNode, tinggiAir, kelembapanTanah, curahHujan, suhuRataRata, kelembapanUdara, kecepatanAngin, arahAngin, recorded_at) VALUES (82, 9, 2.5, 23.2, 39.1, 26.0, 93.4, 3.3, 342.7, '2026-06-21 00:59:58');
INSERT INTO river_sensorReading (id, idNode, tinggiAir, kelembapanTanah, curahHujan, suhuRataRata, kelembapanUdara, kecepatanAngin, arahAngin, recorded_at) VALUES (83, 9, 2.69, 24.9, 35.6, 33.9, 53.7, 11.4, 336.3, '2026-06-21 01:59:58');
INSERT INTO river_sensorReading (id, idNode, tinggiAir, kelembapanTanah, curahHujan, suhuRataRata, kelembapanUdara, kecepatanAngin, arahAngin, recorded_at) VALUES (84, 1, 3.13, 38.6, 15.0, 29.2, 83.3, 12.7, 291.8, '2026-06-21 02:59:58');
INSERT INTO river_sensorReading (id, idNode, tinggiAir, kelembapanTanah, curahHujan, suhuRataRata, kelembapanUdara, kecepatanAngin, arahAngin, recorded_at) VALUES (85, 2, 2.87, 29.0, 9.3, 23.6, 77.9, 16.0, 237.7, '2026-06-21 03:59:58');
INSERT INTO river_sensorReading (id, idNode, tinggiAir, kelembapanTanah, curahHujan, suhuRataRata, kelembapanUdara, kecepatanAngin, arahAngin, recorded_at) VALUES (86, 3, 2.51, 12.9, 27.5, 34.5, 72.6, 15.4, 13.0, '2026-06-21 04:59:58');
INSERT INTO river_sensorReading (id, idNode, tinggiAir, kelembapanTanah, curahHujan, suhuRataRata, kelembapanUdara, kecepatanAngin, arahAngin, recorded_at) VALUES (87, 5, 5.76, 7.4, 47.1, 35.9, 51.0, 13.3, 318.4, '2026-06-21 05:59:58');
INSERT INTO river_sensorReading (id, idNode, tinggiAir, kelembapanTanah, curahHujan, suhuRataRata, kelembapanUdara, kecepatanAngin, arahAngin, recorded_at) VALUES (88, 8, 2.15, 26.1, 38.6, 30.9, 81.4, 17.5, 138.6, '2026-06-21 06:59:58');
INSERT INTO river_sensorReading (id, idNode, tinggiAir, kelembapanTanah, curahHujan, suhuRataRata, kelembapanUdara, kecepatanAngin, arahAngin, recorded_at) VALUES (89, 2, 3.62, 39.0, 17.7, 29.1, 72.7, 13.5, 318.5, '2026-06-21 07:59:58');
INSERT INTO river_sensorReading (id, idNode, tinggiAir, kelembapanTanah, curahHujan, suhuRataRata, kelembapanUdara, kecepatanAngin, arahAngin, recorded_at) VALUES (90, 1, 2.95, 15.3, 20.5, 29.0, 85.6, 0.7, 295.4, '2026-06-21 08:59:58');
INSERT INTO river_sensorReading (id, idNode, tinggiAir, kelembapanTanah, curahHujan, suhuRataRata, kelembapanUdara, kecepatanAngin, arahAngin, recorded_at) VALUES (91, 7, 2.6, 34.3, 2.0, 23.9, 67.2, 18.6, 265.3, '2026-06-21 09:59:58');
INSERT INTO river_sensorReading (id, idNode, tinggiAir, kelembapanTanah, curahHujan, suhuRataRata, kelembapanUdara, kecepatanAngin, arahAngin, recorded_at) VALUES (92, 4, 3.44, 14.5, 46.3, 24.9, 70.8, 12.9, 232.1, '2026-06-21 10:59:58');
INSERT INTO river_sensorReading (id, idNode, tinggiAir, kelembapanTanah, curahHujan, suhuRataRata, kelembapanUdara, kecepatanAngin, arahAngin, recorded_at) VALUES (93, 10, 4.06, 5.4, 35.4, 31.0, 86.4, 0.6, 299.8, '2026-06-21 11:59:58');
INSERT INTO river_sensorReading (id, idNode, tinggiAir, kelembapanTanah, curahHujan, suhuRataRata, kelembapanUdara, kecepatanAngin, arahAngin, recorded_at) VALUES (94, 9, 5.72, 31.1, 7.8, 25.4, 72.3, 11.7, 267.5, '2026-06-21 12:59:58');
INSERT INTO river_sensorReading (id, idNode, tinggiAir, kelembapanTanah, curahHujan, suhuRataRata, kelembapanUdara, kecepatanAngin, arahAngin, recorded_at) VALUES (95, 3, 3.87, 25.6, 24.2, 28.1, 82.8, 8.4, 4.9, '2026-06-21 13:59:58');
INSERT INTO river_sensorReading (id, idNode, tinggiAir, kelembapanTanah, curahHujan, suhuRataRata, kelembapanUdara, kecepatanAngin, arahAngin, recorded_at) VALUES (96, 8, 5.58, 28.7, 12.1, 25.6, 92.2, 13.0, 251.3, '2026-06-21 14:59:58');
INSERT INTO river_sensorReading (id, idNode, tinggiAir, kelembapanTanah, curahHujan, suhuRataRata, kelembapanUdara, kecepatanAngin, arahAngin, recorded_at) VALUES (97, 9, 3.24, 38.3, 2.2, 28.7, 73.7, 7.6, 262.9, '2026-06-21 15:59:58');
INSERT INTO river_sensorReading (id, idNode, tinggiAir, kelembapanTanah, curahHujan, suhuRataRata, kelembapanUdara, kecepatanAngin, arahAngin, recorded_at) VALUES (98, 4, 1.51, 11.8, 20.2, 24.1, 82.9, 8.6, 271.3, '2026-06-21 16:59:58');
INSERT INTO river_sensorReading (id, idNode, tinggiAir, kelembapanTanah, curahHujan, suhuRataRata, kelembapanUdara, kecepatanAngin, arahAngin, recorded_at) VALUES (99, 10, 2.87, 32.3, 4.2, 33.0, 69.6, 8.8, 290.1, '2026-06-21 17:59:58');
INSERT INTO river_sensorReading (id, idNode, tinggiAir, kelembapanTanah, curahHujan, suhuRataRata, kelembapanUdara, kecepatanAngin, arahAngin, recorded_at) VALUES (100, 8, 4.55, 26.8, 10.7, 36.2, 53.8, 7.4, 272.0, '2026-06-21 18:59:58');
INSERT INTO river_sensorReading (id, idNode, tinggiAir, kelembapanTanah, curahHujan, suhuRataRata, kelembapanUdara, kecepatanAngin, arahAngin, recorded_at) VALUES (101, 2, 6.01, 23.7, 30.2, 31.3, 93.7, 6.6, 315.5, '2026-06-21 19:59:58');
INSERT INTO river_sensorReading (id, idNode, tinggiAir, kelembapanTanah, curahHujan, suhuRataRata, kelembapanUdara, kecepatanAngin, arahAngin, recorded_at) VALUES (102, 2, 5.08, 38.3, 34.6, 23.9, 66.2, 5.3, 269.2, '2026-06-21 20:59:58');
INSERT INTO river_sensorReading (id, idNode, tinggiAir, kelembapanTanah, curahHujan, suhuRataRata, kelembapanUdara, kecepatanAngin, arahAngin, recorded_at) VALUES (103, 4, 1.92, 6.6, 4.7, 33.3, 63.5, 12.7, 277.8, '2026-06-21 21:59:58');
INSERT INTO river_sensorReading (id, idNode, tinggiAir, kelembapanTanah, curahHujan, suhuRataRata, kelembapanUdara, kecepatanAngin, arahAngin, recorded_at) VALUES (104, 7, 4.24, 23.9, 49.3, 29.2, 72.0, 3.6, 327.1, '2026-06-21 22:59:58');
INSERT INTO river_sensorReading (id, idNode, tinggiAir, kelembapanTanah, curahHujan, suhuRataRata, kelembapanUdara, kecepatanAngin, arahAngin, recorded_at) VALUES (105, 1, 4.85, 27.2, 6.8, 23.3, 67.0, 10.5, 6.4, '2026-06-21 23:59:58');
INSERT INTO river_sensorReading (id, idNode, tinggiAir, kelembapanTanah, curahHujan, suhuRataRata, kelembapanUdara, kecepatanAngin, arahAngin, recorded_at) VALUES (106, 8, 4.75, 10.6, 50.1, 27.9, 88.8, 4.8, 299.2, '2026-06-22 00:59:58');
INSERT INTO river_sensorReading (id, idNode, tinggiAir, kelembapanTanah, curahHujan, suhuRataRata, kelembapanUdara, kecepatanAngin, arahAngin, recorded_at) VALUES (107, 7, 5.41, 36.5, 5.1, 30.5, 60.1, 7.7, 0.4, '2026-06-22 01:59:58');
INSERT INTO river_sensorReading (id, idNode, tinggiAir, kelembapanTanah, curahHujan, suhuRataRata, kelembapanUdara, kecepatanAngin, arahAngin, recorded_at) VALUES (108, 5, 2.49, 37.0, 1.0, 36.4, 72.7, 6.0, 153.1, '2026-06-22 02:59:58');
INSERT INTO river_sensorReading (id, idNode, tinggiAir, kelembapanTanah, curahHujan, suhuRataRata, kelembapanUdara, kecepatanAngin, arahAngin, recorded_at) VALUES (109, 9, 6.39, 28.6, 45.0, 26.9, 57.3, 15.1, 237.7, '2026-06-22 03:59:58');
INSERT INTO river_sensorReading (id, idNode, tinggiAir, kelembapanTanah, curahHujan, suhuRataRata, kelembapanUdara, kecepatanAngin, arahAngin, recorded_at) VALUES (110, 3, 1.14, 33.8, 47.0, 32.8, 60.3, 10.5, 310.6, '2026-06-22 04:59:58');
INSERT INTO river_sensorReading (id, idNode, tinggiAir, kelembapanTanah, curahHujan, suhuRataRata, kelembapanUdara, kecepatanAngin, arahAngin, recorded_at) VALUES (111, 7, 0.86, 37.1, 43.8, 28.3, 80.0, 10.4, 87.3, '2026-06-22 05:59:58');
INSERT INTO river_sensorReading (id, idNode, tinggiAir, kelembapanTanah, curahHujan, suhuRataRata, kelembapanUdara, kecepatanAngin, arahAngin, recorded_at) VALUES (112, 8, 6.36, 19.5, 0.5, 31.5, 63.3, 13.7, 108.8, '2026-06-22 06:59:58');
INSERT INTO river_sensorReading (id, idNode, tinggiAir, kelembapanTanah, curahHujan, suhuRataRata, kelembapanUdara, kecepatanAngin, arahAngin, recorded_at) VALUES (113, 8, 0.84, 32.1, 30.8, 23.8, 75.1, 13.8, 318.1, '2026-06-22 07:59:58');
INSERT INTO river_sensorReading (id, idNode, tinggiAir, kelembapanTanah, curahHujan, suhuRataRata, kelembapanUdara, kecepatanAngin, arahAngin, recorded_at) VALUES (114, 1, 4.73, 25.6, 0.4, 29.4, 81.4, 15.3, 51.2, '2026-06-22 08:59:58');
INSERT INTO river_sensorReading (id, idNode, tinggiAir, kelembapanTanah, curahHujan, suhuRataRata, kelembapanUdara, kecepatanAngin, arahAngin, recorded_at) VALUES (115, 4, 3.05, 23.5, 39.8, 32.1, 68.8, 10.9, 3.7, '2026-06-22 09:59:58');
INSERT INTO river_sensorReading (id, idNode, tinggiAir, kelembapanTanah, curahHujan, suhuRataRata, kelembapanUdara, kecepatanAngin, arahAngin, recorded_at) VALUES (116, 2, 1.2, 29.2, 12.9, 25.9, 71.3, 9.0, 272.6, '2026-06-22 10:59:58');
INSERT INTO river_sensorReading (id, idNode, tinggiAir, kelembapanTanah, curahHujan, suhuRataRata, kelembapanUdara, kecepatanAngin, arahAngin, recorded_at) VALUES (117, 4, 2.49, 32.5, 1.9, 32.1, 94.6, 2.7, 356.5, '2026-06-22 11:59:58');
INSERT INTO river_sensorReading (id, idNode, tinggiAir, kelembapanTanah, curahHujan, suhuRataRata, kelembapanUdara, kecepatanAngin, arahAngin, recorded_at) VALUES (118, 6, 4.37, 7.6, 8.6, 26.5, 57.8, 5.7, 269.6, '2026-06-22 12:59:58');
INSERT INTO river_sensorReading (id, idNode, tinggiAir, kelembapanTanah, curahHujan, suhuRataRata, kelembapanUdara, kecepatanAngin, arahAngin, recorded_at) VALUES (119, 7, 4.83, 31.5, 40.6, 35.4, 68.1, 4.9, 9.4, '2026-06-22 13:59:58');
INSERT INTO river_sensorReading (id, idNode, tinggiAir, kelembapanTanah, curahHujan, suhuRataRata, kelembapanUdara, kecepatanAngin, arahAngin, recorded_at) VALUES (120, 1, 1.24, 25.8, 2.5, 26.8, 99.0, 1.3, 206.0, '2026-06-22 14:59:58');
INSERT INTO river_sensorReading (id, idNode, tinggiAir, kelembapanTanah, curahHujan, suhuRataRata, kelembapanUdara, kecepatanAngin, arahAngin, recorded_at) VALUES (121, 2, 4.5, 37.1, 6.8, 34.5, 71.1, 2.0, 317.0, '2026-06-22 15:59:58');
INSERT INTO river_sensorReading (id, idNode, tinggiAir, kelembapanTanah, curahHujan, suhuRataRata, kelembapanUdara, kecepatanAngin, arahAngin, recorded_at) VALUES (122, 7, 2.77, 7.2, 51.3, 28.2, 89.1, 16.8, 348.5, '2026-06-22 16:59:58');
INSERT INTO river_sensorReading (id, idNode, tinggiAir, kelembapanTanah, curahHujan, suhuRataRata, kelembapanUdara, kecepatanAngin, arahAngin, recorded_at) VALUES (123, 9, 3.7, 17.0, 35.1, 36.4, 90.4, 2.3, 200.8, '2026-06-22 17:59:58');
INSERT INTO river_sensorReading (id, idNode, tinggiAir, kelembapanTanah, curahHujan, suhuRataRata, kelembapanUdara, kecepatanAngin, arahAngin, recorded_at) VALUES (124, 7, 4.64, 24.3, 12.3, 34.2, 92.7, 17.0, 314.8, '2026-06-22 18:59:58');
INSERT INTO river_sensorReading (id, idNode, tinggiAir, kelembapanTanah, curahHujan, suhuRataRata, kelembapanUdara, kecepatanAngin, arahAngin, recorded_at) VALUES (125, 4, 2.04, 29.2, 22.0, 29.4, 77.6, 0.6, 68.8, '2026-06-22 19:59:58');
INSERT INTO river_sensorReading (id, idNode, tinggiAir, kelembapanTanah, curahHujan, suhuRataRata, kelembapanUdara, kecepatanAngin, arahAngin, recorded_at) VALUES (126, 3, 1.36, 15.6, 25.6, 33.3, 89.4, 2.0, 131.0, '2026-06-22 20:59:58');
INSERT INTO river_sensorReading (id, idNode, tinggiAir, kelembapanTanah, curahHujan, suhuRataRata, kelembapanUdara, kecepatanAngin, arahAngin, recorded_at) VALUES (127, 7, 1.81, 30.7, 45.9, 30.2, 50.4, 9.6, 277.1, '2026-06-22 21:59:58');
INSERT INTO river_sensorReading (id, idNode, tinggiAir, kelembapanTanah, curahHujan, suhuRataRata, kelembapanUdara, kecepatanAngin, arahAngin, recorded_at) VALUES (128, 9, 2.9, 13.7, 40.9, 28.8, 78.3, 16.5, 144.9, '2026-06-22 22:59:58');
INSERT INTO river_sensorReading (id, idNode, tinggiAir, kelembapanTanah, curahHujan, suhuRataRata, kelembapanUdara, kecepatanAngin, arahAngin, recorded_at) VALUES (129, 6, 2.3, 23.2, 22.8, 32.0, 86.5, 5.7, 234.6, '2026-06-22 23:59:58');
INSERT INTO river_sensorReading (id, idNode, tinggiAir, kelembapanTanah, curahHujan, suhuRataRata, kelembapanUdara, kecepatanAngin, arahAngin, recorded_at) VALUES (130, 6, 2.36, 36.9, 16.8, 36.4, 96.3, 16.6, 126.1, '2026-06-23 00:59:58');
INSERT INTO river_sensorReading (id, idNode, tinggiAir, kelembapanTanah, curahHujan, suhuRataRata, kelembapanUdara, kecepatanAngin, arahAngin, recorded_at) VALUES (131, 6, 3.61, 31.9, 16.0, 24.6, 72.0, 18.5, 349.0, '2026-06-23 01:59:58');
INSERT INTO river_sensorReading (id, idNode, tinggiAir, kelembapanTanah, curahHujan, suhuRataRata, kelembapanUdara, kecepatanAngin, arahAngin, recorded_at) VALUES (132, 10, 0.85, 22.3, 3.2, 26.0, 80.6, 12.6, 243.1, '2026-06-23 02:59:58');
INSERT INTO river_sensorReading (id, idNode, tinggiAir, kelembapanTanah, curahHujan, suhuRataRata, kelembapanUdara, kecepatanAngin, arahAngin, recorded_at) VALUES (133, 8, 1.18, 37.0, 33.2, 35.2, 71.3, 2.8, 4.9, '2026-06-23 03:59:58');
INSERT INTO river_sensorReading (id, idNode, tinggiAir, kelembapanTanah, curahHujan, suhuRataRata, kelembapanUdara, kecepatanAngin, arahAngin, recorded_at) VALUES (134, 8, 4.67, 9.4, 2.6, 30.1, 94.5, 19.7, 250.0, '2026-06-23 04:59:58');
INSERT INTO river_sensorReading (id, idNode, tinggiAir, kelembapanTanah, curahHujan, suhuRataRata, kelembapanUdara, kecepatanAngin, arahAngin, recorded_at) VALUES (135, 8, 2.87, 25.9, 0.9, 25.4, 71.4, 10.6, 240.6, '2026-06-23 05:59:58');
INSERT INTO river_sensorReading (id, idNode, tinggiAir, kelembapanTanah, curahHujan, suhuRataRata, kelembapanUdara, kecepatanAngin, arahAngin, recorded_at) VALUES (136, 10, 5.25, 9.3, 13.8, 28.8, 54.5, 9.5, 356.8, '2026-06-23 06:59:58');
INSERT INTO river_sensorReading (id, idNode, tinggiAir, kelembapanTanah, curahHujan, suhuRataRata, kelembapanUdara, kecepatanAngin, arahAngin, recorded_at) VALUES (137, 3, 4.24, 29.3, 7.5, 35.7, 81.0, 9.7, 51.8, '2026-06-23 07:59:58');
INSERT INTO river_sensorReading (id, idNode, tinggiAir, kelembapanTanah, curahHujan, suhuRataRata, kelembapanUdara, kecepatanAngin, arahAngin, recorded_at) VALUES (138, 6, 2.98, 5.4, 3.4, 25.4, 79.7, 20.0, 106.2, '2026-06-23 08:59:58');
INSERT INTO river_sensorReading (id, idNode, tinggiAir, kelembapanTanah, curahHujan, suhuRataRata, kelembapanUdara, kecepatanAngin, arahAngin, recorded_at) VALUES (139, 10, 5.85, 20.9, 31.6, 34.1, 99.4, 8.0, 68.2, '2026-06-23 09:59:58');
INSERT INTO river_sensorReading (id, idNode, tinggiAir, kelembapanTanah, curahHujan, suhuRataRata, kelembapanUdara, kecepatanAngin, arahAngin, recorded_at) VALUES (140, 3, 3.28, 33.4, 21.3, 32.0, 52.3, 15.0, 212.5, '2026-06-23 10:59:58');
INSERT INTO river_sensorReading (id, idNode, tinggiAir, kelembapanTanah, curahHujan, suhuRataRata, kelembapanUdara, kecepatanAngin, arahAngin, recorded_at) VALUES (141, 6, 4.75, 16.0, 20.6, 34.3, 61.8, 5.9, 7.5, '2026-06-23 11:59:58');
INSERT INTO river_sensorReading (id, idNode, tinggiAir, kelembapanTanah, curahHujan, suhuRataRata, kelembapanUdara, kecepatanAngin, arahAngin, recorded_at) VALUES (142, 6, 1.14, 24.8, 26.3, 28.2, 96.5, 16.5, 76.9, '2026-06-23 12:59:58');
INSERT INTO river_sensorReading (id, idNode, tinggiAir, kelembapanTanah, curahHujan, suhuRataRata, kelembapanUdara, kecepatanAngin, arahAngin, recorded_at) VALUES (143, 3, 5.42, 21.5, 42.7, 33.4, 51.4, 18.1, 172.6, '2026-06-23 13:59:58');
INSERT INTO river_sensorReading (id, idNode, tinggiAir, kelembapanTanah, curahHujan, suhuRataRata, kelembapanUdara, kecepatanAngin, arahAngin, recorded_at) VALUES (144, 8, 4.76, 33.6, 2.7, 35.2, 66.5, 11.8, 92.9, '2026-06-23 14:59:58');
INSERT INTO river_sensorReading (id, idNode, tinggiAir, kelembapanTanah, curahHujan, suhuRataRata, kelembapanUdara, kecepatanAngin, arahAngin, recorded_at) VALUES (145, 8, 3.1, 9.1, 22.3, 35.9, 78.0, 17.3, 62.8, '2026-06-23 15:59:58');
INSERT INTO river_sensorReading (id, idNode, tinggiAir, kelembapanTanah, curahHujan, suhuRataRata, kelembapanUdara, kecepatanAngin, arahAngin, recorded_at) VALUES (146, 3, 5.0, 18.0, 40.8, 35.9, 83.8, 0.9, 140.5, '2026-06-23 16:59:58');
INSERT INTO river_sensorReading (id, idNode, tinggiAir, kelembapanTanah, curahHujan, suhuRataRata, kelembapanUdara, kecepatanAngin, arahAngin, recorded_at) VALUES (147, 8, 6.36, 39.6, 21.9, 31.6, 83.8, 10.1, 90.3, '2026-06-23 17:59:58');
INSERT INTO river_sensorReading (id, idNode, tinggiAir, kelembapanTanah, curahHujan, suhuRataRata, kelembapanUdara, kecepatanAngin, arahAngin, recorded_at) VALUES (148, 4, 0.72, 9.9, 18.0, 23.9, 54.2, 6.8, 89.9, '2026-06-23 18:59:58');
INSERT INTO river_sensorReading (id, idNode, tinggiAir, kelembapanTanah, curahHujan, suhuRataRata, kelembapanUdara, kecepatanAngin, arahAngin, recorded_at) VALUES (149, 9, 0.91, 30.6, 19.1, 26.4, 64.1, 6.0, 31.4, '2026-06-23 19:59:58');
INSERT INTO river_sensorReading (id, idNode, tinggiAir, kelembapanTanah, curahHujan, suhuRataRata, kelembapanUdara, kecepatanAngin, arahAngin, recorded_at) VALUES (150, 6, 5.67, 19.1, 39.1, 23.4, 70.3, 4.8, 105.6, '2026-06-23 20:59:58');
INSERT INTO river_sensorReading (id, idNode, tinggiAir, kelembapanTanah, curahHujan, suhuRataRata, kelembapanUdara, kecepatanAngin, arahAngin, recorded_at) VALUES (151, 7, 2.39, 33.0, 11.1, 25.8, 99.2, 10.4, 283.2, '2026-06-23 21:59:58');
INSERT INTO river_sensorReading (id, idNode, tinggiAir, kelembapanTanah, curahHujan, suhuRataRata, kelembapanUdara, kecepatanAngin, arahAngin, recorded_at) VALUES (152, 4, 0.83, 30.9, 7.1, 29.1, 63.1, 15.6, 346.6, '2026-06-23 22:59:58');
INSERT INTO river_sensorReading (id, idNode, tinggiAir, kelembapanTanah, curahHujan, suhuRataRata, kelembapanUdara, kecepatanAngin, arahAngin, recorded_at) VALUES (153, 3, 0.71, 36.0, 0.2, 30.6, 96.3, 10.9, 323.2, '2026-06-23 23:59:58');
INSERT INTO river_sensorReading (id, idNode, tinggiAir, kelembapanTanah, curahHujan, suhuRataRata, kelembapanUdara, kecepatanAngin, arahAngin, recorded_at) VALUES (154, 7, 3.06, 20.4, 35.1, 32.8, 69.5, 6.0, 260.1, '2026-06-24 00:59:58');
INSERT INTO river_sensorReading (id, idNode, tinggiAir, kelembapanTanah, curahHujan, suhuRataRata, kelembapanUdara, kecepatanAngin, arahAngin, recorded_at) VALUES (155, 6, 2.25, 12.2, 30.1, 25.9, 72.4, 14.6, 283.3, '2026-06-24 01:59:58');
INSERT INTO river_sensorReading (id, idNode, tinggiAir, kelembapanTanah, curahHujan, suhuRataRata, kelembapanUdara, kecepatanAngin, arahAngin, recorded_at) VALUES (156, 8, 4.98, 11.2, 43.6, 31.1, 66.8, 14.4, 138.0, '2026-06-24 02:59:58');
INSERT INTO river_sensorReading (id, idNode, tinggiAir, kelembapanTanah, curahHujan, suhuRataRata, kelembapanUdara, kecepatanAngin, arahAngin, recorded_at) VALUES (157, 5, 6.23, 7.6, 38.0, 32.5, 72.2, 4.0, 310.8, '2026-06-24 03:59:58');
INSERT INTO river_sensorReading (id, idNode, tinggiAir, kelembapanTanah, curahHujan, suhuRataRata, kelembapanUdara, kecepatanAngin, arahAngin, recorded_at) VALUES (158, 9, 4.48, 5.8, 14.3, 25.4, 71.1, 15.3, 249.4, '2026-06-24 04:59:58');
INSERT INTO river_sensorReading (id, idNode, tinggiAir, kelembapanTanah, curahHujan, suhuRataRata, kelembapanUdara, kecepatanAngin, arahAngin, recorded_at) VALUES (159, 6, 4.27, 12.7, 20.3, 30.6, 96.8, 9.9, 252.2, '2026-06-24 05:59:58');
INSERT INTO river_sensorReading (id, idNode, tinggiAir, kelembapanTanah, curahHujan, suhuRataRata, kelembapanUdara, kecepatanAngin, arahAngin, recorded_at) VALUES (160, 1, 2.03, 39.4, 21.9, 28.9, 56.8, 19.7, 290.5, '2026-06-24 06:59:58');
INSERT INTO river_sensorReading (id, idNode, tinggiAir, kelembapanTanah, curahHujan, suhuRataRata, kelembapanUdara, kecepatanAngin, arahAngin, recorded_at) VALUES (161, 10, 6.17, 29.7, 5.8, 35.8, 59.9, 19.8, 253.9, '2026-06-24 07:59:58');
INSERT INTO river_sensorReading (id, idNode, tinggiAir, kelembapanTanah, curahHujan, suhuRataRata, kelembapanUdara, kecepatanAngin, arahAngin, recorded_at) VALUES (162, 7, 3.64, 23.3, 32.8, 24.0, 72.6, 7.8, 196.1, '2026-06-24 08:59:58');
INSERT INTO river_sensorReading (id, idNode, tinggiAir, kelembapanTanah, curahHujan, suhuRataRata, kelembapanUdara, kecepatanAngin, arahAngin, recorded_at) VALUES (163, 5, 4.85, 10.6, 20.7, 29.1, 65.8, 1.0, 263.0, '2026-06-24 09:59:58');
INSERT INTO river_sensorReading (id, idNode, tinggiAir, kelembapanTanah, curahHujan, suhuRataRata, kelembapanUdara, kecepatanAngin, arahAngin, recorded_at) VALUES (164, 2, 1.5, 22.2, 49.8, 34.5, 88.5, 19.2, 58.8, '2026-06-24 10:59:58');
INSERT INTO river_sensorReading (id, idNode, tinggiAir, kelembapanTanah, curahHujan, suhuRataRata, kelembapanUdara, kecepatanAngin, arahAngin, recorded_at) VALUES (165, 6, 5.34, 25.1, 13.5, 31.6, 77.1, 18.3, 163.5, '2026-06-24 11:59:58');
INSERT INTO river_sensorReading (id, idNode, tinggiAir, kelembapanTanah, curahHujan, suhuRataRata, kelembapanUdara, kecepatanAngin, arahAngin, recorded_at) VALUES (166, 8, 1.46, 34.9, 46.6, 36.3, 82.6, 10.3, 37.3, '2026-06-24 12:59:58');
INSERT INTO river_sensorReading (id, idNode, tinggiAir, kelembapanTanah, curahHujan, suhuRataRata, kelembapanUdara, kecepatanAngin, arahAngin, recorded_at) VALUES (167, 5, 0.91, 12.9, 9.7, 30.1, 55.5, 2.5, 85.4, '2026-06-24 13:59:58');
INSERT INTO river_sensorReading (id, idNode, tinggiAir, kelembapanTanah, curahHujan, suhuRataRata, kelembapanUdara, kecepatanAngin, arahAngin, recorded_at) VALUES (168, 8, 3.37, 8.9, 11.6, 28.4, 95.7, 5.9, 283.2, '2026-06-24 14:59:58');
INSERT INTO river_sensorReading (id, idNode, tinggiAir, kelembapanTanah, curahHujan, suhuRataRata, kelembapanUdara, kecepatanAngin, arahAngin, recorded_at) VALUES (169, 5, 5.35, 36.9, 43.5, 26.6, 71.8, 15.5, 108.6, '2026-06-24 15:59:58');
INSERT INTO river_sensorReading (id, idNode, tinggiAir, kelembapanTanah, curahHujan, suhuRataRata, kelembapanUdara, kecepatanAngin, arahAngin, recorded_at) VALUES (170, 10, 3.54, 23.7, 50.8, 27.7, 89.3, 13.9, 53.1, '2026-06-24 16:59:58');
INSERT INTO river_sensorReading (id, idNode, tinggiAir, kelembapanTanah, curahHujan, suhuRataRata, kelembapanUdara, kecepatanAngin, arahAngin, recorded_at) VALUES (171, 10, 1.77, 17.6, 11.5, 26.8, 57.3, 13.9, 336.1, '2026-06-24 17:59:58');
INSERT INTO river_sensorReading (id, idNode, tinggiAir, kelembapanTanah, curahHujan, suhuRataRata, kelembapanUdara, kecepatanAngin, arahAngin, recorded_at) VALUES (172, 7, 0.78, 22.1, 0.4, 25.0, 99.9, 15.2, 235.5, '2026-06-24 18:59:58');
INSERT INTO river_sensorReading (id, idNode, tinggiAir, kelembapanTanah, curahHujan, suhuRataRata, kelembapanUdara, kecepatanAngin, arahAngin, recorded_at) VALUES (173, 3, 4.87, 25.1, 30.8, 35.9, 77.8, 9.3, 343.2, '2026-06-24 19:59:58');
INSERT INTO river_sensorReading (id, idNode, tinggiAir, kelembapanTanah, curahHujan, suhuRataRata, kelembapanUdara, kecepatanAngin, arahAngin, recorded_at) VALUES (174, 5, 4.25, 18.7, 45.6, 30.5, 68.0, 2.2, 170.2, '2026-06-24 20:59:58');
INSERT INTO river_sensorReading (id, idNode, tinggiAir, kelembapanTanah, curahHujan, suhuRataRata, kelembapanUdara, kecepatanAngin, arahAngin, recorded_at) VALUES (175, 10, 0.85, 7.2, 44.0, 25.3, 56.1, 3.4, 241.0, '2026-06-24 21:59:58');
INSERT INTO river_sensorReading (id, idNode, tinggiAir, kelembapanTanah, curahHujan, suhuRataRata, kelembapanUdara, kecepatanAngin, arahAngin, recorded_at) VALUES (176, 10, 2.37, 37.0, 10.3, 25.1, 90.5, 1.1, 49.1, '2026-06-24 22:59:58');
INSERT INTO river_sensorReading (id, idNode, tinggiAir, kelembapanTanah, curahHujan, suhuRataRata, kelembapanUdara, kecepatanAngin, arahAngin, recorded_at) VALUES (177, 9, 4.57, 29.4, 34.3, 28.9, 85.6, 7.6, 203.6, '2026-06-24 23:59:58');
INSERT INTO river_sensorReading (id, idNode, tinggiAir, kelembapanTanah, curahHujan, suhuRataRata, kelembapanUdara, kecepatanAngin, arahAngin, recorded_at) VALUES (178, 9, 1.6, 25.2, 15.2, 27.1, 98.9, 13.2, 136.6, '2026-06-25 00:59:58');
INSERT INTO river_sensorReading (id, idNode, tinggiAir, kelembapanTanah, curahHujan, suhuRataRata, kelembapanUdara, kecepatanAngin, arahAngin, recorded_at) VALUES (179, 10, 4.78, 20.4, 35.4, 25.6, 56.9, 6.9, 161.8, '2026-06-25 01:59:58');
INSERT INTO river_sensorReading (id, idNode, tinggiAir, kelembapanTanah, curahHujan, suhuRataRata, kelembapanUdara, kecepatanAngin, arahAngin, recorded_at) VALUES (180, 5, 0.59, 35.5, 34.1, 24.4, 99.9, 12.8, 330.1, '2026-06-25 02:59:58');
INSERT INTO river_sensorReading (id, idNode, tinggiAir, kelembapanTanah, curahHujan, suhuRataRata, kelembapanUdara, kecepatanAngin, arahAngin, recorded_at) VALUES (181, 3, 5.3, 17.4, 32.2, 28.5, 78.7, 15.5, 333.4, '2026-06-25 03:59:58');
INSERT INTO river_sensorReading (id, idNode, tinggiAir, kelembapanTanah, curahHujan, suhuRataRata, kelembapanUdara, kecepatanAngin, arahAngin, recorded_at) VALUES (182, 3, 3.31, 30.3, 37.1, 28.3, 93.5, 0.2, 170.9, '2026-06-25 04:59:58');
INSERT INTO river_sensorReading (id, idNode, tinggiAir, kelembapanTanah, curahHujan, suhuRataRata, kelembapanUdara, kecepatanAngin, arahAngin, recorded_at) VALUES (183, 3, 4.24, 5.5, 17.3, 26.4, 97.5, 14.3, 352.8, '2026-06-25 05:59:58');
INSERT INTO river_sensorReading (id, idNode, tinggiAir, kelembapanTanah, curahHujan, suhuRataRata, kelembapanUdara, kecepatanAngin, arahAngin, recorded_at) VALUES (184, 1, 3.12, 23.3, 49.0, 29.9, 73.7, 12.3, 353.6, '2026-06-25 06:59:58');
INSERT INTO river_sensorReading (id, idNode, tinggiAir, kelembapanTanah, curahHujan, suhuRataRata, kelembapanUdara, kecepatanAngin, arahAngin, recorded_at) VALUES (185, 8, 1.86, 19.7, 39.6, 30.2, 79.3, 6.7, 26.0, '2026-06-25 07:59:58');
INSERT INTO river_sensorReading (id, idNode, tinggiAir, kelembapanTanah, curahHujan, suhuRataRata, kelembapanUdara, kecepatanAngin, arahAngin, recorded_at) VALUES (186, 4, 4.81, 10.6, 20.0, 33.0, 90.1, 4.7, 292.1, '2026-06-25 08:59:58');
INSERT INTO river_sensorReading (id, idNode, tinggiAir, kelembapanTanah, curahHujan, suhuRataRata, kelembapanUdara, kecepatanAngin, arahAngin, recorded_at) VALUES (187, 3, 2.36, 14.6, 30.5, 25.0, 92.8, 16.1, 0.8, '2026-06-25 09:59:58');
INSERT INTO river_sensorReading (id, idNode, tinggiAir, kelembapanTanah, curahHujan, suhuRataRata, kelembapanUdara, kecepatanAngin, arahAngin, recorded_at) VALUES (188, 2, 1.42, 28.4, 37.8, 27.6, 51.6, 1.2, 140.9, '2026-06-25 10:59:58');
INSERT INTO river_sensorReading (id, idNode, tinggiAir, kelembapanTanah, curahHujan, suhuRataRata, kelembapanUdara, kecepatanAngin, arahAngin, recorded_at) VALUES (189, 3, 5.92, 17.4, 0.3, 29.9, 90.3, 18.8, 210.6, '2026-06-25 11:59:58');
INSERT INTO river_sensorReading (id, idNode, tinggiAir, kelembapanTanah, curahHujan, suhuRataRata, kelembapanUdara, kecepatanAngin, arahAngin, recorded_at) VALUES (190, 8, 3.71, 15.7, 29.9, 24.3, 89.8, 8.5, 118.7, '2026-06-25 12:59:58');
INSERT INTO river_sensorReading (id, idNode, tinggiAir, kelembapanTanah, curahHujan, suhuRataRata, kelembapanUdara, kecepatanAngin, arahAngin, recorded_at) VALUES (191, 5, 3.96, 27.9, 4.2, 36.4, 86.2, 17.7, 79.8, '2026-06-25 13:59:58');
INSERT INTO river_sensorReading (id, idNode, tinggiAir, kelembapanTanah, curahHujan, suhuRataRata, kelembapanUdara, kecepatanAngin, arahAngin, recorded_at) VALUES (192, 9, 2.83, 32.7, 47.1, 29.9, 71.8, 7.0, 215.6, '2026-06-25 14:59:58');
INSERT INTO river_sensorReading (id, idNode, tinggiAir, kelembapanTanah, curahHujan, suhuRataRata, kelembapanUdara, kecepatanAngin, arahAngin, recorded_at) VALUES (193, 8, 2.95, 37.2, 33.2, 31.5, 75.4, 17.3, 33.3, '2026-06-25 15:59:58');
INSERT INTO river_sensorReading (id, idNode, tinggiAir, kelembapanTanah, curahHujan, suhuRataRata, kelembapanUdara, kecepatanAngin, arahAngin, recorded_at) VALUES (194, 4, 5.5, 28.6, 38.4, 35.0, 64.9, 17.4, 30.7, '2026-06-25 16:59:58');
INSERT INTO river_sensorReading (id, idNode, tinggiAir, kelembapanTanah, curahHujan, suhuRataRata, kelembapanUdara, kecepatanAngin, arahAngin, recorded_at) VALUES (195, 4, 5.92, 6.5, 9.9, 34.8, 50.8, 11.8, 289.2, '2026-06-25 17:59:58');
INSERT INTO river_sensorReading (id, idNode, tinggiAir, kelembapanTanah, curahHujan, suhuRataRata, kelembapanUdara, kecepatanAngin, arahAngin, recorded_at) VALUES (196, 3, 4.8, 12.2, 36.3, 25.5, 91.1, 17.8, 137.4, '2026-06-25 18:59:58');
INSERT INTO river_sensorReading (id, idNode, tinggiAir, kelembapanTanah, curahHujan, suhuRataRata, kelembapanUdara, kecepatanAngin, arahAngin, recorded_at) VALUES (197, 9, 2.94, 11.9, 31.3, 30.2, 65.0, 10.0, 216.7, '2026-06-25 19:59:58');
INSERT INTO river_sensorReading (id, idNode, tinggiAir, kelembapanTanah, curahHujan, suhuRataRata, kelembapanUdara, kecepatanAngin, arahAngin, recorded_at) VALUES (198, 4, 1.56, 22.4, 21.9, 35.0, 96.5, 7.9, 89.9, '2026-06-25 20:59:58');
INSERT INTO river_sensorReading (id, idNode, tinggiAir, kelembapanTanah, curahHujan, suhuRataRata, kelembapanUdara, kecepatanAngin, arahAngin, recorded_at) VALUES (199, 4, 3.29, 39.7, 28.4, 29.0, 84.1, 16.2, 9.7, '2026-06-25 21:59:58');
INSERT INTO river_sensorReading (id, idNode, tinggiAir, kelembapanTanah, curahHujan, suhuRataRata, kelembapanUdara, kecepatanAngin, arahAngin, recorded_at) VALUES (200, 3, 2.68, 35.7, 14.2, 35.5, 59.6, 8.6, 134.3, '2026-06-25 22:59:58');

